fieldName,planPage,runtimePageId,source,historicalSeedTypeInPlan,currentContractType,currentContractMaxLength,mappingResolutionInPlan,observedControlIds,liveSnapshotStates,runtimeBindingStatuses,planSelectorDrifts,repeatGroup,warnings,reconciliationStatus,officialVerification,provisionalClassification
marital_status_other_explain,Personal Information 1,personal_information_1,"[""extended""]",text,textarea,4000,unresolved,"[""ctl00_SiteContentPlaceHolder_FormView1_tbxOtherMaritalStatus""]","[{""state"":""personal1-restored"",""observedAt"":""2026-09-22T16:59:44.839Z"",""controlCount"":25},{""state"":""personal1-marital-other"",""observedAt"":""2026-09-22T17:00:21.945Z"",""controlCount"":26},{""state"":""personal1-alias-yes"",""observedAt"":""2026-09-22T17:01:00.691Z"",""controlCount"":28},{""state"":""personal1-alias-marital-empty-validation"",""observedAt"":""2026-09-22T17:01:31.964Z"",""controlCount"":28},{""state"":""personal2-after-validated-personal1"",""observedAt"":""2026-09-22T17:02:09.075Z"",""controlCount"":28},{""state"":""personal-marital-partner"",""observedAt"":""2026-09-22T17:21:00.345Z"",""controlCount"":27},{""state"":""personal-married"",""observedAt"":""2026-09-22T17:23:33.176Z"",""controlCount"":27},{""state"":""personal-widowed"",""observedAt"":""2026-09-22T17:25:25.803Z"",""controlCount"":27},{""state"":""personal-divorced"",""observedAt"":""2026-09-22T17:26:44.154Z"",""controlCount"":27}]","[""single_direct_id_selector_candidate""]","[{""code"":""plan_selector_differs_from_runtime_selector"",""mappingKey"":""marital_status_other_explain"",""proven"":true}]",,[],finalized_runtime_selector_reconciliation,false,direct_id_candidate
other_given_names,Personal Information 1,personal_information_1,"[""extended""]",text,text,,unproven_mapping,"[""ctl00_SiteContentPlaceHolder_FormView1_DListAlias_ctl00_tbxGIVEN_NAME""]","[{""state"":""personal1-restored"",""observedAt"":""2026-09-22T16:59:44.839Z"",""controlCount"":25},{""state"":""personal1-marital-other"",""observedAt"":""2026-09-22T17:00:21.945Z"",""controlCount"":26},{""state"":""personal1-alias-yes"",""observedAt"":""2026-09-22T17:01:00.691Z"",""controlCount"":28},{""state"":""personal1-alias-marital-empty-validation"",""observedAt"":""2026-09-22T17:01:31.964Z"",""controlCount"":28},{""state"":""personal2-after-validated-personal1"",""observedAt"":""2026-09-22T17:02:09.075Z"",""controlCount"":28},{""state"":""personal-marital-partner"",""observedAt"":""2026-09-22T17:21:00.345Z"",""controlCount"":27},{""state"":""personal-married"",""observedAt"":""2026-09-22T17:23:33.176Z"",""controlCount"":27},{""state"":""personal-widowed"",""observedAt"":""2026-09-22T17:25:25.803Z"",""controlCount"":27},{""state"":""personal-divorced"",""observedAt"":""2026-09-22T17:26:44.154Z"",""controlCount"":27}]","[""single_direct_id_selector_candidate""]","[{""code"":""plan_selector_differs_from_runtime_selector"",""mappingKey"":""other_given_names"",""proven"":true}]",,[],finalized_runtime_selector_reconciliation,false,direct_id_candidate
other_surname,Personal Information 1,personal_information_1,"[""extended""]",text,text,,unproven_mapping,"[""ctl00_SiteContentPlaceHolder_FormView1_DListAlias_ctl00_tbxSURNAME""]","[{""state"":""personal1-restored"",""observedAt"":""2026-09-22T16:59:44.839Z"",""controlCount"":25},{""state"":""personal1-marital-other"",""observedAt"":""2026-09-22T17:00:21.945Z"",""controlCount"":26},{""state"":""personal1-alias-yes"",""observedAt"":""2026-09-22T17:01:00.691Z"",""controlCount"":28},{""state"":""personal1-alias-marital-empty-validation"",""observedAt"":""2026-09-22T17:01:31.964Z"",""controlCount"":28},{""state"":""personal2-after-validated-personal1"",""observedAt"":""2026-09-22T17:02:09.075Z"",""controlCount"":28},{""state"":""personal-marital-partner"",""observedAt"":""2026-09-22T17:21:00.345Z"",""controlCount"":27},{""state"":""personal-married"",""observedAt"":""2026-09-22T17:23:33.176Z"",""controlCount"":27},{""state"":""personal-widowed"",""observedAt"":""2026-09-22T17:25:25.803Z"",""controlCount"":27},{""state"":""personal-divorced"",""observedAt"":""2026-09-22T17:26:44.154Z"",""controlCount"":27}]","[""single_direct_id_selector_candidate""]","[{""code"":""plan_selector_differs_from_runtime_selector"",""mappingKey"":""other_surname"",""proven"":true}]",,[],finalized_runtime_selector_reconciliation,false,direct_id_candidate
consular_post,Personal Information 1,start_page,"[""start-page-location""]",select,select,,unproven_mapping,"[""ctl00_SiteContentPlaceHolder_ucLocation_ddlLocation""]","[{""state"":""start-location-selector"",""observedAt"":""2026-09-22T18:50:56.781Z"",""controlCount"":28}]","[""single_direct_id_selector_candidate""]",[],,[],finalized_runtime_selector_reconciliation,false,direct_id_candidate
other_nationality_country,Personal Information 2,personal_information_2,"[""extended""]",select,select,,unproven_mapping,"[""ctl00_SiteContentPlaceHolder_FormView1_dtlOTHER_NATL_ctl00_ddlOTHER_NATL""]","[{""state"":""personal2-after-explanation-keyboard-accepted"",""observedAt"":""2026-09-22T17:03:02.235Z"",""controlCount"":17},{""state"":""personal2-other-nationality-yes"",""observedAt"":""2026-09-22T17:03:42.658Z"",""controlCount"":20},{""state"":""personal2-other-passport-yes"",""observedAt"":""2026-09-22T17:04:14.622Z"",""controlCount"":21},{""state"":""personal2-other-permanent-residence-yes"",""observedAt"":""2026-09-22T17:04:56.363Z"",""controlCount"":22},{""state"":""personal-married-for-date-writeback"",""observedAt"":""2026-09-22T18:05:14.711Z"",""controlCount"":17}]","[""single_direct_id_selector_candidate""]","[{""code"":""plan_selector_differs_from_runtime_selector"",""mappingKey"":""other_nationality_country"",""proven"":true}]",other_nationality,"[{""code"":""repeat_dom_controls_unverified_in_static_contract"",""repeatGroup"":""other_nationality"",""proven"":true,""detail"":""Static row/add/remove selectors are unset and marked unverified; current DOM discovery is required.""}]",finalized_runtime_selector_reconciliation,false,direct_id_candidate
other_nationality_passport_number,Personal Information 2,personal_information_2,"[""extended""]",text,text,,unproven_mapping,"[""ctl00_SiteContentPlaceHolder_FormView1_dtlOTHER_NATL_ctl00_tbxOTHER_PPT_NUM""]","[{""state"":""personal2-after-explanation-keyboard-accepted"",""observedAt"":""2026-09-22T17:03:02.235Z"",""controlCount"":17},{""state"":""personal2-other-nationality-yes"",""observedAt"":""2026-09-22T17:03:42.658Z"",""controlCount"":20},{""state"":""personal2-other-passport-yes"",""observedAt"":""2026-09-22T17:04:14.622Z"",""controlCount"":21},{""state"":""personal2-other-permanent-residence-yes"",""observedAt"":""2026-09-22T17:04:56.363Z"",""controlCount"":22},{""state"":""personal-married-for-date-writeback"",""observedAt"":""2026-09-22T18:05:14.711Z"",""controlCount"":17}]","[""single_direct_id_selector_candidate""]","[{""code"":""plan_selector_differs_from_runtime_selector"",""mappingKey"":""other_nationality_passport_number"",""proven"":true}]",other_nationality,"[{""code"":""repeat_dom_controls_unverified_in_static_contract"",""repeatGroup"":""other_nationality"",""proven"":true,""detail"":""Static row/add/remove selectors are unset and marked unverified; current DOM discovery is required.""}]",finalized_runtime_selector_reconciliation,false,direct_id_candidate
other_permanent_resident_country,Personal Information 2,personal_information_2,"[""extended""]",select,select,,unproven_mapping,"[""ctl00_SiteContentPlaceHolder_FormView1_dtlOthPermResCntry_ctl00_ddlOthPermResCntry""]","[{""state"":""personal2-after-explanation-keyboard-accepted"",""observedAt"":""2026-09-22T17:03:02.235Z"",""controlCount"":17},{""state"":""personal2-other-nationality-yes"",""observedAt"":""2026-09-22T17:03:42.658Z"",""controlCount"":20},{""state"":""personal2-other-passport-yes"",""observedAt"":""2026-09-22T17:04:14.622Z"",""controlCount"":21},{""state"":""personal2-other-permanent-residence-yes"",""observedAt"":""2026-09-22T17:04:56.363Z"",""controlCount"":22},{""state"":""personal-married-for-date-writeback"",""observedAt"":""2026-09-22T18:05:14.711Z"",""controlCount"":17}]","[""single_direct_id_selector_candidate""]","[{""code"":""plan_selector_differs_from_runtime_selector"",""mappingKey"":""other_permanent_resident_country"",""proven"":true}]",permanent_resident,"[{""code"":""repeat_dom_controls_unverified_in_static_contract"",""repeatGroup"":""permanent_resident"",""proven"":true,""detail"":""Static row/add/remove selectors are unset and marked unverified; current DOM discovery is required.""}]",finalized_runtime_selector_reconciliation,false,direct_id_candidate
other_nationality_has_passport,Personal Information 2,personal_information_2,"[""extended""]",radio,radio,,unproven_mapping,"[""ctl00_SiteContentPlaceHolder_FormView1_dtlOTHER_NATL_ctl00_rblOTHER_PPT_IND_0"",""ctl00_SiteContentPlaceHolder_FormView1_dtlOTHER_NATL_ctl00_rblOTHER_PPT_IND_1""]","[{""state"":""personal2-after-explanation-keyboard-accepted"",""observedAt"":""2026-09-22T17:03:02.235Z"",""controlCount"":17},{""state"":""personal2-other-nationality-yes"",""observedAt"":""2026-09-22T17:03:42.658Z"",""controlCount"":20},{""state"":""personal2-other-passport-yes"",""observedAt"":""2026-09-22T17:04:14.622Z"",""controlCount"":21},{""state"":""personal2-other-permanent-residence-yes"",""observedAt"":""2026-09-22T17:04:56.363Z"",""controlCount"":22},{""state"":""personal-married-for-date-writeback"",""observedAt"":""2026-09-22T18:05:14.711Z"",""controlCount"":17}]","[""ambiguous_direct_id_selector_candidates""]","[{""code"":""plan_selector_differs_from_runtime_selector"",""mappingKey"":""other_nationality_has_passport"",""proven"":true}]",other_nationality,"[{""code"":""repeat_dom_controls_unverified_in_static_contract"",""repeatGroup"":""other_nationality"",""proven"":true,""detail"":""Static row/add/remove selectors are unset and marked unverified; current DOM discovery is required.""}]",finalized_runtime_selector_reconciliation,false,ambiguous_direct_id_selector_candidate
departure_date,Travel Information,travel_information,"[""base"",""base"",""base""]",date,date,,unproven_mapping,"[""ctl00_SiteContentPlaceHolder_FormView1_ddlDEPARTURE_US_DTEDay"",""ctl00_SiteContentPlaceHolder_FormView1_ddlDEPARTURE_US_DTEMonth"",""ctl00_SiteContentPlaceHolder_FormView1_tbxDEPARTURE_US_DTEYear""]","[{""state"":""travel-restored"",""observedAt"":""2026-09-22T17:09:07.769Z"",""controlCount"":24},{""state"":""travel-specific-yes"",""observedAt"":""2026-09-22T17:09:37.687Z"",""controlCount"":30},{""state"":""travel-payer-other-person"",""observedAt"":""2026-09-22T17:13:10.497Z"",""controlCount"":39},{""state"":""travel-payer-other-address"",""observedAt"":""2026-09-22T17:13:39.525Z"",""controlCount"":47},{""state"":""travel-payer-company"",""observedAt"":""2026-09-22T17:13:57.524Z"",""controlCount"":41},{""state"":""payer-person-required-server-validation"",""observedAt"":""2026-09-22T17:58:57.321Z"",""controlCount"":39},{""state"":""payer-company-required-server-validation"",""observedAt"":""2026-09-22T17:59:17.312Z"",""controlCount"":41},{""state"":""payer-company-phone-filled-server-validation"",""observedAt"":""2026-09-22T17:59:42.484Z"",""controlCount"":41},{""state"":""payer-person-phone-preserved-server-validation"",""observedAt"":""2026-09-22T18:02:35.646Z"",""controlCount"":39},{""state"":""payer-person-phone-filled-server-validation"",""observedAt"":""2026-09-22T18:02:52.905Z"",""controlCount"":39}]","[""single_direct_id_selector_candidate"",""single_direct_id_selector_candidate"",""single_direct_id_selector_candidate""]",[],,[],finalized_runtime_selector_reconciliation,false,direct_id_candidate
payer_address_city,Travel Information,travel_information,"[""extended""]",text,text,,unproven_mapping,"[""ctl00_SiteContentPlaceHolder_FormView1_tbxCity"",""ctl00_SiteContentPlaceHolder_FormView1_tbxPayerCity""]","[{""state"":""travel-restored"",""observedAt"":""2026-09-22T17:09:07.769Z"",""controlCount"":24},{""state"":""travel-specific-yes"",""observedAt"":""2026-09-22T17:09:37.687Z"",""controlCount"":30},{""state"":""travel-payer-other-person"",""observedAt"":""2026-09-22T17:13:10.497Z"",""controlCount"":39},{""state"":""travel-payer-other-address"",""observedAt"":""2026-09-22T17:13:39.525Z"",""controlCount"":47},{""state"":""travel-payer-company"",""observedAt"":""2026-09-22T17:13:57.524Z"",""controlCount"":41},{""state"":""payer-person-required-server-validation"",""observedAt"":""2026-09-22T17:58:57.321Z"",""controlCount"":39},{""state"":""payer-company-required-server-validation"",""observedAt"":""2026-09-22T17:59:17.312Z"",""controlCount"":41},{""state"":""payer-company-phone-filled-server-validation"",""observedAt"":""2026-09-22T17:59:42.484Z"",""controlCount"":41},{""state"":""payer-person-phone-preserved-server-validation"",""observedAt"":""2026-09-22T18:02:35.646Z"",""controlCount"":39},{""state"":""payer-person-phone-filled-server-validation"",""observedAt"":""2026-09-22T18:02:52.905Z"",""controlCount"":39}]","[""single_direct_id_selector_candidate""]","[{""code"":""plan_selector_differs_from_runtime_selector"",""mappingKey"":""payer_address_city"",""proven"":true}]",,[],finalized_runtime_selector_reconciliation,false,direct_id_candidate
payer_address_street1,Travel Information,travel_information,"[""extended""]",text,text,,unproven_mapping,"[""ctl00_SiteContentPlaceHolder_FormView1_tbxStreetAddress1"",""ctl00_SiteContentPlaceHolder_FormView1_tbxPayerStreetAddress1""]","[{""state"":""travel-restored"",""observedAt"":""2026-09-22T17:09:07.769Z"",""controlCount"":24},{""state"":""travel-specific-yes"",""observedAt"":""2026-09-22T17:09:37.687Z"",""controlCount"":30},{""state"":""travel-payer-other-person"",""observedAt"":""2026-09-22T17:13:10.497Z"",""controlCount"":39},{""state"":""travel-payer-other-address"",""observedAt"":""2026-09-22T17:13:39.525Z"",""controlCount"":47},{""state"":""travel-payer-company"",""observedAt"":""2026-09-22T17:13:57.524Z"",""controlCount"":41},{""state"":""payer-person-required-server-validation"",""observedAt"":""2026-09-22T17:58:57.321Z"",""controlCount"":39},{""state"":""payer-company-required-server-validation"",""observedAt"":""2026-09-22T17:59:17.312Z"",""controlCount"":41},{""state"":""payer-company-phone-filled-server-validation"",""observedAt"":""2026-09-22T17:59:42.484Z"",""controlCount"":41},{""state"":""payer-person-phone-preserved-server-validation"",""observedAt"":""2026-09-22T18:02:35.646Z"",""controlCount"":39},{""state"":""payer-person-phone-filled-server-validation"",""observedAt"":""2026-09-22T18:02:52.905Z"",""controlCount"":39}]","[""single_direct_id_selector_candidate""]","[{""code"":""plan_selector_differs_from_runtime_selector"",""mappingKey"":""payer_address_street1"",""proven"":true}]",,[],finalized_runtime_selector_reconciliation,false,direct_id_candidate
payer_address_street2,Travel Information,travel_information,"[""extended""]",text,text,,unproven_mapping,"[""ctl00_SiteContentPlaceHolder_FormView1_tbxStreetAddress2"",""ctl00_SiteContentPlaceHolder_FormView1_tbxPayerStreetAddress2""]","[{""state"":""travel-restored"",""observedAt"":""2026-09-22T17:09:07.769Z"",""controlCount"":24},{""state"":""travel-specific-yes"",""observedAt"":""2026-09-22T17:09:37.687Z"",""controlCount"":30},{""state"":""travel-payer-other-person"",""observedAt"":""2026-09-22T17:13:10.497Z"",""controlCount"":39},{""state"":""travel-payer-other-address"",""observedAt"":""2026-09-22T17:13:39.525Z"",""controlCount"":47},{""state"":""travel-payer-company"",""observedAt"":""2026-09-22T17:13:57.524Z"",""controlCount"":41},{""state"":""payer-person-required-server-validation"",""observedAt"":""2026-09-22T17:58:57.321Z"",""controlCount"":39},{""state"":""payer-company-required-server-validation"",""observedAt"":""2026-09-22T17:59:17.312Z"",""controlCount"":41},{""state"":""payer-company-phone-filled-server-validation"",""observedAt"":""2026-09-22T17:59:42.484Z"",""controlCount"":41},{""state"":""payer-person-phone-preserved-server-validation"",""observedAt"":""2026-09-22T18:02:35.646Z"",""controlCount"":39},{""state"":""payer-person-phone-filled-server-validation"",""observedAt"":""2026-09-22T18:02:52.905Z"",""controlCount"":39}]","[""single_direct_id_selector_candidate""]","[{""code"":""plan_selector_differs_from_runtime_selector"",""mappingKey"":""payer_address_street2"",""proven"":true}]",,[],finalized_runtime_selector_reconciliation,false,direct_id_candidate
payer_org_address_city,Travel Information,travel_information,"[""extended""]",text,text,,unproven_mapping,"[""ctl00_SiteContentPlaceHolder_FormView1_tbxCity"",""ctl00_SiteContentPlaceHolder_FormView1_tbxPayerCity""]","[{""state"":""travel-restored"",""observedAt"":""2026-09-22T17:09:07.769Z"",""controlCount"":24},{""state"":""travel-specific-yes"",""observedAt"":""2026-09-22T17:09:37.687Z"",""controlCount"":30},{""state"":""travel-payer-other-person"",""observedAt"":""2026-09-22T17:13:10.497Z"",""controlCount"":39},{""state"":""travel-payer-other-address"",""observedAt"":""2026-09-22T17:13:39.525Z"",""controlCount"":47},{""state"":""travel-payer-company"",""observedAt"":""2026-09-22T17:13:57.524Z"",""controlCount"":41},{""state"":""payer-person-required-server-validation"",""observedAt"":""2026-09-22T17:58:57.321Z"",""controlCount"":39},{""state"":""payer-company-required-server-validation"",""observedAt"":""2026-09-22T17:59:17.312Z"",""controlCount"":41},{""state"":""payer-company-phone-filled-server-validation"",""observedAt"":""2026-09-22T17:59:42.484Z"",""controlCount"":41},{""state"":""payer-person-phone-preserved-server-validation"",""observedAt"":""2026-09-22T18:02:35.646Z"",""controlCount"":39},{""state"":""payer-person-phone-filled-server-validation"",""observedAt"":""2026-09-22T18:02:52.905Z"",""controlCount"":39}]","[""single_direct_id_selector_candidate""]","[{""code"":""plan_selector_differs_from_runtime_selector"",""mappingKey"":""payer_org_address_city"",""proven"":true}]",,[],finalized_runtime_selector_reconciliation,false,direct_id_candidate
payer_org_address_street1,Travel Information,travel_information,"[""extended""]",text,text,,unproven_mapping,"[""ctl00_SiteContentPlaceHolder_FormView1_tbxStreetAddress1"",""ctl00_SiteContentPlaceHolder_FormView1_tbxPayerStreetAddress1""]","[{""state"":""travel-restored"",""observedAt"":""2026-09-22T17:09:07.769Z"",""controlCount"":24},{""state"":""travel-specific-yes"",""observedAt"":""2026-09-22T17:09:37.687Z"",""controlCount"":30},{""state"":""travel-payer-other-person"",""observedAt"":""2026-09-22T17:13:10.497Z"",""controlCount"":39},{""state"":""travel-payer-other-address"",""observedAt"":""2026-09-22T17:13:39.525Z"",""controlCount"":47},{""state"":""travel-payer-company"",""observedAt"":""2026-09-22T17:13:57.524Z"",""controlCount"":41},{""state"":""payer-person-required-server-validation"",""observedAt"":""2026-09-22T17:58:57.321Z"",""controlCount"":39},{""state"":""payer-company-required-server-validation"",""observedAt"":""2026-09-22T17:59:17.312Z"",""controlCount"":41},{""state"":""payer-company-phone-filled-server-validation"",""observedAt"":""2026-09-22T17:59:42.484Z"",""controlCount"":41},{""state"":""payer-person-phone-preserved-server-validation"",""observedAt"":""2026-09-22T18:02:35.646Z"",""controlCount"":39},{""state"":""payer-person-phone-filled-server-validation"",""observedAt"":""2026-09-22T18:02:52.905Z"",""controlCount"":39}]","[""single_direct_id_selector_candidate""]","[{""code"":""plan_selector_differs_from_runtime_selector"",""mappingKey"":""payer_org_address_street1"",""proven"":true}]",,[],finalized_runtime_selector_reconciliation,false,direct_id_candidate
payer_org_address_street2,Travel Information,travel_information,"[""extended""]",text,text,,unproven_mapping,"[""ctl00_SiteContentPlaceHolder_FormView1_tbxStreetAddress2"",""ctl00_SiteContentPlaceHolder_FormView1_tbxPayerStreetAddress2""]","[{""state"":""travel-restored"",""observedAt"":""2026-09-22T17:09:07.769Z"",""controlCount"":24},{""state"":""travel-specific-yes"",""observedAt"":""2026-09-22T17:09:37.687Z"",""controlCount"":30},{""state"":""travel-payer-other-person"",""observedAt"":""2026-09-22T17:13:10.497Z"",""controlCount"":39},{""state"":""travel-payer-other-address"",""observedAt"":""2026-09-22T17:13:39.525Z"",""controlCount"":47},{""state"":""travel-payer-company"",""observedAt"":""2026-09-22T17:13:57.524Z"",""controlCount"":41},{""state"":""payer-person-required-server-validation"",""observedAt"":""2026-09-22T17:58:57.321Z"",""controlCount"":39},{""state"":""payer-company-required-server-validation"",""observedAt"":""2026-09-22T17:59:17.312Z"",""controlCount"":41},{""state"":""payer-company-phone-filled-server-validation"",""observedAt"":""2026-09-22T17:59:42.484Z"",""controlCount"":41},{""state"":""payer-person-phone-preserved-server-validation"",""observedAt"":""2026-09-22T18:02:35.646Z"",""controlCount"":39},{""state"":""payer-person-phone-filled-server-validation"",""observedAt"":""2026-09-22T18:02:52.905Z"",""controlCount"":39}]","[""single_direct_id_selector_candidate""]","[{""code"":""plan_selector_differs_from_runtime_selector"",""mappingKey"":""payer_org_address_street2"",""proven"":true}]",,[],finalized_runtime_selector_reconciliation,false,direct_id_candidate
payer_org_name,Travel Information,travel_information,"[""extended""]",text,text,,unproven_mapping,"[""ctl00_SiteContentPlaceHolder_FormView1_tbxPayingCompany""]","[{""state"":""travel-restored"",""observedAt"":""2026-09-22T17:09:07.769Z"",""controlCount"":24},{""state"":""travel-specific-yes"",""observedAt"":""2026-09-22T17:09:37.687Z"",""controlCount"":30},{""state"":""travel-payer-other-person"",""observedAt"":""2026-09-22T17:13:10.497Z"",""controlCount"":39},{""state"":""travel-payer-other-address"",""observedAt"":""2026-09-22T17:13:39.525Z"",""controlCount"":47},{""state"":""travel-payer-company"",""observedAt"":""2026-09-22T17:13:57.524Z"",""controlCount"":41},{""state"":""payer-person-required-server-validation"",""observedAt"":""2026-09-22T17:58:57.321Z"",""controlCount"":39},{""state"":""payer-company-required-server-validation"",""observedAt"":""2026-09-22T17:59:17.312Z"",""controlCount"":41},{""state"":""payer-company-phone-filled-server-validation"",""observedAt"":""2026-09-22T17:59:42.484Z"",""controlCount"":41},{""state"":""payer-person-phone-preserved-server-validation"",""observedAt"":""2026-09-22T18:02:35.646Z"",""controlCount"":39},{""state"":""payer-person-phone-filled-server-validation"",""observedAt"":""2026-09-22T18:02:52.905Z"",""controlCount"":39}]","[""single_direct_id_selector_candidate""]","[{""code"":""plan_selector_differs_from_runtime_selector"",""mappingKey"":""payer_org_name"",""proven"":true}]",,[],finalized_runtime_selector_reconciliation,false,direct_id_candidate
payer_org_relationship,Travel Information,travel_information,"[""extended""]",text,text,,unproven_mapping,"[""ctl00_SiteContentPlaceHolder_FormView1_ddlPayerRelationship"",""ctl00_SiteContentPlaceHolder_FormView1_tbxCompanyRelation""]","[{""state"":""travel-restored"",""observedAt"":""2026-09-22T17:09:07.769Z"",""controlCount"":24},{""state"":""travel-specific-yes"",""observedAt"":""2026-09-22T17:09:37.687Z"",""controlCount"":30},{""state"":""travel-payer-other-person"",""observedAt"":""2026-09-22T17:13:10.497Z"",""controlCount"":39},{""state"":""travel-payer-other-address"",""observedAt"":""2026-09-22T17:13:39.525Z"",""controlCount"":47},{""state"":""travel-payer-company"",""observedAt"":""2026-09-22T17:13:57.524Z"",""controlCount"":41},{""state"":""payer-person-required-server-validation"",""observedAt"":""2026-09-22T17:58:57.321Z"",""controlCount"":39},{""state"":""payer-company-required-server-validation"",""observedAt"":""2026-09-22T17:59:17.312Z"",""controlCount"":41},{""state"":""payer-company-phone-filled-server-validation"",""observedAt"":""2026-09-22T17:59:42.484Z"",""controlCount"":41},{""state"":""payer-person-phone-preserved-server-validation"",""observedAt"":""2026-09-22T18:02:35.646Z"",""controlCount"":39},{""state"":""payer-person-phone-filled-server-validation"",""observedAt"":""2026-09-22T18:02:52.905Z"",""controlCount"":39}]","[""single_direct_id_selector_candidate""]","[{""code"":""plan_selector_differs_from_runtime_selector"",""mappingKey"":""payer_org_relationship"",""proven"":true}]",,[],finalized_runtime_selector_reconciliation,false,direct_id_candidate
arrival_city,Travel Information,travel_information,"[""extended""]",text,text,,unproven_mapping,"[""ctl00_SiteContentPlaceHolder_FormView1_tbxArriveCity""]","[{""state"":""travel-restored"",""observedAt"":""2026-09-22T17:09:07.769Z"",""controlCount"":24},{""state"":""travel-specific-yes"",""observedAt"":""2026-09-22T17:09:37.687Z"",""controlCount"":30},{""state"":""travel-payer-other-person"",""observedAt"":""2026-09-22T17:13:10.497Z"",""controlCount"":39},{""state"":""travel-payer-other-address"",""observedAt"":""2026-09-22T17:13:39.525Z"",""controlCount"":47},{""state"":""travel-payer-company"",""observedAt"":""2026-09-22T17:13:57.524Z"",""controlCount"":41},{""state"":""payer-person-required-server-validation"",""observedAt"":""2026-09-22T17:58:57.321Z"",""controlCount"":39},{""state"":""payer-company-required-server-validation"",""observedAt"":""2026-09-22T17:59:17.312Z"",""controlCount"":41},{""state"":""payer-company-phone-filled-server-validation"",""observedAt"":""2026-09-22T17:59:42.484Z"",""controlCount"":41},{""state"":""payer-person-phone-preserved-server-validation"",""observedAt"":""2026-09-22T18:02:35.646Z"",""controlCount"":39},{""state"":""payer-person-phone-filled-server-validation"",""observedAt"":""2026-09-22T18:02:52.905Z"",""controlCount"":39}]","[""single_direct_id_selector_candidate""]","[{""code"":""plan_selector_differs_from_runtime_selector"",""mappingKey"":""arrival_city"",""proven"":true}]",,[],finalized_runtime_selector_reconciliation,false,direct_id_candidate
arrival_flight,Travel Information,travel_information,"[""extended""]",text,text,,unproven_mapping,"[""ctl00_SiteContentPlaceHolder_FormView1_tbxArriveFlight""]","[{""state"":""travel-restored"",""observedAt"":""2026-09-22T17:09:07.769Z"",""controlCount"":24},{""state"":""travel-specific-yes"",""observedAt"":""2026-09-22T17:09:37.687Z"",""controlCount"":30},{""state"":""travel-payer-other-person"",""observedAt"":""2026-09-22T17:13:10.497Z"",""controlCount"":39},{""state"":""travel-payer-other-address"",""observedAt"":""2026-09-22T17:13:39.525Z"",""controlCount"":47},{""state"":""travel-payer-company"",""observedAt"":""2026-09-22T17:13:57.524Z"",""controlCount"":41},{""state"":""payer-person-required-server-validation"",""observedAt"":""2026-09-22T17:58:57.321Z"",""controlCount"":39},{""state"":""payer-company-required-server-validation"",""observedAt"":""2026-09-22T17:59:17.312Z"",""controlCount"":41},{""state"":""payer-company-phone-filled-server-validation"",""observedAt"":""2026-09-22T17:59:42.484Z"",""controlCount"":41},{""state"":""payer-person-phone-preserved-server-validation"",""observedAt"":""2026-09-22T18:02:35.646Z"",""controlCount"":39},{""state"":""payer-person-phone-filled-server-validation"",""observedAt"":""2026-09-22T18:02:52.905Z"",""controlCount"":39}]","[""single_direct_id_selector_candidate""]","[{""code"":""plan_selector_differs_from_runtime_selector"",""mappingKey"":""arrival_flight"",""proven"":true}]",,[],finalized_runtime_selector_reconciliation,false,direct_id_candidate
departure_city,Travel Information,travel_information,"[""extended""]",text,text,,unproven_mapping,"[""ctl00_SiteContentPlaceHolder_FormView1_tbxDepartCity""]","[{""state"":""travel-restored"",""observedAt"":""2026-09-22T17:09:07.769Z"",""controlCount"":24},{""state"":""travel-specific-yes"",""observedAt"":""2026-09-22T17:09:37.687Z"",""controlCount"":30},{""state"":""travel-payer-other-person"",""observedAt"":""2026-09-22T17:13:10.497Z"",""controlCount"":39},{""state"":""travel-payer-other-address"",""observedAt"":""2026-09-22T17:13:39.525Z"",""controlCount"":47},{""state"":""travel-payer-company"",""observedAt"":""2026-09-22T17:13:57.524Z"",""controlCount"":41},{""state"":""payer-person-required-server-validation"",""observedAt"":""2026-09-22T17:58:57.321Z"",""controlCount"":39},{""state"":""payer-company-required-server-validation"",""observedAt"":""2026-09-22T17:59:17.312Z"",""controlCount"":41},{""state"":""payer-company-phone-filled-server-validation"",""observedAt"":""2026-09-22T17:59:42.484Z"",""controlCount"":41},{""state"":""payer-person-phone-preserved-server-validation"",""observedAt"":""2026-09-22T18:02:35.646Z"",""controlCount"":39},{""state"":""payer-person-phone-filled-server-validation"",""observedAt"":""2026-09-22T18:02:52.905Z"",""controlCount"":39}]","[""single_direct_id_selector_candidate""]","[{""code"":""plan_selector_differs_from_runtime_selector"",""mappingKey"":""departure_city"",""proven"":true}]",,[],finalized_runtime_selector_reconciliation,false,direct_id_candidate
departure_flight,Travel Information,travel_information,"[""extended""]",text,text,,unproven_mapping,"[""ctl00_SiteContentPlaceHolder_FormView1_tbxDepartFlight""]","[{""state"":""travel-restored"",""observedAt"":""2026-09-22T17:09:07.769Z"",""controlCount"":24},{""state"":""travel-specific-yes"",""observedAt"":""2026-09-22T17:09:37.687Z"",""controlCount"":30},{""state"":""travel-payer-other-person"",""observedAt"":""2026-09-22T17:13:10.497Z"",""controlCount"":39},{""state"":""travel-payer-other-address"",""observedAt"":""2026-09-22T17:13:39.525Z"",""controlCount"":47},{""state"":""travel-payer-company"",""observedAt"":""2026-09-22T17:13:57.524Z"",""controlCount"":41},{""state"":""payer-person-required-server-validation"",""observedAt"":""2026-09-22T17:58:57.321Z"",""controlCount"":39},{""state"":""payer-company-required-server-validation"",""observedAt"":""2026-09-22T17:59:17.312Z"",""controlCount"":41},{""state"":""payer-company-phone-filled-server-validation"",""observedAt"":""2026-09-22T17:59:42.484Z"",""controlCount"":41},{""state"":""payer-person-phone-preserved-server-validation"",""observedAt"":""2026-09-22T18:02:35.646Z"",""controlCount"":39},{""state"":""payer-person-phone-filled-server-validation"",""observedAt"":""2026-09-22T18:02:52.905Z"",""controlCount"":39}]","[""single_direct_id_selector_candidate""]","[{""code"":""plan_selector_differs_from_runtime_selector"",""mappingKey"":""departure_flight"",""proven"":true}]",,[],finalized_runtime_selector_reconciliation,false,direct_id_candidate
payer_address_country,Travel Information,travel_information,"[""extended""]",select,select,,unproven_mapping,"[""ctl00_SiteContentPlaceHolder_FormView1_ddlPayerCountry""]","[{""state"":""travel-restored"",""observedAt"":""2026-09-22T17:09:07.769Z"",""controlCount"":24},{""state"":""travel-specific-yes"",""observedAt"":""2026-09-22T17:09:37.687Z"",""controlCount"":30},{""state"":""travel-payer-other-person"",""observedAt"":""2026-09-22T17:13:10.497Z"",""controlCount"":39},{""state"":""travel-payer-other-address"",""observedAt"":""2026-09-22T17:13:39.525Z"",""controlCount"":47},{""state"":""travel-payer-company"",""observedAt"":""2026-09-22T17:13:57.524Z"",""controlCount"":41},{""state"":""payer-person-required-server-validation"",""observedAt"":""2026-09-22T17:58:57.321Z"",""controlCount"":39},{""state"":""payer-company-required-server-validation"",""observedAt"":""2026-09-22T17:59:17.312Z"",""controlCount"":41},{""state"":""payer-company-phone-filled-server-validation"",""observedAt"":""2026-09-22T17:59:42.484Z"",""controlCount"":41},{""state"":""payer-person-phone-preserved-server-validation"",""observedAt"":""2026-09-22T18:02:35.646Z"",""controlCount"":39},{""state"":""payer-person-phone-filled-server-validation"",""observedAt"":""2026-09-22T18:02:52.905Z"",""controlCount"":39}]","[""single_direct_id_selector_candidate""]","[{""code"":""plan_selector_differs_from_runtime_selector"",""mappingKey"":""payer_address_country"",""proven"":true}]",,[],finalized_runtime_selector_reconciliation,false,direct_id_candidate
payer_address_postal,Travel Information,travel_information,"[""extended"",""extended""]",text,text,,unproven_mapping,"[""ctl00_SiteContentPlaceHolder_FormView1_tbxPayerPostalZIPCode"",""ctl00_SiteContentPlaceHolder_FormView1_cbxDNAPayerPostalZIPCode""]","[{""state"":""travel-restored"",""observedAt"":""2026-09-22T17:09:07.769Z"",""controlCount"":24},{""state"":""travel-specific-yes"",""observedAt"":""2026-09-22T17:09:37.687Z"",""controlCount"":30},{""state"":""travel-payer-other-person"",""observedAt"":""2026-09-22T17:13:10.497Z"",""controlCount"":39},{""state"":""travel-payer-other-address"",""observedAt"":""2026-09-22T17:13:39.525Z"",""controlCount"":47},{""state"":""travel-payer-company"",""observedAt"":""2026-09-22T17:13:57.524Z"",""controlCount"":41},{""state"":""payer-person-required-server-validation"",""observedAt"":""2026-09-22T17:58:57.321Z"",""controlCount"":39},{""state"":""payer-company-required-server-validation"",""observedAt"":""2026-09-22T17:59:17.312Z"",""controlCount"":41},{""state"":""payer-company-phone-filled-server-validation"",""observedAt"":""2026-09-22T17:59:42.484Z"",""controlCount"":41},{""state"":""payer-person-phone-preserved-server-validation"",""observedAt"":""2026-09-22T18:02:35.646Z"",""controlCount"":39},{""state"":""payer-person-phone-filled-server-validation"",""observedAt"":""2026-09-22T18:02:52.905Z"",""controlCount"":39}]","[""single_direct_id_selector_candidate"",""single_direct_id_selector_candidate""]","[{""code"":""plan_selector_differs_from_runtime_selector"",""mappingKey"":""payer_address_postal"",""proven"":true}]",,[],finalized_runtime_selector_reconciliation,false,direct_id_candidate
payer_address_same_as_home,Travel Information,travel_information,"[""extended""]",radio,radio,,unproven_mapping,"[""ctl00_SiteContentPlaceHolder_FormView1_rblPayerAddrSameAsInd_0"",""ctl00_SiteContentPlaceHolder_FormView1_rblPayerAddrSameAsInd_1""]","[{""state"":""travel-restored"",""observedAt"":""2026-09-22T17:09:07.769Z"",""controlCount"":24},{""state"":""travel-specific-yes"",""observedAt"":""2026-09-22T17:09:37.687Z"",""controlCount"":30},{""state"":""travel-payer-other-person"",""observedAt"":""2026-09-22T17:13:10.497Z"",""controlCount"":39},{""state"":""travel-payer-other-address"",""observedAt"":""2026-09-22T17:13:39.525Z"",""controlCount"":47},{""state"":""travel-payer-company"",""observedAt"":""2026-09-22T17:13:57.524Z"",""controlCount"":41},{""state"":""payer-person-required-server-validation"",""observedAt"":""2026-09-22T17:58:57.321Z"",""controlCount"":39},{""state"":""payer-company-required-server-validation"",""observedAt"":""2026-09-22T17:59:17.312Z"",""controlCount"":41},{""state"":""payer-company-phone-filled-server-validation"",""observedAt"":""2026-09-22T17:59:42.484Z"",""controlCount"":41},{""state"":""payer-person-phone-preserved-server-validation"",""observedAt"":""2026-09-22T18:02:35.646Z"",""controlCount"":39},{""state"":""payer-person-phone-filled-server-validation"",""observedAt"":""2026-09-22T18:02:52.905Z"",""controlCount"":39}]","[""ambiguous_direct_id_selector_candidates""]","[{""code"":""plan_selector_differs_from_runtime_selector"",""mappingKey"":""payer_address_same_as_home"",""proven"":true}]",,[],finalized_runtime_selector_reconciliation,false,ambiguous_direct_id_selector_candidate
payer_address_state,Travel Information,travel_information,"[""extended"",""extended""]",text,text,,unproven_mapping,"[""ctl00_SiteContentPlaceHolder_FormView1_tbxPayerStateProvince"",""ctl00_SiteContentPlaceHolder_FormView1_cbxDNAPayerStateProvince""]","[{""state"":""travel-restored"",""observedAt"":""2026-09-22T17:09:07.769Z"",""controlCount"":24},{""state"":""travel-specific-yes"",""observedAt"":""2026-09-22T17:09:37.687Z"",""controlCount"":30},{""state"":""travel-payer-other-person"",""observedAt"":""2026-09-22T17:13:10.497Z"",""controlCount"":39},{""state"":""travel-payer-other-address"",""observedAt"":""2026-09-22T17:13:39.525Z"",""controlCount"":47},{""state"":""travel-payer-company"",""observedAt"":""2026-09-22T17:13:57.524Z"",""controlCount"":41},{""state"":""payer-person-required-server-validation"",""observedAt"":""2026-09-22T17:58:57.321Z"",""controlCount"":39},{""state"":""payer-company-required-server-validation"",""observedAt"":""2026-09-22T17:59:17.312Z"",""controlCount"":41},{""state"":""payer-company-phone-filled-server-validation"",""observedAt"":""2026-09-22T17:59:42.484Z"",""controlCount"":41},{""state"":""payer-person-phone-preserved-server-validation"",""observedAt"":""2026-09-22T18:02:35.646Z"",""controlCount"":39},{""state"":""payer-person-phone-filled-server-validation"",""observedAt"":""2026-09-22T18:02:52.905Z"",""controlCount"":39}]","[""single_direct_id_selector_candidate"",""single_direct_id_selector_candidate""]","[{""code"":""plan_selector_differs_from_runtime_selector"",""mappingKey"":""payer_address_state"",""proven"":true}]",,[],finalized_runtime_selector_reconciliation,false,direct_id_candidate
payer_org_address_country,Travel Information,travel_information,"[""extended""]",select,select,,unproven_mapping,"[""ctl00_SiteContentPlaceHolder_FormView1_ddlPayerCountry""]","[{""state"":""travel-restored"",""observedAt"":""2026-09-22T17:09:07.769Z"",""controlCount"":24},{""state"":""travel-specific-yes"",""observedAt"":""2026-09-22T17:09:37.687Z"",""controlCount"":30},{""state"":""travel-payer-other-person"",""observedAt"":""2026-09-22T17:13:10.497Z"",""controlCount"":39},{""state"":""travel-payer-other-address"",""observedAt"":""2026-09-22T17:13:39.525Z"",""controlCount"":47},{""state"":""travel-payer-company"",""observedAt"":""2026-09-22T17:13:57.524Z"",""controlCount"":41},{""state"":""payer-person-required-server-validation"",""observedAt"":""2026-09-22T17:58:57.321Z"",""controlCount"":39},{""state"":""payer-company-required-server-validation"",""observedAt"":""2026-09-22T17:59:17.312Z"",""controlCount"":41},{""state"":""payer-company-phone-filled-server-validation"",""observedAt"":""2026-09-22T17:59:42.484Z"",""controlCount"":41},{""state"":""payer-person-phone-preserved-server-validation"",""observedAt"":""2026-09-22T18:02:35.646Z"",""controlCount"":39},{""state"":""payer-person-phone-filled-server-validation"",""observedAt"":""2026-09-22T18:02:52.905Z"",""controlCount"":39}]","[""single_direct_id_selector_candidate""]","[{""code"":""plan_selector_differs_from_runtime_selector"",""mappingKey"":""payer_org_address_country"",""proven"":true}]",,[],finalized_runtime_selector_reconciliation,false,direct_id_candidate
payer_org_address_postal,Travel Information,travel_information,"[""extended"",""extended""]",text,text,,unproven_mapping,"[""ctl00_SiteContentPlaceHolder_FormView1_tbxPayerPostalZIPCode"",""ctl00_SiteContentPlaceHolder_FormView1_cbxDNAPayerPostalZIPCode""]","[{""state"":""travel-restored"",""observedAt"":""2026-09-22T17:09:07.769Z"",""controlCount"":24},{""state"":""travel-specific-yes"",""observedAt"":""2026-09-22T17:09:37.687Z"",""controlCount"":30},{""state"":""travel-payer-other-person"",""observedAt"":""2026-09-22T17:13:10.497Z"",""controlCount"":39},{""state"":""travel-payer-other-address"",""observedAt"":""2026-09-22T17:13:39.525Z"",""controlCount"":47},{""state"":""travel-payer-company"",""observedAt"":""2026-09-22T17:13:57.524Z"",""controlCount"":41},{""state"":""payer-person-required-server-validation"",""observedAt"":""2026-09-22T17:58:57.321Z"",""controlCount"":39},{""state"":""payer-company-required-server-validation"",""observedAt"":""2026-09-22T17:59:17.312Z"",""controlCount"":41},{""state"":""payer-company-phone-filled-server-validation"",""observedAt"":""2026-09-22T17:59:42.484Z"",""controlCount"":41},{""state"":""payer-person-phone-preserved-server-validation"",""observedAt"":""2026-09-22T18:02:35.646Z"",""controlCount"":39},{""state"":""payer-person-phone-filled-server-validation"",""observedAt"":""2026-09-22T18:02:52.905Z"",""controlCount"":39}]","[""single_direct_id_selector_candidate"",""single_direct_id_selector_candidate""]","[{""code"":""plan_selector_differs_from_runtime_selector"",""mappingKey"":""payer_org_address_postal"",""proven"":true}]",,[],finalized_runtime_selector_reconciliation,false,direct_id_candidate
payer_org_address_state,Travel Information,travel_information,"[""extended"",""extended""]",text,text,,unproven_mapping,"[""ctl00_SiteContentPlaceHolder_FormView1_tbxPayerStateProvince"",""ctl00_SiteContentPlaceHolder_FormView1_cbxDNAPayerStateProvince""]","[{""state"":""travel-restored"",""observedAt"":""2026-09-22T17:09:07.769Z"",""controlCount"":24},{""state"":""travel-specific-yes"",""observedAt"":""2026-09-22T17:09:37.687Z"",""controlCount"":30},{""state"":""travel-payer-other-person"",""observedAt"":""2026-09-22T17:13:10.497Z"",""controlCount"":39},{""state"":""travel-payer-other-address"",""observedAt"":""2026-09-22T17:13:39.525Z"",""controlCount"":47},{""state"":""travel-payer-company"",""observedAt"":""2026-09-22T17:13:57.524Z"",""controlCount"":41},{""state"":""payer-person-required-server-validation"",""observedAt"":""2026-09-22T17:58:57.321Z"",""controlCount"":39},{""state"":""payer-company-required-server-validation"",""observedAt"":""2026-09-22T17:59:17.312Z"",""controlCount"":41},{""state"":""payer-company-phone-filled-server-validation"",""observedAt"":""2026-09-22T17:59:42.484Z"",""controlCount"":41},{""state"":""payer-person-phone-preserved-server-validation"",""observedAt"":""2026-09-22T18:02:35.646Z"",""controlCount"":39},{""state"":""payer-person-phone-filled-server-validation"",""observedAt"":""2026-09-22T18:02:52.905Z"",""controlCount"":39}]","[""single_direct_id_selector_candidate"",""single_direct_id_selector_candidate""]","[{""code"":""plan_selector_differs_from_runtime_selector"",""mappingKey"":""payer_org_address_state"",""proven"":true}]",,[],finalized_runtime_selector_reconciliation,false,direct_id_candidate
payer_org_phone,Travel Information,travel_information,"[""extended""]",text,text,,unproven_mapping,"[""ctl00_SiteContentPlaceHolder_FormView1_tbxPayerPhone""]","[{""state"":""travel-restored"",""observedAt"":""2026-09-22T17:09:07.769Z"",""controlCount"":24},{""state"":""travel-specific-yes"",""observedAt"":""2026-09-22T17:09:37.687Z"",""controlCount"":30},{""state"":""travel-payer-other-person"",""observedAt"":""2026-09-22T17:13:10.497Z"",""controlCount"":39},{""state"":""travel-payer-other-address"",""observedAt"":""2026-09-22T17:13:39.525Z"",""controlCount"":47},{""state"":""travel-payer-company"",""observedAt"":""2026-09-22T17:13:57.524Z"",""controlCount"":41},{""state"":""payer-person-required-server-validation"",""observedAt"":""2026-09-22T17:58:57.321Z"",""controlCount"":39},{""state"":""payer-company-required-server-validation"",""observedAt"":""2026-09-22T17:59:17.312Z"",""controlCount"":41},{""state"":""payer-company-phone-filled-server-validation"",""observedAt"":""2026-09-22T17:59:42.484Z"",""controlCount"":41},{""state"":""payer-person-phone-preserved-server-validation"",""observedAt"":""2026-09-22T18:02:35.646Z"",""controlCount"":39},{""state"":""payer-person-phone-filled-server-validation"",""observedAt"":""2026-09-22T18:02:52.905Z"",""controlCount"":39}]","[""single_direct_id_selector_candidate""]","[{""code"":""plan_selector_differs_from_runtime_selector"",""mappingKey"":""payer_org_phone"",""proven"":true}]",,[],finalized_runtime_selector_reconciliation,false,direct_id_candidate
payer_phone,Travel Information,travel_information,"[""base""]",text,text,,unproven_mapping,"[""ctl00_SiteContentPlaceHolder_FormView1_tbxPayerPhone""]","[{""state"":""travel-restored"",""observedAt"":""2026-09-22T17:09:07.769Z"",""controlCount"":24},{""state"":""travel-specific-yes"",""observedAt"":""2026-09-22T17:09:37.687Z"",""controlCount"":30},{""state"":""travel-payer-other-person"",""observedAt"":""2026-09-22T17:13:10.497Z"",""controlCount"":39},{""state"":""travel-payer-other-address"",""observedAt"":""2026-09-22T17:13:39.525Z"",""controlCount"":47},{""state"":""travel-payer-company"",""observedAt"":""2026-09-22T17:13:57.524Z"",""controlCount"":41},{""state"":""payer-person-required-server-validation"",""observedAt"":""2026-09-22T17:58:57.321Z"",""controlCount"":39},{""state"":""payer-company-required-server-validation"",""observedAt"":""2026-09-22T17:59:17.312Z"",""controlCount"":41},{""state"":""payer-company-phone-filled-server-validation"",""observedAt"":""2026-09-22T17:59:42.484Z"",""controlCount"":41},{""state"":""payer-person-phone-preserved-server-validation"",""observedAt"":""2026-09-22T18:02:35.646Z"",""controlCount"":39},{""state"":""payer-person-phone-filled-server-validation"",""observedAt"":""2026-09-22T18:02:52.905Z"",""controlCount"":39}]","[""single_direct_id_selector_candidate""]","[{""code"":""plan_selector_differs_from_runtime_selector"",""mappingKey"":""payer_phone"",""proven"":true}]",,[],finalized_runtime_selector_reconciliation,false,direct_id_candidate
companion_relationship,Travel Companions,travel_companions,"[""extended""]",select,select,,unresolved,"[""ctl00_SiteContentPlaceHolder_FormView1_dlTravelCompanions_ctl00_ddlTCRelationship""]","[{""state"":""specific-travel-filled-next"",""observedAt"":""2026-09-22T17:10:51.141Z"",""controlCount"":12},{""state"":""companions-individuals"",""observedAt"":""2026-09-22T17:11:28.813Z"",""controlCount"":12},{""state"":""companions-group-yes"",""observedAt"":""2026-09-22T17:11:44.194Z"",""controlCount"":9}]","[""single_direct_id_selector_candidate""]","[{""code"":""plan_selector_differs_from_runtime_selector"",""mappingKey"":""companion_relationship"",""proven"":true}]",companions,"[{""code"":""repeat_dom_controls_unverified_in_static_contract"",""repeatGroup"":""companions"",""proven"":true,""detail"":""Static row/add/remove selectors are unset and marked unverified; current DOM discovery is required.""}]",finalized_runtime_selector_reconciliation,false,direct_id_candidate
companion_surname,Travel Companions,travel_companions,"[""extended""]",text,text,,unresolved,"[""ctl00_SiteContentPlaceHolder_FormView1_dlTravelCompanions_ctl00_tbxSurname""]","[{""state"":""specific-travel-filled-next"",""observedAt"":""2026-09-22T17:10:51.141Z"",""controlCount"":12},{""state"":""companions-individuals"",""observedAt"":""2026-09-22T17:11:28.813Z"",""controlCount"":12},{""state"":""companions-group-yes"",""observedAt"":""2026-09-22T17:11:44.194Z"",""controlCount"":9}]","[""single_direct_id_selector_candidate""]","[{""code"":""plan_selector_differs_from_runtime_selector"",""mappingKey"":""companion_surname"",""proven"":true}]",companions,"[{""code"":""repeat_dom_controls_unverified_in_static_contract"",""repeatGroup"":""companions"",""proven"":true,""detail"":""Static row/add/remove selectors are unset and marked unverified; current DOM discovery is required.""}]",finalized_runtime_selector_reconciliation,false,direct_id_candidate
companion_given_names,Travel Companions,travel_companions,"[""extended""]",text,text,,unproven_mapping,"[""ctl00_SiteContentPlaceHolder_FormView1_dlTravelCompanions_ctl00_tbxGivenName""]","[{""state"":""specific-travel-filled-next"",""observedAt"":""2026-09-22T17:10:51.141Z"",""controlCount"":12},{""state"":""companions-individuals"",""observedAt"":""2026-09-22T17:11:28.813Z"",""controlCount"":12},{""state"":""companions-group-yes"",""observedAt"":""2026-09-22T17:11:44.194Z"",""controlCount"":9}]","[""single_direct_id_selector_candidate""]","[{""code"":""plan_selector_differs_from_runtime_selector"",""mappingKey"":""companion_given_names"",""proven"":true}]",companions,"[{""code"":""repeat_dom_controls_unverified_in_static_contract"",""repeatGroup"":""companions"",""proven"":true,""detail"":""Static row/add/remove selectors are unset and marked unverified; current DOM discovery is required.""}]",finalized_runtime_selector_reconciliation,false,direct_id_candidate
visa_number_unknown,Previous U.S. Travel,previous_us_travel,"[""extended""]",checkbox,checkbox,,unresolved,"[""ctl00_SiteContentPlaceHolder_FormView1_cbxPREV_VISA_FOIL_NUMBER_NA"",""ctl00_SiteContentPlaceHolder_FormView1_dtlUS_DRIVER_LICENSE_ctl00_cbxUS_DRIVER_LICENSE_NA""]","[{""state"":""previous-us-travel-restored"",""observedAt"":""2026-09-22T17:14:15.933Z"",""controlCount"":12},{""state"":""previous-us-visits-yes"",""observedAt"":""2026-09-22T17:15:53.357Z"",""controlCount"":21},{""state"":""previous-visa-yes"",""observedAt"":""2026-09-22T17:16:21.388Z"",""controlCount"":37},{""state"":""previous-drivers-license-yes"",""observedAt"":""2026-09-22T17:16:37.832Z"",""controlCount"":40},{""state"":""previous-visa-lost-yes"",""observedAt"":""2026-09-22T17:16:50.316Z"",""controlCount"":42},{""state"":""previous-visa-cancelled-yes"",""observedAt"":""2026-09-22T17:17:03.356Z"",""controlCount"":43},{""state"":""previous-visa-refused-yes"",""observedAt"":""2026-09-22T17:17:16.357Z"",""controlCount"":44},{""state"":""previous-immigrant-petition-yes"",""observedAt"":""2026-09-22T17:17:37.451Z"",""controlCount"":45},{""state"":""address-and-phone-restored"",""observedAt"":""2026-09-22T17:18:01.222Z"",""controlCount"":45}]","[""single_direct_id_selector_candidate""]",[],,[],finalized_runtime_selector_reconciliation,false,direct_id_candidate
immigrant_petition_explain,Previous U.S. Travel,previous_us_travel,"[""extended""]",textarea,textarea,,unproven_mapping,"[""ctl00_SiteContentPlaceHolder_FormView1_tbxPREV_VISA_LOST_EXPL"",""ctl00_SiteContentPlaceHolder_FormView1_tbxPREV_VISA_CANCELLED_EXPL"",""ctl00_SiteContentPlaceHolder_FormView1_tbxPREV_VISA_REFUSED_EXPL"",""ctl00_SiteContentPlaceHolder_FormView1_tbxIV_PETITION_EXPL""]","[{""state"":""previous-us-travel-restored"",""observedAt"":""2026-09-22T17:14:15.933Z"",""controlCount"":12},{""state"":""previous-us-visits-yes"",""observedAt"":""2026-09-22T17:15:53.357Z"",""controlCount"":21},{""state"":""previous-visa-yes"",""observedAt"":""2026-09-22T17:16:21.388Z"",""controlCount"":37},{""state"":""previous-drivers-license-yes"",""observedAt"":""2026-09-22T17:16:37.832Z"",""controlCount"":40},{""state"":""previous-visa-lost-yes"",""observedAt"":""2026-09-22T17:16:50.316Z"",""controlCount"":42},{""state"":""previous-visa-cancelled-yes"",""observedAt"":""2026-09-22T17:17:03.356Z"",""controlCount"":43},{""state"":""previous-visa-refused-yes"",""observedAt"":""2026-09-22T17:17:16.357Z"",""controlCount"":44},{""state"":""previous-immigrant-petition-yes"",""observedAt"":""2026-09-22T17:17:37.451Z"",""controlCount"":45},{""state"":""address-and-phone-restored"",""observedAt"":""2026-09-22T17:18:01.222Z"",""controlCount"":45}]","[""single_direct_id_selector_candidate""]","[{""code"":""plan_selector_differs_from_runtime_selector"",""mappingKey"":""immigrant_petition_explain"",""proven"":true}]",immigrant_petition,"[{""code"":""repeat_dom_controls_unverified_in_static_contract"",""repeatGroup"":""immigrant_petition"",""proven"":true,""detail"":""Static row/add/remove selectors are unset and marked unverified; current DOM discovery is required.""}]",finalized_runtime_selector_reconciliation,false,direct_id_candidate
previous_visit_date_arrived,Previous U.S. Travel,previous_us_travel,"[""extended"",""extended"",""extended""]",date,date,,unproven_mapping,"[""ctl00_SiteContentPlaceHolder_FormView1_dtlPREV_US_VISIT_ctl00_ddlPREV_US_VISIT_DTEDay"",""ctl00_SiteContentPlaceHolder_FormView1_dtlPREV_US_VISIT_ctl00_tbxPREV_US_VISIT_DTEYear"",""ctl00_SiteContentPlaceHolder_FormView1_dtlPREV_US_VISIT_ctl00_ddlPREV_US_VISIT_DTEMonth""]","[{""state"":""previous-us-travel-restored"",""observedAt"":""2026-09-22T17:14:15.933Z"",""controlCount"":12},{""state"":""previous-us-visits-yes"",""observedAt"":""2026-09-22T17:15:53.357Z"",""controlCount"":21},{""state"":""previous-visa-yes"",""observedAt"":""2026-09-22T17:16:21.388Z"",""controlCount"":37},{""state"":""previous-drivers-license-yes"",""observedAt"":""2026-09-22T17:16:37.832Z"",""controlCount"":40},{""state"":""previous-visa-lost-yes"",""observedAt"":""2026-09-22T17:16:50.316Z"",""controlCount"":42},{""state"":""previous-visa-cancelled-yes"",""observedAt"":""2026-09-22T17:17:03.356Z"",""controlCount"":43},{""state"":""previous-visa-refused-yes"",""observedAt"":""2026-09-22T17:17:16.357Z"",""controlCount"":44},{""state"":""previous-immigrant-petition-yes"",""observedAt"":""2026-09-22T17:17:37.451Z"",""controlCount"":45},{""state"":""address-and-phone-restored"",""observedAt"":""2026-09-22T17:18:01.222Z"",""controlCount"":45}]","[""single_direct_id_selector_candidate"",""single_direct_id_selector_candidate"",""single_direct_id_selector_candidate""]","[{""code"":""plan_selector_differs_from_runtime_selector"",""mappingKey"":""previous_visit_date_arrived_day"",""proven"":true},{""code"":""plan_selector_differs_from_runtime_selector"",""mappingKey"":""previous_visit_date_arrived_month"",""proven"":true},{""code"":""plan_selector_differs_from_runtime_selector"",""mappingKey"":""previous_visit_date_arrived_year"",""proven"":true}]",previous_visits,"[{""code"":""repeat_dom_controls_unverified_in_static_contract"",""repeatGroup"":""previous_visits"",""proven"":true,""detail"":""Static row/add/remove selectors are unset and marked unverified; current DOM discovery is required.""}]",finalized_runtime_selector_reconciliation,false,direct_id_candidate
refusal_explain,Previous U.S. Travel,previous_us_travel,"[""extended""]",textarea,textarea,,unproven_mapping,"[""ctl00_SiteContentPlaceHolder_FormView1_tbxPREV_VISA_LOST_EXPL"",""ctl00_SiteContentPlaceHolder_FormView1_tbxPREV_VISA_CANCELLED_EXPL"",""ctl00_SiteContentPlaceHolder_FormView1_tbxPREV_VISA_REFUSED_EXPL"",""ctl00_SiteContentPlaceHolder_FormView1_tbxIV_PETITION_EXPL""]","[{""state"":""previous-us-travel-restored"",""observedAt"":""2026-09-22T17:14:15.933Z"",""controlCount"":12},{""state"":""previous-us-visits-yes"",""observedAt"":""2026-09-22T17:15:53.357Z"",""controlCount"":21},{""state"":""previous-visa-yes"",""observedAt"":""2026-09-22T17:16:21.388Z"",""controlCount"":37},{""state"":""previous-drivers-license-yes"",""observedAt"":""2026-09-22T17:16:37.832Z"",""controlCount"":40},{""state"":""previous-visa-lost-yes"",""observedAt"":""2026-09-22T17:16:50.316Z"",""controlCount"":42},{""state"":""previous-visa-cancelled-yes"",""observedAt"":""2026-09-22T17:17:03.356Z"",""controlCount"":43},{""state"":""previous-visa-refused-yes"",""observedAt"":""2026-09-22T17:17:16.357Z"",""controlCount"":44},{""state"":""previous-immigrant-petition-yes"",""observedAt"":""2026-09-22T17:17:37.451Z"",""controlCount"":45},{""state"":""address-and-phone-restored"",""observedAt"":""2026-09-22T17:18:01.222Z"",""controlCount"":45}]","[""single_direct_id_selector_candidate""]","[{""code"":""plan_selector_differs_from_runtime_selector"",""mappingKey"":""refusal_explain"",""proven"":true}]",visa_refused,"[{""code"":""repeat_dom_controls_unverified_in_static_contract"",""repeatGroup"":""visa_refused"",""proven"":true,""detail"":""Static row/add/remove selectors are unset and marked unverified; current DOM discovery is required.""}]",finalized_runtime_selector_reconciliation,false,direct_id_candidate
us_drivers_license_number,Previous U.S. Travel,previous_us_travel,"[""extended"",""extended""]",text,text,,unproven_mapping,"[""ctl00_SiteContentPlaceHolder_FormView1_dtlUS_DRIVER_LICENSE_ctl00_tbxUS_DRIVER_LICENSE"",""ctl00_SiteContentPlaceHolder_FormView1_cbxPREV_VISA_FOIL_NUMBER_NA"",""ctl00_SiteContentPlaceHolder_FormView1_dtlUS_DRIVER_LICENSE_ctl00_cbxUS_DRIVER_LICENSE_NA""]","[{""state"":""previous-us-travel-restored"",""observedAt"":""2026-09-22T17:14:15.933Z"",""controlCount"":12},{""state"":""previous-us-visits-yes"",""observedAt"":""2026-09-22T17:15:53.357Z"",""controlCount"":21},{""state"":""previous-visa-yes"",""observedAt"":""2026-09-22T17:16:21.388Z"",""controlCount"":37},{""state"":""previous-drivers-license-yes"",""observedAt"":""2026-09-22T17:16:37.832Z"",""controlCount"":40},{""state"":""previous-visa-lost-yes"",""observedAt"":""2026-09-22T17:16:50.316Z"",""controlCount"":42},{""state"":""previous-visa-cancelled-yes"",""observedAt"":""2026-09-22T17:17:03.356Z"",""controlCount"":43},{""state"":""previous-visa-refused-yes"",""observedAt"":""2026-09-22T17:17:16.357Z"",""controlCount"":44},{""state"":""previous-immigrant-petition-yes"",""observedAt"":""2026-09-22T17:17:37.451Z"",""controlCount"":45},{""state"":""address-and-phone-restored"",""observedAt"":""2026-09-22T17:18:01.222Z"",""controlCount"":45}]","[""single_direct_id_selector_candidate"",""single_direct_id_selector_candidate""]","[{""code"":""plan_selector_differs_from_runtime_selector"",""mappingKey"":""us_drivers_license_number"",""proven"":true}]",drivers_licenses,"[{""code"":""repeat_dom_controls_unverified_in_static_contract"",""repeatGroup"":""drivers_licenses"",""proven"":true,""detail"":""Static row/add/remove selectors are unset and marked unverified; current DOM discovery is required.""}]",finalized_runtime_selector_reconciliation,false,direct_id_candidate
visa_cancelled_or_revoked_explain,Previous U.S. Travel,previous_us_travel,"[""extended""]",textarea,textarea,,unproven_mapping,"[""ctl00_SiteContentPlaceHolder_FormView1_tbxPREV_VISA_LOST_EXPL"",""ctl00_SiteContentPlaceHolder_FormView1_tbxPREV_VISA_CANCELLED_EXPL"",""ctl00_SiteContentPlaceHolder_FormView1_tbxPREV_VISA_REFUSED_EXPL"",""ctl00_SiteContentPlaceHolder_FormView1_tbxIV_PETITION_EXPL""]","[{""state"":""previous-us-travel-restored"",""observedAt"":""2026-09-22T17:14:15.933Z"",""controlCount"":12},{""state"":""previous-us-visits-yes"",""observedAt"":""2026-09-22T17:15:53.357Z"",""controlCount"":21},{""state"":""previous-visa-yes"",""observedAt"":""2026-09-22T17:16:21.388Z"",""controlCount"":37},{""state"":""previous-drivers-license-yes"",""observedAt"":""2026-09-22T17:16:37.832Z"",""controlCount"":40},{""state"":""previous-visa-lost-yes"",""observedAt"":""2026-09-22T17:16:50.316Z"",""controlCount"":42},{""state"":""previous-visa-cancelled-yes"",""observedAt"":""2026-09-22T17:17:03.356Z"",""controlCount"":43},{""state"":""previous-visa-refused-yes"",""observedAt"":""2026-09-22T17:17:16.357Z"",""controlCount"":44},{""state"":""previous-immigrant-petition-yes"",""observedAt"":""2026-09-22T17:17:37.451Z"",""controlCount"":45},{""state"":""address-and-phone-restored"",""observedAt"":""2026-09-22T17:18:01.222Z"",""controlCount"":45}]","[""single_direct_id_selector_candidate""]","[{""code"":""plan_selector_differs_from_runtime_selector"",""mappingKey"":""visa_cancelled_or_revoked_explain"",""proven"":true}]",,[],finalized_runtime_selector_reconciliation,false,direct_id_candidate
visa_lost_or_stolen_explain,Previous U.S. Travel,previous_us_travel,"[""extended""]",textarea,textarea,,unproven_mapping,"[""ctl00_SiteContentPlaceHolder_FormView1_tbxPREV_VISA_LOST_EXPL"",""ctl00_SiteContentPlaceHolder_FormView1_tbxPREV_VISA_CANCELLED_EXPL"",""ctl00_SiteContentPlaceHolder_FormView1_tbxPREV_VISA_REFUSED_EXPL"",""ctl00_SiteContentPlaceHolder_FormView1_tbxIV_PETITION_EXPL""]","[{""state"":""previous-us-travel-restored"",""observedAt"":""2026-09-22T17:14:15.933Z"",""controlCount"":12},{""state"":""previous-us-visits-yes"",""observedAt"":""2026-09-22T17:15:53.357Z"",""controlCount"":21},{""state"":""previous-visa-yes"",""observedAt"":""2026-09-22T17:16:21.388Z"",""controlCount"":37},{""state"":""previous-drivers-license-yes"",""observedAt"":""2026-09-22T17:16:37.832Z"",""controlCount"":40},{""state"":""previous-visa-lost-yes"",""observedAt"":""2026-09-22T17:16:50.316Z"",""controlCount"":42},{""state"":""previous-visa-cancelled-yes"",""observedAt"":""2026-09-22T17:17:03.356Z"",""controlCount"":43},{""state"":""previous-visa-refused-yes"",""observedAt"":""2026-09-22T17:17:16.357Z"",""controlCount"":44},{""state"":""previous-immigrant-petition-yes"",""observedAt"":""2026-09-22T17:17:37.451Z"",""controlCount"":45},{""state"":""address-and-phone-restored"",""observedAt"":""2026-09-22T17:18:01.222Z"",""controlCount"":45}]","[""single_direct_id_selector_candidate""]","[{""code"":""plan_selector_differs_from_runtime_selector"",""mappingKey"":""visa_lost_or_stolen_explain"",""proven"":true}]",,[],finalized_runtime_selector_reconciliation,false,direct_id_candidate
has_been_ten_printed,Previous U.S. Travel,previous_us_travel,"[""extended""]",radio,radio,,unproven_mapping,"[""ctl00_SiteContentPlaceHolder_FormView1_rblPREV_VISA_TEN_PRINT_IND_0"",""ctl00_SiteContentPlaceHolder_FormView1_rblPREV_VISA_TEN_PRINT_IND_1""]","[{""state"":""previous-us-travel-restored"",""observedAt"":""2026-09-22T17:14:15.933Z"",""controlCount"":12},{""state"":""previous-us-visits-yes"",""observedAt"":""2026-09-22T17:15:53.357Z"",""controlCount"":21},{""state"":""previous-visa-yes"",""observedAt"":""2026-09-22T17:16:21.388Z"",""controlCount"":37},{""state"":""previous-drivers-license-yes"",""observedAt"":""2026-09-22T17:16:37.832Z"",""controlCount"":40},{""state"":""previous-visa-lost-yes"",""observedAt"":""2026-09-22T17:16:50.316Z"",""controlCount"":42},{""state"":""previous-visa-cancelled-yes"",""observedAt"":""2026-09-22T17:17:03.356Z"",""controlCount"":43},{""state"":""previous-visa-refused-yes"",""observedAt"":""2026-09-22T17:17:16.357Z"",""controlCount"":44},{""state"":""previous-immigrant-petition-yes"",""observedAt"":""2026-09-22T17:17:37.451Z"",""controlCount"":45},{""state"":""address-and-phone-restored"",""observedAt"":""2026-09-22T17:18:01.222Z"",""controlCount"":45}]","[""ambiguous_direct_id_selector_candidates""]","[{""code"":""plan_selector_differs_from_runtime_selector"",""mappingKey"":""has_been_ten_printed"",""proven"":true}]",,[],finalized_runtime_selector_reconciliation,false,ambiguous_direct_id_selector_candidate
has_us_drivers_license,Previous U.S. Travel,previous_us_travel,"[""extended""]",radio,radio,,unproven_mapping,"[""ctl00_SiteContentPlaceHolder_FormView1_rblPREV_US_DRIVER_LIC_IND_0"",""ctl00_SiteContentPlaceHolder_FormView1_rblPREV_US_DRIVER_LIC_IND_1""]","[{""state"":""previous-us-travel-restored"",""observedAt"":""2026-09-22T17:14:15.933Z"",""controlCount"":12},{""state"":""previous-us-visits-yes"",""observedAt"":""2026-09-22T17:15:53.357Z"",""controlCount"":21},{""state"":""previous-visa-yes"",""observedAt"":""2026-09-22T17:16:21.388Z"",""controlCount"":37},{""state"":""previous-drivers-license-yes"",""observedAt"":""2026-09-22T17:16:37.832Z"",""controlCount"":40},{""state"":""previous-visa-lost-yes"",""observedAt"":""2026-09-22T17:16:50.316Z"",""controlCount"":42},{""state"":""previous-visa-cancelled-yes"",""observedAt"":""2026-09-22T17:17:03.356Z"",""controlCount"":43},{""state"":""previous-visa-refused-yes"",""observedAt"":""2026-09-22T17:17:16.357Z"",""controlCount"":44},{""state"":""previous-immigrant-petition-yes"",""observedAt"":""2026-09-22T17:17:37.451Z"",""controlCount"":45},{""state"":""address-and-phone-restored"",""observedAt"":""2026-09-22T17:18:01.222Z"",""controlCount"":45}]","[""ambiguous_direct_id_selector_candidates""]","[{""code"":""plan_selector_differs_from_runtime_selector"",""mappingKey"":""has_us_drivers_license"",""proven"":true}]",,[],finalized_runtime_selector_reconciliation,false,ambiguous_direct_id_selector_candidate
last_visa_issue_day,Previous U.S. Travel,previous_us_travel,"[""extended""]",select,select,,unproven_mapping,"[""ctl00_SiteContentPlaceHolder_FormView1_ddlPREV_VISA_ISSUED_DTEDay""]","[{""state"":""previous-us-travel-restored"",""observedAt"":""2026-09-22T17:14:15.933Z"",""controlCount"":12},{""state"":""previous-us-visits-yes"",""observedAt"":""2026-09-22T17:15:53.357Z"",""controlCount"":21},{""state"":""previous-visa-yes"",""observedAt"":""2026-09-22T17:16:21.388Z"",""controlCount"":37},{""state"":""previous-drivers-license-yes"",""observedAt"":""2026-09-22T17:16:37.832Z"",""controlCount"":40},{""state"":""previous-visa-lost-yes"",""observedAt"":""2026-09-22T17:16:50.316Z"",""controlCount"":42},{""state"":""previous-visa-cancelled-yes"",""observedAt"":""2026-09-22T17:17:03.356Z"",""controlCount"":43},{""state"":""previous-visa-refused-yes"",""observedAt"":""2026-09-22T17:17:16.357Z"",""controlCount"":44},{""state"":""previous-immigrant-petition-yes"",""observedAt"":""2026-09-22T17:17:37.451Z"",""controlCount"":45},{""state"":""address-and-phone-restored"",""observedAt"":""2026-09-22T17:18:01.222Z"",""controlCount"":45}]","[""single_direct_id_selector_candidate""]","[{""code"":""plan_selector_differs_from_runtime_selector"",""mappingKey"":""last_visa_issue_day"",""proven"":true}]",,[],finalized_runtime_selector_reconciliation,false,direct_id_candidate
last_visa_issue_month,Previous U.S. Travel,previous_us_travel,"[""extended""]",select,select,,unproven_mapping,"[""ctl00_SiteContentPlaceHolder_FormView1_ddlPREV_VISA_ISSUED_DTEMonth""]","[{""state"":""previous-us-travel-restored"",""observedAt"":""2026-09-22T17:14:15.933Z"",""controlCount"":12},{""state"":""previous-us-visits-yes"",""observedAt"":""2026-09-22T17:15:53.357Z"",""controlCount"":21},{""state"":""previous-visa-yes"",""observedAt"":""2026-09-22T17:16:21.388Z"",""controlCount"":37},{""state"":""previous-drivers-license-yes"",""observedAt"":""2026-09-22T17:16:37.832Z"",""controlCount"":40},{""state"":""previous-visa-lost-yes"",""observedAt"":""2026-09-22T17:16:50.316Z"",""controlCount"":42},{""state"":""previous-visa-cancelled-yes"",""observedAt"":""2026-09-22T17:17:03.356Z"",""controlCount"":43},{""state"":""previous-visa-refused-yes"",""observedAt"":""2026-09-22T17:17:16.357Z"",""controlCount"":44},{""state"":""previous-immigrant-petition-yes"",""observedAt"":""2026-09-22T17:17:37.451Z"",""controlCount"":45},{""state"":""address-and-phone-restored"",""observedAt"":""2026-09-22T17:18:01.222Z"",""controlCount"":45}]","[""single_direct_id_selector_candidate""]","[{""code"":""plan_selector_differs_from_runtime_selector"",""mappingKey"":""last_visa_issue_month"",""proven"":true}]",,[],finalized_runtime_selector_reconciliation,false,direct_id_candidate
last_visa_issue_year,Previous U.S. Travel,previous_us_travel,"[""extended""]",text,text,,unproven_mapping,"[""ctl00_SiteContentPlaceHolder_FormView1_tbxPREV_VISA_ISSUED_DTEYear""]","[{""state"":""previous-us-travel-restored"",""observedAt"":""2026-09-22T17:14:15.933Z"",""controlCount"":12},{""state"":""previous-us-visits-yes"",""observedAt"":""2026-09-22T17:15:53.357Z"",""controlCount"":21},{""state"":""previous-visa-yes"",""observedAt"":""2026-09-22T17:16:21.388Z"",""controlCount"":37},{""state"":""previous-drivers-license-yes"",""observedAt"":""2026-09-22T17:16:37.832Z"",""controlCount"":40},{""state"":""previous-visa-lost-yes"",""observedAt"":""2026-09-22T17:16:50.316Z"",""controlCount"":42},{""state"":""previous-visa-cancelled-yes"",""observedAt"":""2026-09-22T17:17:03.356Z"",""controlCount"":43},{""state"":""previous-visa-refused-yes"",""observedAt"":""2026-09-22T17:17:16.357Z"",""controlCount"":44},{""state"":""previous-immigrant-petition-yes"",""observedAt"":""2026-09-22T17:17:37.451Z"",""controlCount"":45},{""state"":""address-and-phone-restored"",""observedAt"":""2026-09-22T17:18:01.222Z"",""controlCount"":45}]","[""single_direct_id_selector_candidate""]","[{""code"":""plan_selector_differs_from_runtime_selector"",""mappingKey"":""last_visa_issue_year"",""proven"":true}]",,[],finalized_runtime_selector_reconciliation,false,direct_id_candidate
previous_visit_length_of_stay,Previous U.S. Travel,previous_us_travel,"[""extended""]",text,text,,unproven_mapping,"[""ctl00_SiteContentPlaceHolder_FormView1_dtlPREV_US_VISIT_ctl00_tbxPREV_US_VISIT_LOS""]","[{""state"":""previous-us-travel-restored"",""observedAt"":""2026-09-22T17:14:15.933Z"",""controlCount"":12},{""state"":""previous-us-visits-yes"",""observedAt"":""2026-09-22T17:15:53.357Z"",""controlCount"":21},{""state"":""previous-visa-yes"",""observedAt"":""2026-09-22T17:16:21.388Z"",""controlCount"":37},{""state"":""previous-drivers-license-yes"",""observedAt"":""2026-09-22T17:16:37.832Z"",""controlCount"":40},{""state"":""previous-visa-lost-yes"",""observedAt"":""2026-09-22T17:16:50.316Z"",""controlCount"":42},{""state"":""previous-visa-cancelled-yes"",""observedAt"":""2026-09-22T17:17:03.356Z"",""controlCount"":43},{""state"":""previous-visa-refused-yes"",""observedAt"":""2026-09-22T17:17:16.357Z"",""controlCount"":44},{""state"":""previous-immigrant-petition-yes"",""observedAt"":""2026-09-22T17:17:37.451Z"",""controlCount"":45},{""state"":""address-and-phone-restored"",""observedAt"":""2026-09-22T17:18:01.222Z"",""controlCount"":45}]","[""single_direct_id_selector_candidate""]","[{""code"":""plan_selector_differs_from_runtime_selector"",""mappingKey"":""previous_visit_length_of_stay"",""proven"":true}]",previous_visits,"[{""code"":""repeat_dom_controls_unverified_in_static_contract"",""repeatGroup"":""previous_visits"",""proven"":true,""detail"":""Static row/add/remove selectors are unset and marked unverified; current DOM discovery is required.""}]",finalized_runtime_selector_reconciliation,false,direct_id_candidate
previous_visit_length_of_stay_unit,Previous U.S. Travel,previous_us_travel,"[""extended""]",select,select,,unproven_mapping,"[""ctl00_SiteContentPlaceHolder_FormView1_dtlPREV_US_VISIT_ctl00_ddlPREV_US_VISIT_LOS_CD""]","[{""state"":""previous-us-travel-restored"",""observedAt"":""2026-09-22T17:14:15.933Z"",""controlCount"":12},{""state"":""previous-us-visits-yes"",""observedAt"":""2026-09-22T17:15:53.357Z"",""controlCount"":21},{""state"":""previous-visa-yes"",""observedAt"":""2026-09-22T17:16:21.388Z"",""controlCount"":37},{""state"":""previous-drivers-license-yes"",""observedAt"":""2026-09-22T17:16:37.832Z"",""controlCount"":40},{""state"":""previous-visa-lost-yes"",""observedAt"":""2026-09-22T17:16:50.316Z"",""controlCount"":42},{""state"":""previous-visa-cancelled-yes"",""observedAt"":""2026-09-22T17:17:03.356Z"",""controlCount"":43},{""state"":""previous-visa-refused-yes"",""observedAt"":""2026-09-22T17:17:16.357Z"",""controlCount"":44},{""state"":""previous-immigrant-petition-yes"",""observedAt"":""2026-09-22T17:17:37.451Z"",""controlCount"":45},{""state"":""address-and-phone-restored"",""observedAt"":""2026-09-22T17:18:01.222Z"",""controlCount"":45}]","[""single_direct_id_selector_candidate""]","[{""code"":""plan_selector_differs_from_runtime_selector"",""mappingKey"":""previous_visit_length_of_stay_unit"",""proven"":true}]",previous_visits,"[{""code"":""repeat_dom_controls_unverified_in_static_contract"",""repeatGroup"":""previous_visits"",""proven"":true,""detail"":""Static row/add/remove selectors are unset and marked unverified; current DOM discovery is required.""}]",finalized_runtime_selector_reconciliation,false,direct_id_candidate
additional_email,Address and Phone,address_and_phone,"[""extended""]",text,text,,unproven_mapping,"[""ctl00_SiteContentPlaceHolder_FormView1_dtlAddEmail_ctl00_tbxAddEmailInfo""]","[{""state"":""address-phone-ready"",""observedAt"":""2026-09-22T17:18:36.013Z"",""controlCount"":36},{""state"":""address-additional-phone-yes"",""observedAt"":""2026-09-22T17:19:02.656Z"",""controlCount"":37},{""state"":""address-additional-email-yes"",""observedAt"":""2026-09-22T17:19:14.320Z"",""controlCount"":38},{""state"":""address-additional-social-yes"",""observedAt"":""2026-09-22T17:19:27.060Z"",""controlCount"":40}]","[""single_direct_id_selector_candidate""]","[{""code"":""plan_selector_differs_from_runtime_selector"",""mappingKey"":""additional_email"",""proven"":true}]",additional_emails,"[{""code"":""repeat_dom_controls_unverified_in_static_contract"",""repeatGroup"":""additional_emails"",""proven"":true,""detail"":""Static row/add/remove selectors are unset and marked unverified; current DOM discovery is required.""}]",finalized_runtime_selector_reconciliation,false,direct_id_candidate
additional_phone,Address and Phone,address_and_phone,"[""extended""]",text,text,,unproven_mapping,"[""ctl00_SiteContentPlaceHolder_FormView1_dtlAddPhone_ctl00_tbxAddPhoneInfo""]","[{""state"":""address-phone-ready"",""observedAt"":""2026-09-22T17:18:36.013Z"",""controlCount"":36},{""state"":""address-additional-phone-yes"",""observedAt"":""2026-09-22T17:19:02.656Z"",""controlCount"":37},{""state"":""address-additional-email-yes"",""observedAt"":""2026-09-22T17:19:14.320Z"",""controlCount"":38},{""state"":""address-additional-social-yes"",""observedAt"":""2026-09-22T17:19:27.060Z"",""controlCount"":40}]","[""single_direct_id_selector_candidate""]","[{""code"":""plan_selector_differs_from_runtime_selector"",""mappingKey"":""additional_phone"",""proven"":true}]",additional_phones,"[{""code"":""repeat_dom_controls_unverified_in_static_contract"",""repeatGroup"":""additional_phones"",""proven"":true,""detail"":""Static row/add/remove selectors are unset and marked unverified; current DOM discovery is required.""}]",finalized_runtime_selector_reconciliation,false,direct_id_candidate
secondary_phone,Address and Phone,address_and_phone,"[""extended"",""extended""]",text,text,,unproven_mapping,"[""ctl00_SiteContentPlaceHolder_FormView1_tbxAPP_MOBILE_TEL"",""ctl00_SiteContentPlaceHolder_FormView1_cbexAPP_MOBILE_TEL_NA""]","[{""state"":""address-phone-ready"",""observedAt"":""2026-09-22T17:18:36.013Z"",""controlCount"":36},{""state"":""address-additional-phone-yes"",""observedAt"":""2026-09-22T17:19:02.656Z"",""controlCount"":37},{""state"":""address-additional-email-yes"",""observedAt"":""2026-09-22T17:19:14.320Z"",""controlCount"":38},{""state"":""address-additional-social-yes"",""observedAt"":""2026-09-22T17:19:27.060Z"",""controlCount"":40}]","[""single_direct_id_selector_candidate"",""single_direct_id_selector_candidate""]","[{""code"":""plan_selector_differs_from_runtime_selector"",""mappingKey"":""secondary_phone"",""proven"":true}]",,[],finalized_runtime_selector_reconciliation,false,direct_id_candidate
mailing_address_city,Address and Phone,address_and_phone,"[""extended""]",text,text,,unproven_mapping,"[""ctl00_SiteContentPlaceHolder_FormView1_tbxMAILING_ADDR_CITY""]","[{""state"":""address-phone-ready"",""observedAt"":""2026-09-22T17:18:36.013Z"",""controlCount"":36},{""state"":""address-additional-phone-yes"",""observedAt"":""2026-09-22T17:19:02.656Z"",""controlCount"":37},{""state"":""address-additional-email-yes"",""observedAt"":""2026-09-22T17:19:14.320Z"",""controlCount"":38},{""state"":""address-additional-social-yes"",""observedAt"":""2026-09-22T17:19:27.060Z"",""controlCount"":40}]","[""single_direct_id_selector_candidate""]","[{""code"":""plan_selector_differs_from_runtime_selector"",""mappingKey"":""mailing_address_city"",""proven"":true}]",,[],finalized_runtime_selector_reconciliation,false,direct_id_candidate
mailing_address_country,Address and Phone,address_and_phone,"[""extended""]",select,select,,unproven_mapping,"[""ctl00_SiteContentPlaceHolder_FormView1_ddlMailCountry""]","[{""state"":""address-phone-ready"",""observedAt"":""2026-09-22T17:18:36.013Z"",""controlCount"":36},{""state"":""address-additional-phone-yes"",""observedAt"":""2026-09-22T17:19:02.656Z"",""controlCount"":37},{""state"":""address-additional-email-yes"",""observedAt"":""2026-09-22T17:19:14.320Z"",""controlCount"":38},{""state"":""address-additional-social-yes"",""observedAt"":""2026-09-22T17:19:27.060Z"",""controlCount"":40}]","[""single_direct_id_selector_candidate""]","[{""code"":""plan_selector_differs_from_runtime_selector"",""mappingKey"":""mailing_address_country"",""proven"":true}]",,[],finalized_runtime_selector_reconciliation,false,direct_id_candidate
mailing_address_line1,Address and Phone,address_and_phone,"[""extended""]",text,text,,unproven_mapping,"[""ctl00_SiteContentPlaceHolder_FormView1_tbxMAILING_ADDR_LN1""]","[{""state"":""address-phone-ready"",""observedAt"":""2026-09-22T17:18:36.013Z"",""controlCount"":36},{""state"":""address-additional-phone-yes"",""observedAt"":""2026-09-22T17:19:02.656Z"",""controlCount"":37},{""state"":""address-additional-email-yes"",""observedAt"":""2026-09-22T17:19:14.320Z"",""controlCount"":38},{""state"":""address-additional-social-yes"",""observedAt"":""2026-09-22T17:19:27.060Z"",""controlCount"":40}]","[""single_direct_id_selector_candidate""]","[{""code"":""plan_selector_differs_from_runtime_selector"",""mappingKey"":""mailing_address_line1"",""proven"":true}]",,[],finalized_runtime_selector_reconciliation,false,direct_id_candidate
mailing_address_line2,Address and Phone,address_and_phone,"[""extended""]",text,text,,unproven_mapping,"[""ctl00_SiteContentPlaceHolder_FormView1_tbxMAILING_ADDR_LN2""]","[{""state"":""address-phone-ready"",""observedAt"":""2026-09-22T17:18:36.013Z"",""controlCount"":36},{""state"":""address-additional-phone-yes"",""observedAt"":""2026-09-22T17:19:02.656Z"",""controlCount"":37},{""state"":""address-additional-email-yes"",""observedAt"":""2026-09-22T17:19:14.320Z"",""controlCount"":38},{""state"":""address-additional-social-yes"",""observedAt"":""2026-09-22T17:19:27.060Z"",""controlCount"":40}]","[""single_direct_id_selector_candidate""]","[{""code"":""plan_selector_differs_from_runtime_selector"",""mappingKey"":""mailing_address_line2"",""proven"":true}]",,[],finalized_runtime_selector_reconciliation,false,direct_id_candidate
mailing_address_postal,Address and Phone,address_and_phone,"[""extended"",""extended""]",text,text,,unproven_mapping,"[""ctl00_SiteContentPlaceHolder_FormView1_tbxMAILING_ADDR_POSTAL_CD"",""ctl00_SiteContentPlaceHolder_FormView1_cbexMAILING_ADDR_POSTAL_CD_NA""]","[{""state"":""address-phone-ready"",""observedAt"":""2026-09-22T17:18:36.013Z"",""controlCount"":36},{""state"":""address-additional-phone-yes"",""observedAt"":""2026-09-22T17:19:02.656Z"",""controlCount"":37},{""state"":""address-additional-email-yes"",""observedAt"":""2026-09-22T17:19:14.320Z"",""controlCount"":38},{""state"":""address-additional-social-yes"",""observedAt"":""2026-09-22T17:19:27.060Z"",""controlCount"":40}]","[""single_direct_id_selector_candidate"",""single_direct_id_selector_candidate""]","[{""code"":""plan_selector_differs_from_runtime_selector"",""mappingKey"":""mailing_address_postal"",""proven"":true}]",,[],finalized_runtime_selector_reconciliation,false,direct_id_candidate
mailing_address_state,Address and Phone,address_and_phone,"[""extended"",""extended""]",text,text,,unproven_mapping,"[""ctl00_SiteContentPlaceHolder_FormView1_tbxMAILING_ADDR_STATE"",""ctl00_SiteContentPlaceHolder_FormView1_cbexMAILING_ADDR_STATE_NA""]","[{""state"":""address-phone-ready"",""observedAt"":""2026-09-22T17:18:36.013Z"",""controlCount"":36},{""state"":""address-additional-phone-yes"",""observedAt"":""2026-09-22T17:19:02.656Z"",""controlCount"":37},{""state"":""address-additional-email-yes"",""observedAt"":""2026-09-22T17:19:14.320Z"",""controlCount"":38},{""state"":""address-additional-social-yes"",""observedAt"":""2026-09-22T17:19:27.060Z"",""controlCount"":40}]","[""single_direct_id_selector_candidate"",""single_direct_id_selector_candidate""]","[{""code"":""plan_selector_differs_from_runtime_selector"",""mappingKey"":""mailing_address_state"",""proven"":true}]",,[],finalized_runtime_selector_reconciliation,false,direct_id_candidate
other_social_media_identifier,Address and Phone,address_and_phone,"[""extended""]",text,text,,unproven_mapping,"[""ctl00_SiteContentPlaceHolder_FormView1_dtlAddSocial_ctl00_tbxAddSocialHand""]","[{""state"":""address-phone-ready"",""observedAt"":""2026-09-22T17:18:36.013Z"",""controlCount"":36},{""state"":""address-additional-phone-yes"",""observedAt"":""2026-09-22T17:19:02.656Z"",""controlCount"":37},{""state"":""address-additional-email-yes"",""observedAt"":""2026-09-22T17:19:14.320Z"",""controlCount"":38},{""state"":""address-additional-social-yes"",""observedAt"":""2026-09-22T17:19:27.060Z"",""controlCount"":40}]","[""single_direct_id_selector_candidate""]","[{""code"":""plan_selector_differs_from_runtime_selector"",""mappingKey"":""other_social_media_identifier"",""proven"":true}]",other_social_media,"[{""code"":""repeat_dom_controls_unverified_in_static_contract"",""repeatGroup"":""other_social_media"",""proven"":true,""detail"":""Static row/add/remove selectors are unset and marked unverified; current DOM discovery is required.""}]",finalized_runtime_selector_reconciliation,false,direct_id_candidate
other_social_media_name,Address and Phone,address_and_phone,"[""extended""]",text,text,,unproven_mapping,"[""ctl00_SiteContentPlaceHolder_FormView1_dtlAddSocial_ctl00_tbxAddSocialPlat""]","[{""state"":""address-phone-ready"",""observedAt"":""2026-09-22T17:18:36.013Z"",""controlCount"":36},{""state"":""address-additional-phone-yes"",""observedAt"":""2026-09-22T17:19:02.656Z"",""controlCount"":37},{""state"":""address-additional-email-yes"",""observedAt"":""2026-09-22T17:19:14.320Z"",""controlCount"":38},{""state"":""address-additional-social-yes"",""observedAt"":""2026-09-22T17:19:27.060Z"",""controlCount"":40}]","[""single_direct_id_selector_candidate""]","[{""code"":""plan_selector_differs_from_runtime_selector"",""mappingKey"":""other_social_media_name"",""proven"":true}]",other_social_media,"[{""code"":""repeat_dom_controls_unverified_in_static_contract"",""repeatGroup"":""other_social_media"",""proven"":true,""detail"":""Static row/add/remove selectors are unset and marked unverified; current DOM discovery is required.""}]",finalized_runtime_selector_reconciliation,false,direct_id_candidate
passport_document_type_explain,Passport Information,passport,"[""extended""]",text,textarea,4000,unresolved,"[""ctl00_SiteContentPlaceHolder_FormView1_tbxPptOtherExpl""]","[{""state"":""retrieved-passport"",""observedAt"":""2026-09-22T16:55:32.379Z"",""controlCount"":24},{""state"":""passport-lost-yes"",""observedAt"":""2026-09-22T16:56:04.374Z"",""controlCount"":28},{""state"":""passport-lost-number-unknown"",""observedAt"":""2026-09-22T16:56:53.907Z"",""controlCount"":28},{""state"":""passport-document-other"",""observedAt"":""2026-09-22T16:58:13.363Z"",""controlCount"":25}]","[""single_direct_id_selector_candidate""]","[{""code"":""plan_selector_differs_from_runtime_selector"",""mappingKey"":""passport_document_type_explain"",""proven"":true}]",,[],finalized_runtime_selector_reconciliation,false,direct_id_candidate
lost_passport_country,Passport Information,passport,"[""extended""]",select,select,,unproven_mapping,"[""ctl00_SiteContentPlaceHolder_FormView1_ddlPPT_ISSUED_CNTRY"",""ctl00_SiteContentPlaceHolder_FormView1_dtlLostPPT_ctl00_ddlLOST_PPT_NATL""]","[{""state"":""retrieved-passport"",""observedAt"":""2026-09-22T16:55:32.379Z"",""controlCount"":24},{""state"":""passport-lost-yes"",""observedAt"":""2026-09-22T16:56:04.374Z"",""controlCount"":28},{""state"":""passport-lost-number-unknown"",""observedAt"":""2026-09-22T16:56:53.907Z"",""controlCount"":28},{""state"":""passport-document-other"",""observedAt"":""2026-09-22T16:58:13.363Z"",""controlCount"":25}]","[""single_direct_id_selector_candidate""]","[{""code"":""plan_selector_differs_from_runtime_selector"",""mappingKey"":""lost_passport_country"",""proven"":true}]",lost_passport,"[{""code"":""repeat_dom_controls_unverified_in_static_contract"",""repeatGroup"":""lost_passport"",""proven"":true,""detail"":""Static row/add/remove selectors are unset and marked unverified; current DOM discovery is required.""}]",finalized_runtime_selector_reconciliation,false,direct_id_candidate
lost_passport_explain,Passport Information,passport,"[""extended""]",textarea,textarea,4000,unproven_mapping,"[""ctl00_SiteContentPlaceHolder_FormView1_dtlLostPPT_ctl00_tbxLOST_PPT_EXPL"",""ctl00_SiteContentPlaceHolder_FormView1_tbxPptOtherExpl""]","[{""state"":""retrieved-passport"",""observedAt"":""2026-09-22T16:55:32.379Z"",""controlCount"":24},{""state"":""passport-lost-yes"",""observedAt"":""2026-09-22T16:56:04.374Z"",""controlCount"":28},{""state"":""passport-lost-number-unknown"",""observedAt"":""2026-09-22T16:56:53.907Z"",""controlCount"":28},{""state"":""passport-document-other"",""observedAt"":""2026-09-22T16:58:13.363Z"",""controlCount"":25}]","[""single_direct_id_selector_candidate""]","[{""code"":""plan_selector_differs_from_runtime_selector"",""mappingKey"":""lost_passport_explain"",""proven"":true}]",lost_passport,"[{""code"":""repeat_dom_controls_unverified_in_static_contract"",""repeatGroup"":""lost_passport"",""proven"":true,""detail"":""Static row/add/remove selectors are unset and marked unverified; current DOM discovery is required.""}]",finalized_runtime_selector_reconciliation,false,direct_id_candidate
us_relative_relationship,Family Information: Relatives,family_relatives,"[""extended""]",select,select,,unproven_mapping,"[""ctl00_SiteContentPlaceHolder_FormView1_dlUSRelatives_ctl00_ddlUS_REL_TYPE""]","[{""state"":""family-relatives-restored"",""observedAt"":""2026-09-22T17:19:42.743Z"",""controlCount"":33},{""state"":""family-immediate-relative-live"",""observedAt"":""2026-09-22T17:52:37.067Z"",""controlCount"":33}]","[""single_direct_id_selector_candidate""]","[{""code"":""plan_selector_differs_from_runtime_selector"",""mappingKey"":""us_relative_relationship"",""proven"":true}]",us_relatives,"[{""code"":""repeat_dom_controls_unverified_in_static_contract"",""repeatGroup"":""us_relatives"",""proven"":true,""detail"":""Static row/add/remove selectors are unset and marked unverified; current DOM discovery is required.""}]",finalized_runtime_selector_reconciliation,false,direct_id_candidate
deceased_spouse_city_of_birth,Family Information: Deceased Spouse,family_spouse,"[""extended"",""extended""]",text,text,20,unproven_mapping,"[""ctl00_SiteContentPlaceHolder_FormView1_tbxSpousePOBCity"",""ctl00_SiteContentPlaceHolder_FormView1_cbxSPOUSE_POB_CITY_NA""]","[{""state"":""family-deceased-spouse-visible"",""observedAt"":""2026-09-22T17:26:18.257Z"",""controlCount"":13}]","[""single_direct_id_selector_candidate"",""single_direct_id_selector_candidate""]","[{""code"":""plan_selector_differs_from_runtime_selector"",""mappingKey"":""deceased_spouse_city_of_birth"",""proven"":true}]",,[],finalized_runtime_selector_reconciliation,false,direct_id_candidate
deceased_spouse_country_of_birth,Family Information: Deceased Spouse,family_spouse,"[""extended""]",select,select,,unproven_mapping,"[""ctl00_SiteContentPlaceHolder_FormView1_ddlSpousePOBCountry""]","[{""state"":""family-deceased-spouse-visible"",""observedAt"":""2026-09-22T17:26:18.257Z"",""controlCount"":13}]","[""single_direct_id_selector_candidate""]","[{""code"":""plan_selector_differs_from_runtime_selector"",""mappingKey"":""deceased_spouse_country_of_birth"",""proven"":true}]",,[],finalized_runtime_selector_reconciliation,false,direct_id_candidate
deceased_spouse_date_of_birth,Family Information: Deceased Spouse,family_spouse,"[""extended"",""extended"",""extended""]",date,date,,unproven_mapping,"[""ctl00_SiteContentPlaceHolder_FormView1_ddlDOBDay"",""ctl00_SiteContentPlaceHolder_FormView1_ddlDOBMonth"",""ctl00_SiteContentPlaceHolder_FormView1_tbxDOBYear""]","[{""state"":""family-deceased-spouse-visible"",""observedAt"":""2026-09-22T17:26:18.257Z"",""controlCount"":13}]","[""single_direct_id_selector_candidate"",""single_direct_id_selector_candidate"",""single_direct_id_selector_candidate""]","[{""code"":""plan_selector_differs_from_runtime_selector"",""mappingKey"":""deceased_spouse_date_of_birth_day"",""proven"":true},{""code"":""plan_selector_differs_from_runtime_selector"",""mappingKey"":""deceased_spouse_date_of_birth_month"",""proven"":true},{""code"":""plan_selector_differs_from_runtime_selector"",""mappingKey"":""deceased_spouse_date_of_birth_year"",""proven"":true}]",,[],finalized_runtime_selector_reconciliation,false,direct_id_candidate
deceased_spouse_given_names,Family Information: Deceased Spouse,family_spouse,"[""extended""]",text,text,33,unproven_mapping,"[""ctl00_SiteContentPlaceHolder_FormView1_tbxGIVEN_NAME""]","[{""state"":""family-deceased-spouse-visible"",""observedAt"":""2026-09-22T17:26:18.257Z"",""controlCount"":13}]","[""single_direct_id_selector_candidate""]","[{""code"":""plan_selector_differs_from_runtime_selector"",""mappingKey"":""deceased_spouse_given_names"",""proven"":true}]",,[],finalized_runtime_selector_reconciliation,false,direct_id_candidate
deceased_spouse_nationality,Family Information: Deceased Spouse,family_spouse,"[""extended""]",select,select,,unproven_mapping,"[""ctl00_SiteContentPlaceHolder_FormView1_ddlSpouseNatDropDownList""]","[{""state"":""family-deceased-spouse-visible"",""observedAt"":""2026-09-22T17:26:18.257Z"",""controlCount"":13}]","[""single_direct_id_selector_candidate""]","[{""code"":""plan_selector_differs_from_runtime_selector"",""mappingKey"":""deceased_spouse_nationality"",""proven"":true}]",,[],finalized_runtime_selector_reconciliation,false,direct_id_candidate
deceased_spouse_surname,Family Information: Deceased Spouse,family_spouse,"[""extended""]",text,text,33,unproven_mapping,"[""ctl00_SiteContentPlaceHolder_FormView1_tbxSURNAME""]","[{""state"":""family-deceased-spouse-visible"",""observedAt"":""2026-09-22T17:26:18.257Z"",""controlCount"":13}]","[""single_direct_id_selector_candidate""]","[{""code"":""plan_selector_differs_from_runtime_selector"",""mappingKey"":""deceased_spouse_surname"",""proven"":true}]",,[],finalized_runtime_selector_reconciliation,false,direct_id_candidate
former_spouse_country_marriage_terminated,Family Information: Former Spouse,family_spouse,"[""extended""]",select,select,,unproven_mapping,"[""ctl00_SiteContentPlaceHolder_FormView1_DListSpouse_ctl00_ddlMarriageEnded_CNTRY"",""ctl00_SiteContentPlaceHolder_FormView1_DListSpouse_ctl01_ddlMarriageEnded_CNTRY"",""ctl00_SiteContentPlaceHolder_FormView1_DListSpouse_ctl02_ddlMarriageEnded_CNTRY""]","[{""state"":""family-former-spouse-visible"",""observedAt"":""2026-09-22T17:27:45.466Z"",""controlCount"":25},{""state"":""former-spouse-two-rows"",""observedAt"":""2026-09-22T17:28:55.236Z"",""controlCount"":25},{""state"":""former-spouse-number-blur"",""observedAt"":""2026-09-22T17:30:13.225Z"",""controlCount"":25},{""state"":""former-spouse-count-three-next"",""observedAt"":""2026-09-22T17:31:11.384Z"",""controlCount"":25},{""state"":""former-spouse-two-rows-confirmed"",""observedAt"":""2026-09-22T17:31:38.943Z"",""controlCount"":45},{""state"":""former-spouse-three-rows-confirmed"",""observedAt"":""2026-09-22T17:32:13.419Z"",""controlCount"":65},{""state"":""former-spouse-three-duplicate-rejected"",""observedAt"":""2026-09-22T17:33:11.411Z"",""controlCount"":65},{""state"":""former-spouse-same-identity-different-marriage-validation"",""observedAt"":""2026-09-22T17:54:16.173Z"",""controlCount"":65},{""state"":""former-spouse-same-name-dob-all-other-details-different"",""observedAt"":""2026-09-22T17:55:00.573Z"",""controlCount"":65}]","[""ambiguous_direct_id_selector_candidates""]","[{""code"":""plan_selector_differs_from_runtime_selector"",""mappingKey"":""former_spouse_country_marriage_terminated"",""proven"":true}]",former_spouses,"[{""code"":""repeat_dom_controls_unverified_in_static_contract"",""repeatGroup"":""former_spouses"",""proven"":true,""detail"":""Static row/add/remove selectors are unset and marked unverified; current DOM discovery is required.""}]",finalized_runtime_selector_reconciliation,false,ambiguous_direct_id_selector_candidate
former_spouse_city_of_birth,Family Information: Former Spouse,family_spouse,"[""extended"",""extended""]",text,text,20,unproven_mapping,"[""ctl00_SiteContentPlaceHolder_FormView1_DListSpouse_ctl00_tbxSpousePOBCity"",""ctl00_SiteContentPlaceHolder_FormView1_DListSpouse_ctl01_tbxSpousePOBCity"",""ctl00_SiteContentPlaceHolder_FormView1_DListSpouse_ctl02_tbxSpousePOBCity"",""ctl00_SiteContentPlaceHolder_FormView1_DListSpouse_ctl00_cbxSPOUSE_POB_CITY_NA"",""ctl00_SiteContentPlaceHolder_FormView1_DListSpouse_ctl01_cbxSPOUSE_POB_CITY_NA"",""ctl00_SiteContentPlaceHolder_FormView1_DListSpouse_ctl02_cbxSPOUSE_POB_CITY_NA""]","[{""state"":""family-former-spouse-visible"",""observedAt"":""2026-09-22T17:27:45.466Z"",""controlCount"":25},{""state"":""former-spouse-two-rows"",""observedAt"":""2026-09-22T17:28:55.236Z"",""controlCount"":25},{""state"":""former-spouse-number-blur"",""observedAt"":""2026-09-22T17:30:13.225Z"",""controlCount"":25},{""state"":""former-spouse-count-three-next"",""observedAt"":""2026-09-22T17:31:11.384Z"",""controlCount"":25},{""state"":""former-spouse-two-rows-confirmed"",""observedAt"":""2026-09-22T17:31:38.943Z"",""controlCount"":45},{""state"":""former-spouse-three-rows-confirmed"",""observedAt"":""2026-09-22T17:32:13.419Z"",""controlCount"":65},{""state"":""former-spouse-three-duplicate-rejected"",""observedAt"":""2026-09-22T17:33:11.411Z"",""controlCount"":65},{""state"":""former-spouse-same-identity-different-marriage-validation"",""observedAt"":""2026-09-22T17:54:16.173Z"",""controlCount"":65},{""state"":""former-spouse-same-name-dob-all-other-details-different"",""observedAt"":""2026-09-22T17:55:00.573Z"",""controlCount"":65}]","[""ambiguous_direct_id_selector_candidates"",""ambiguous_direct_id_selector_candidates""]","[{""code"":""plan_selector_differs_from_runtime_selector"",""mappingKey"":""former_spouse_city_of_birth"",""proven"":true},{""code"":""plan_selector_differs_from_runtime_selector"",""mappingKey"":""former_spouse_city_of_birth_unknown"",""proven"":true}]",former_spouses,"[{""code"":""repeat_dom_controls_unverified_in_static_contract"",""repeatGroup"":""former_spouses"",""proven"":true,""detail"":""Static row/add/remove selectors are unset and marked unverified; current DOM discovery is required.""}]",finalized_runtime_selector_reconciliation,false,ambiguous_direct_id_selector_candidate
former_spouse_country_of_birth,Family Information: Former Spouse,family_spouse,"[""extended""]",select,select,,unproven_mapping,"[""ctl00_SiteContentPlaceHolder_FormView1_DListSpouse_ctl00_ddlSpousePOBCountry"",""ctl00_SiteContentPlaceHolder_FormView1_DListSpouse_ctl01_ddlSpousePOBCountry"",""ctl00_SiteContentPlaceHolder_FormView1_DListSpouse_ctl02_ddlSpousePOBCountry""]","[{""state"":""family-former-spouse-visible"",""observedAt"":""2026-09-22T17:27:45.466Z"",""controlCount"":25},{""state"":""former-spouse-two-rows"",""observedAt"":""2026-09-22T17:28:55.236Z"",""controlCount"":25},{""state"":""former-spouse-number-blur"",""observedAt"":""2026-09-22T17:30:13.225Z"",""controlCount"":25},{""state"":""former-spouse-count-three-next"",""observedAt"":""2026-09-22T17:31:11.384Z"",""controlCount"":25},{""state"":""former-spouse-two-rows-confirmed"",""observedAt"":""2026-09-22T17:31:38.943Z"",""controlCount"":45},{""state"":""former-spouse-three-rows-confirmed"",""observedAt"":""2026-09-22T17:32:13.419Z"",""controlCount"":65},{""state"":""former-spouse-three-duplicate-rejected"",""observedAt"":""2026-09-22T17:33:11.411Z"",""controlCount"":65},{""state"":""former-spouse-same-identity-different-marriage-validation"",""observedAt"":""2026-09-22T17:54:16.173Z"",""controlCount"":65},{""state"":""former-spouse-same-name-dob-all-other-details-different"",""observedAt"":""2026-09-22T17:55:00.573Z"",""controlCount"":65}]","[""ambiguous_direct_id_selector_candidates""]","[{""code"":""plan_selector_differs_from_runtime_selector"",""mappingKey"":""former_spouse_country_of_birth"",""proven"":true}]",former_spouses,"[{""code"":""repeat_dom_controls_unverified_in_static_contract"",""repeatGroup"":""former_spouses"",""proven"":true,""detail"":""Static row/add/remove selectors are unset and marked unverified; current DOM discovery is required.""}]",finalized_runtime_selector_reconciliation,false,ambiguous_direct_id_selector_candidate
former_spouse_date_marriage_ended,Family Information: Former Spouse,family_spouse,"[""extended"",""extended"",""extended""]",date,date,,unproven_mapping,"[""ctl00_SiteContentPlaceHolder_FormView1_DListSpouse_ctl00_ddlDomEndDay"",""ctl00_SiteContentPlaceHolder_FormView1_DListSpouse_ctl01_ddlDomEndDay"",""ctl00_SiteContentPlaceHolder_FormView1_DListSpouse_ctl02_ddlDomEndDay"",""ctl00_SiteContentPlaceHolder_FormView1_DListSpouse_ctl00_ddlDomEndMonth"",""ctl00_SiteContentPlaceHolder_FormView1_DListSpouse_ctl01_ddlDomEndMonth"",""ctl00_SiteContentPlaceHolder_FormView1_DListSpouse_ctl02_ddlDomEndMonth"",""ctl00_SiteContentPlaceHolder_FormView1_DListSpouse_ctl00_txtDomEndYear"",""ctl00_SiteContentPlaceHolder_FormView1_DListSpouse_ctl01_txtDomEndYear"",""ctl00_SiteContentPlaceHolder_FormView1_DListSpouse_ctl02_txtDomEndYear""]","[{""state"":""family-former-spouse-visible"",""observedAt"":""2026-09-22T17:27:45.466Z"",""controlCount"":25},{""state"":""former-spouse-two-rows"",""observedAt"":""2026-09-22T17:28:55.236Z"",""controlCount"":25},{""state"":""former-spouse-number-blur"",""observedAt"":""2026-09-22T17:30:13.225Z"",""controlCount"":25},{""state"":""former-spouse-count-three-next"",""observedAt"":""2026-09-22T17:31:11.384Z"",""controlCount"":25},{""state"":""former-spouse-two-rows-confirmed"",""observedAt"":""2026-09-22T17:31:38.943Z"",""controlCount"":45},{""state"":""former-spouse-three-rows-confirmed"",""observedAt"":""2026-09-22T17:32:13.419Z"",""controlCount"":65},{""state"":""former-spouse-three-duplicate-rejected"",""observedAt"":""2026-09-22T17:33:11.411Z"",""controlCount"":65},{""state"":""former-spouse-same-identity-different-marriage-validation"",""observedAt"":""2026-09-22T17:54:16.173Z"",""controlCount"":65},{""state"":""former-spouse-same-name-dob-all-other-details-different"",""observedAt"":""2026-09-22T17:55:00.573Z"",""controlCount"":65}]","[""ambiguous_direct_id_selector_candidates"",""ambiguous_direct_id_selector_candidates"",""ambiguous_direct_id_selector_candidates""]","[{""code"":""plan_selector_differs_from_runtime_selector"",""mappingKey"":""former_spouse_date_marriage_ended_day"",""proven"":true},{""code"":""plan_selector_differs_from_runtime_selector"",""mappingKey"":""former_spouse_date_marriage_ended_month"",""proven"":true},{""code"":""plan_selector_differs_from_runtime_selector"",""mappingKey"":""former_spouse_date_marriage_ended_year"",""proven"":true}]",former_spouses,"[{""code"":""repeat_dom_controls_unverified_in_static_contract"",""repeatGroup"":""former_spouses"",""proven"":true,""detail"":""Static row/add/remove selectors are unset and marked unverified; current DOM discovery is required.""}]",finalized_runtime_selector_reconciliation,false,ambiguous_direct_id_selector_candidate
former_spouse_date_of_birth,Family Information: Former Spouse,family_spouse,"[""extended"",""extended"",""extended""]",date,date,,unproven_mapping,"[""ctl00_SiteContentPlaceHolder_FormView1_DListSpouse_ctl00_ddlDOBDay"",""ctl00_SiteContentPlaceHolder_FormView1_DListSpouse_ctl01_ddlDOBDay"",""ctl00_SiteContentPlaceHolder_FormView1_DListSpouse_ctl02_ddlDOBDay"",""ctl00_SiteContentPlaceHolder_FormView1_DListSpouse_ctl00_ddlDOBMonth"",""ctl00_SiteContentPlaceHolder_FormView1_DListSpouse_ctl01_ddlDOBMonth"",""ctl00_SiteContentPlaceHolder_FormView1_DListSpouse_ctl02_ddlDOBMonth"",""ctl00_SiteContentPlaceHolder_FormView1_DListSpouse_ctl00_tbxDOBYear"",""ctl00_SiteContentPlaceHolder_FormView1_DListSpouse_ctl01_tbxDOBYear"",""ctl00_SiteContentPlaceHolder_FormView1_DListSpouse_ctl02_tbxDOBYear""]","[{""state"":""family-former-spouse-visible"",""observedAt"":""2026-09-22T17:27:45.466Z"",""controlCount"":25},{""state"":""former-spouse-two-rows"",""observedAt"":""2026-09-22T17:28:55.236Z"",""controlCount"":25},{""state"":""former-spouse-number-blur"",""observedAt"":""2026-09-22T17:30:13.225Z"",""controlCount"":25},{""state"":""former-spouse-count-three-next"",""observedAt"":""2026-09-22T17:31:11.384Z"",""controlCount"":25},{""state"":""former-spouse-two-rows-confirmed"",""observedAt"":""2026-09-22T17:31:38.943Z"",""controlCount"":45},{""state"":""former-spouse-three-rows-confirmed"",""observedAt"":""2026-09-22T17:32:13.419Z"",""controlCount"":65},{""state"":""former-spouse-three-duplicate-rejected"",""observedAt"":""2026-09-22T17:33:11.411Z"",""controlCount"":65},{""state"":""former-spouse-same-identity-different-marriage-validation"",""observedAt"":""2026-09-22T17:54:16.173Z"",""controlCount"":65},{""state"":""former-spouse-same-name-dob-all-other-details-different"",""observedAt"":""2026-09-22T17:55:00.573Z"",""controlCount"":65}]","[""ambiguous_direct_id_selector_candidates"",""ambiguous_direct_id_selector_candidates"",""ambiguous_direct_id_selector_candidates""]","[{""code"":""plan_selector_differs_from_runtime_selector"",""mappingKey"":""former_spouse_date_of_birth_day"",""proven"":true},{""code"":""plan_selector_differs_from_runtime_selector"",""mappingKey"":""former_spouse_date_of_birth_month"",""proven"":true},{""code"":""plan_selector_differs_from_runtime_selector"",""mappingKey"":""former_spouse_date_of_birth_year"",""proven"":true}]",former_spouses,"[{""code"":""repeat_dom_controls_unverified_in_static_contract"",""repeatGroup"":""former_spouses"",""proven"":true,""detail"":""Static row/add/remove selectors are unset and marked unverified; current DOM discovery is required.""}]",finalized_runtime_selector_reconciliation,false,ambiguous_direct_id_selector_candidate
former_spouse_date_of_marriage,Family Information: Former Spouse,family_spouse,"[""extended"",""extended"",""extended""]",date,date,,unproven_mapping,"[""ctl00_SiteContentPlaceHolder_FormView1_DListSpouse_ctl00_ddlDomDay"",""ctl00_SiteContentPlaceHolder_FormView1_DListSpouse_ctl01_ddlDomDay"",""ctl00_SiteContentPlaceHolder_FormView1_DListSpouse_ctl02_ddlDomDay"",""ctl00_SiteContentPlaceHolder_FormView1_DListSpouse_ctl00_ddlDomMonth"",""ctl00_SiteContentPlaceHolder_FormView1_DListSpouse_ctl01_ddlDomMonth"",""ctl00_SiteContentPlaceHolder_FormView1_DListSpouse_ctl02_ddlDomMonth"",""ctl00_SiteContentPlaceHolder_FormView1_DListSpouse_ctl00_txtDomYear"",""ctl00_SiteContentPlaceHolder_FormView1_DListSpouse_ctl01_txtDomYear"",""ctl00_SiteContentPlaceHolder_FormView1_DListSpouse_ctl02_txtDomYear""]","[{""state"":""family-former-spouse-visible"",""observedAt"":""2026-09-22T17:27:45.466Z"",""controlCount"":25},{""state"":""former-spouse-two-rows"",""observedAt"":""2026-09-22T17:28:55.236Z"",""controlCount"":25},{""state"":""former-spouse-number-blur"",""observedAt"":""2026-09-22T17:30:13.225Z"",""controlCount"":25},{""state"":""former-spouse-count-three-next"",""observedAt"":""2026-09-22T17:31:11.384Z"",""controlCount"":25},{""state"":""former-spouse-two-rows-confirmed"",""observedAt"":""2026-09-22T17:31:38.943Z"",""controlCount"":45},{""state"":""former-spouse-three-rows-confirmed"",""observedAt"":""2026-09-22T17:32:13.419Z"",""controlCount"":65},{""state"":""former-spouse-three-duplicate-rejected"",""observedAt"":""2026-09-22T17:33:11.411Z"",""controlCount"":65},{""state"":""former-spouse-same-identity-different-marriage-validation"",""observedAt"":""2026-09-22T17:54:16.173Z"",""controlCount"":65},{""state"":""former-spouse-same-name-dob-all-other-details-different"",""observedAt"":""2026-09-22T17:55:00.573Z"",""controlCount"":65}]","[""ambiguous_direct_id_selector_candidates"",""ambiguous_direct_id_selector_candidates"",""ambiguous_direct_id_selector_candidates""]","[{""code"":""plan_selector_differs_from_runtime_selector"",""mappingKey"":""former_spouse_date_of_marriage_day"",""proven"":true},{""code"":""plan_selector_differs_from_runtime_selector"",""mappingKey"":""former_spouse_date_of_marriage_month"",""proven"":true},{""code"":""plan_selector_differs_from_runtime_selector"",""mappingKey"":""former_spouse_date_of_marriage_year"",""proven"":true}]",former_spouses,"[{""code"":""repeat_dom_controls_unverified_in_static_contract"",""repeatGroup"":""former_spouses"",""proven"":true,""detail"":""Static row/add/remove selectors are unset and marked unverified; current DOM discovery is required.""}]",finalized_runtime_selector_reconciliation,false,ambiguous_direct_id_selector_candidate
former_spouse_given_names,Family Information: Former Spouse,family_spouse,"[""extended""]",text,text,33,unproven_mapping,"[""ctl00_SiteContentPlaceHolder_FormView1_DListSpouse_ctl00_tbxGIVEN_NAME"",""ctl00_SiteContentPlaceHolder_FormView1_DListSpouse_ctl01_tbxGIVEN_NAME"",""ctl00_SiteContentPlaceHolder_FormView1_DListSpouse_ctl02_tbxGIVEN_NAME""]","[{""state"":""family-former-spouse-visible"",""observedAt"":""2026-09-22T17:27:45.466Z"",""controlCount"":25},{""state"":""former-spouse-two-rows"",""observedAt"":""2026-09-22T17:28:55.236Z"",""controlCount"":25},{""state"":""former-spouse-number-blur"",""observedAt"":""2026-09-22T17:30:13.225Z"",""controlCount"":25},{""state"":""former-spouse-count-three-next"",""observedAt"":""2026-09-22T17:31:11.384Z"",""controlCount"":25},{""state"":""former-spouse-two-rows-confirmed"",""observedAt"":""2026-09-22T17:31:38.943Z"",""controlCount"":45},{""state"":""former-spouse-three-rows-confirmed"",""observedAt"":""2026-09-22T17:32:13.419Z"",""controlCount"":65},{""state"":""former-spouse-three-duplicate-rejected"",""observedAt"":""2026-09-22T17:33:11.411Z"",""controlCount"":65},{""state"":""former-spouse-same-identity-different-marriage-validation"",""observedAt"":""2026-09-22T17:54:16.173Z"",""controlCount"":65},{""state"":""former-spouse-same-name-dob-all-other-details-different"",""observedAt"":""2026-09-22T17:55:00.573Z"",""controlCount"":65}]","[""ambiguous_direct_id_selector_candidates""]","[{""code"":""plan_selector_differs_from_runtime_selector"",""mappingKey"":""former_spouse_given_names"",""proven"":true}]",former_spouses,"[{""code"":""repeat_dom_controls_unverified_in_static_contract"",""repeatGroup"":""former_spouses"",""proven"":true,""detail"":""Static row/add/remove selectors are unset and marked unverified; current DOM discovery is required.""}]",finalized_runtime_selector_reconciliation,false,ambiguous_direct_id_selector_candidate
former_spouse_how_marriage_ended,Family Information: Former Spouse,family_spouse,"[""extended""]",textarea,textarea,4000,unproven_mapping,"[""ctl00_SiteContentPlaceHolder_FormView1_DListSpouse_ctl00_tbxHowMarriageEnded"",""ctl00_SiteContentPlaceHolder_FormView1_DListSpouse_ctl01_tbxHowMarriageEnded"",""ctl00_SiteContentPlaceHolder_FormView1_DListSpouse_ctl02_tbxHowMarriageEnded""]","[{""state"":""family-former-spouse-visible"",""observedAt"":""2026-09-22T17:27:45.466Z"",""controlCount"":25},{""state"":""former-spouse-two-rows"",""observedAt"":""2026-09-22T17:28:55.236Z"",""controlCount"":25},{""state"":""former-spouse-number-blur"",""observedAt"":""2026-09-22T17:30:13.225Z"",""controlCount"":25},{""state"":""former-spouse-count-three-next"",""observedAt"":""2026-09-22T17:31:11.384Z"",""controlCount"":25},{""state"":""former-spouse-two-rows-confirmed"",""observedAt"":""2026-09-22T17:31:38.943Z"",""controlCount"":45},{""state"":""former-spouse-three-rows-confirmed"",""observedAt"":""2026-09-22T17:32:13.419Z"",""controlCount"":65},{""state"":""former-spouse-three-duplicate-rejected"",""observedAt"":""2026-09-22T17:33:11.411Z"",""controlCount"":65},{""state"":""former-spouse-same-identity-different-marriage-validation"",""observedAt"":""2026-09-22T17:54:16.173Z"",""controlCount"":65},{""state"":""former-spouse-same-name-dob-all-other-details-different"",""observedAt"":""2026-09-22T17:55:00.573Z"",""controlCount"":65}]","[""ambiguous_direct_id_selector_candidates""]","[{""code"":""plan_selector_differs_from_runtime_selector"",""mappingKey"":""former_spouse_how_marriage_ended"",""proven"":true}]",former_spouses,"[{""code"":""repeat_dom_controls_unverified_in_static_contract"",""repeatGroup"":""former_spouses"",""proven"":true,""detail"":""Static row/add/remove selectors are unset and marked unverified; current DOM discovery is required.""}]",finalized_runtime_selector_reconciliation,false,ambiguous_direct_id_selector_candidate
former_spouse_nationality,Family Information: Former Spouse,family_spouse,"[""extended""]",select,select,,unproven_mapping,"[""ctl00_SiteContentPlaceHolder_FormView1_DListSpouse_ctl00_ddlSpouseNatDropDownList"",""ctl00_SiteContentPlaceHolder_FormView1_DListSpouse_ctl01_ddlSpouseNatDropDownList"",""ctl00_SiteContentPlaceHolder_FormView1_DListSpouse_ctl02_ddlSpouseNatDropDownList""]","[{""state"":""family-former-spouse-visible"",""observedAt"":""2026-09-22T17:27:45.466Z"",""controlCount"":25},{""state"":""former-spouse-two-rows"",""observedAt"":""2026-09-22T17:28:55.236Z"",""controlCount"":25},{""state"":""former-spouse-number-blur"",""observedAt"":""2026-09-22T17:30:13.225Z"",""controlCount"":25},{""state"":""former-spouse-count-three-next"",""observedAt"":""2026-09-22T17:31:11.384Z"",""controlCount"":25},{""state"":""former-spouse-two-rows-confirmed"",""observedAt"":""2026-09-22T17:31:38.943Z"",""controlCount"":45},{""state"":""former-spouse-three-rows-confirmed"",""observedAt"":""2026-09-22T17:32:13.419Z"",""controlCount"":65},{""state"":""former-spouse-three-duplicate-rejected"",""observedAt"":""2026-09-22T17:33:11.411Z"",""controlCount"":65},{""state"":""former-spouse-same-identity-different-marriage-validation"",""observedAt"":""2026-09-22T17:54:16.173Z"",""controlCount"":65},{""state"":""former-spouse-same-name-dob-all-other-details-different"",""observedAt"":""2026-09-22T17:55:00.573Z"",""controlCount"":65}]","[""ambiguous_direct_id_selector_candidates""]","[{""code"":""plan_selector_differs_from_runtime_selector"",""mappingKey"":""former_spouse_nationality"",""proven"":true}]",former_spouses,"[{""code"":""repeat_dom_controls_unverified_in_static_contract"",""repeatGroup"":""former_spouses"",""proven"":true,""detail"":""Static row/add/remove selectors are unset and marked unverified; current DOM discovery is required.""}]",finalized_runtime_selector_reconciliation,false,ambiguous_direct_id_selector_candidate
former_spouse_surname,Family Information: Former Spouse,family_spouse,"[""extended""]",text,text,33,unproven_mapping,"[""ctl00_SiteContentPlaceHolder_FormView1_DListSpouse_ctl00_tbxSURNAME"",""ctl00_SiteContentPlaceHolder_FormView1_DListSpouse_ctl01_tbxSURNAME"",""ctl00_SiteContentPlaceHolder_FormView1_DListSpouse_ctl02_tbxSURNAME""]","[{""state"":""family-former-spouse-visible"",""observedAt"":""2026-09-22T17:27:45.466Z"",""controlCount"":25},{""state"":""former-spouse-two-rows"",""observedAt"":""2026-09-22T17:28:55.236Z"",""controlCount"":25},{""state"":""former-spouse-number-blur"",""observedAt"":""2026-09-22T17:30:13.225Z"",""controlCount"":25},{""state"":""former-spouse-count-three-next"",""observedAt"":""2026-09-22T17:31:11.384Z"",""controlCount"":25},{""state"":""former-spouse-two-rows-confirmed"",""observedAt"":""2026-09-22T17:31:38.943Z"",""controlCount"":45},{""state"":""former-spouse-three-rows-confirmed"",""observedAt"":""2026-09-22T17:32:13.419Z"",""controlCount"":65},{""state"":""former-spouse-three-duplicate-rejected"",""observedAt"":""2026-09-22T17:33:11.411Z"",""controlCount"":65},{""state"":""former-spouse-same-identity-different-marriage-validation"",""observedAt"":""2026-09-22T17:54:16.173Z"",""controlCount"":65},{""state"":""former-spouse-same-name-dob-all-other-details-different"",""observedAt"":""2026-09-22T17:55:00.573Z"",""controlCount"":65}]","[""ambiguous_direct_id_selector_candidates""]","[{""code"":""plan_selector_differs_from_runtime_selector"",""mappingKey"":""former_spouse_surname"",""proven"":true}]",former_spouses,"[{""code"":""repeat_dom_controls_unverified_in_static_contract"",""repeatGroup"":""former_spouses"",""proven"":true,""detail"":""Static row/add/remove selectors are unset and marked unverified; current DOM discovery is required.""}]",finalized_runtime_selector_reconciliation,false,ambiguous_direct_id_selector_candidate
number_of_former_spouses,Family Information: Former Spouse,family_spouse,"[""extended""]",text,text,2,unproven_mapping,"[""ctl00_SiteContentPlaceHolder_FormView1_tbxNumberOfPrevSpouses""]","[{""state"":""family-former-spouse-visible"",""observedAt"":""2026-09-22T17:27:45.466Z"",""controlCount"":25},{""state"":""former-spouse-two-rows"",""observedAt"":""2026-09-22T17:28:55.236Z"",""controlCount"":25},{""state"":""former-spouse-number-blur"",""observedAt"":""2026-09-22T17:30:13.225Z"",""controlCount"":25},{""state"":""former-spouse-count-three-next"",""observedAt"":""2026-09-22T17:31:11.384Z"",""controlCount"":25},{""state"":""former-spouse-two-rows-confirmed"",""observedAt"":""2026-09-22T17:31:38.943Z"",""controlCount"":45},{""state"":""former-spouse-three-rows-confirmed"",""observedAt"":""2026-09-22T17:32:13.419Z"",""controlCount"":65},{""state"":""former-spouse-three-duplicate-rejected"",""observedAt"":""2026-09-22T17:33:11.411Z"",""controlCount"":65},{""state"":""former-spouse-same-identity-different-marriage-validation"",""observedAt"":""2026-09-22T17:54:16.173Z"",""controlCount"":65},{""state"":""former-spouse-same-name-dob-all-other-details-different"",""observedAt"":""2026-09-22T17:55:00.573Z"",""controlCount"":65}]","[""single_direct_id_selector_candidate""]","[{""code"":""plan_selector_differs_from_runtime_selector"",""mappingKey"":""number_of_former_spouses"",""proven"":true}]",,[],finalized_runtime_selector_reconciliation,false,direct_id_candidate
partner_city_of_birth,Family Information: Partner,family_spouse,"[""extended"",""extended""]",text,text,20,unresolved,"[""ctl00_SiteContentPlaceHolder_FormView1_tbxSpousePOBCity"",""ctl00_SiteContentPlaceHolder_FormView1_cbexSPOUSE_POB_CITY_NA""]","[{""state"":""family-partner-visible"",""observedAt"":""2026-09-22T17:22:05.965Z"",""controlCount"":16},{""state"":""family-partner-other-address"",""observedAt"":""2026-09-22T17:22:55.661Z"",""controlCount"":24},{""state"":""family-spouse-visible"",""observedAt"":""2026-09-22T17:24:24.424Z"",""controlCount"":16},{""state"":""family-spouse-other-address"",""observedAt"":""2026-09-22T17:24:50.500Z"",""controlCount"":24}]","[""single_direct_id_selector_candidate"",""single_direct_id_selector_candidate""]","[{""code"":""plan_selector_differs_from_runtime_selector"",""mappingKey"":""partner_city_of_birth"",""proven"":true}]",,[],finalized_runtime_selector_reconciliation,false,direct_id_candidate
partner_country_of_birth,Family Information: Partner,family_spouse,"[""extended""]",select,select,,unresolved,"[""ctl00_SiteContentPlaceHolder_FormView1_ddlSpousePOBCountry""]","[{""state"":""family-partner-visible"",""observedAt"":""2026-09-22T17:22:05.965Z"",""controlCount"":16},{""state"":""family-partner-other-address"",""observedAt"":""2026-09-22T17:22:55.661Z"",""controlCount"":24},{""state"":""family-spouse-visible"",""observedAt"":""2026-09-22T17:24:24.424Z"",""controlCount"":16},{""state"":""family-spouse-other-address"",""observedAt"":""2026-09-22T17:24:50.500Z"",""controlCount"":24}]","[""single_direct_id_selector_candidate""]","[{""code"":""plan_selector_differs_from_runtime_selector"",""mappingKey"":""partner_country_of_birth"",""proven"":true}]",,[],finalized_runtime_selector_reconciliation,false,direct_id_candidate
partner_date_of_birth,Family Information: Partner,family_spouse,"[""extended"",""extended"",""extended""]",date,date,,unresolved,"[""ctl00_SiteContentPlaceHolder_FormView1_ddlDOBDay"",""ctl00_SiteContentPlaceHolder_FormView1_ddlDOBMonth"",""ctl00_SiteContentPlaceHolder_FormView1_tbxDOBYear""]","[{""state"":""family-partner-visible"",""observedAt"":""2026-09-22T17:22:05.965Z"",""controlCount"":16},{""state"":""family-partner-other-address"",""observedAt"":""2026-09-22T17:22:55.661Z"",""controlCount"":24},{""state"":""family-spouse-visible"",""observedAt"":""2026-09-22T17:24:24.424Z"",""controlCount"":16},{""state"":""family-spouse-other-address"",""observedAt"":""2026-09-22T17:24:50.500Z"",""controlCount"":24}]","[""single_direct_id_selector_candidate"",""single_direct_id_selector_candidate"",""single_direct_id_selector_candidate""]","[{""code"":""plan_selector_differs_from_runtime_selector"",""mappingKey"":""partner_date_of_birth_day"",""proven"":true},{""code"":""plan_selector_differs_from_runtime_selector"",""mappingKey"":""partner_date_of_birth_month"",""proven"":true},{""code"":""plan_selector_differs_from_runtime_selector"",""mappingKey"":""partner_date_of_birth_year"",""proven"":true}]",,[],finalized_runtime_selector_reconciliation,false,direct_id_candidate
partner_nationality,Family Information: Partner,family_spouse,"[""extended""]",select,select,,unresolved,"[""ctl00_SiteContentPlaceHolder_FormView1_ddlSpouseNatDropDownList""]","[{""state"":""family-partner-visible"",""observedAt"":""2026-09-22T17:22:05.965Z"",""controlCount"":16},{""state"":""family-partner-other-address"",""observedAt"":""2026-09-22T17:22:55.661Z"",""controlCount"":24},{""state"":""family-spouse-visible"",""observedAt"":""2026-09-22T17:24:24.424Z"",""controlCount"":16},{""state"":""family-spouse-other-address"",""observedAt"":""2026-09-22T17:24:50.500Z"",""controlCount"":24}]","[""single_direct_id_selector_candidate""]","[{""code"":""plan_selector_differs_from_runtime_selector"",""mappingKey"":""partner_nationality"",""proven"":true}]",,[],finalized_runtime_selector_reconciliation,false,direct_id_candidate
partner_address_city,Family Information: Partner,family_spouse,"[""extended""]",text,text,20,unproven_mapping,"[""ctl00_SiteContentPlaceHolder_FormView1_tbxSpousePOBCity"",""ctl00_SiteContentPlaceHolder_FormView1_tbxSPOUSE_ADDR_CITY""]","[{""state"":""family-partner-visible"",""observedAt"":""2026-09-22T17:22:05.965Z"",""controlCount"":16},{""state"":""family-partner-other-address"",""observedAt"":""2026-09-22T17:22:55.661Z"",""controlCount"":24},{""state"":""family-spouse-visible"",""observedAt"":""2026-09-22T17:24:24.424Z"",""controlCount"":16},{""state"":""family-spouse-other-address"",""observedAt"":""2026-09-22T17:24:50.500Z"",""controlCount"":24}]","[""single_direct_id_selector_candidate""]","[{""code"":""plan_selector_differs_from_runtime_selector"",""mappingKey"":""partner_address_city"",""proven"":true}]",,[],finalized_runtime_selector_reconciliation,false,direct_id_candidate
partner_address_country,Family Information: Partner,family_spouse,"[""extended""]",select,select,,unproven_mapping,"[""ctl00_SiteContentPlaceHolder_FormView1_ddlSpousePOBCountry"",""ctl00_SiteContentPlaceHolder_FormView1_ddlSPOUSE_ADDR_CNTRY""]","[{""state"":""family-partner-visible"",""observedAt"":""2026-09-22T17:22:05.965Z"",""controlCount"":16},{""state"":""family-partner-other-address"",""observedAt"":""2026-09-22T17:22:55.661Z"",""controlCount"":24},{""state"":""family-spouse-visible"",""observedAt"":""2026-09-22T17:24:24.424Z"",""controlCount"":16},{""state"":""family-spouse-other-address"",""observedAt"":""2026-09-22T17:24:50.500Z"",""controlCount"":24}]","[""single_direct_id_selector_candidate""]","[{""code"":""plan_selector_differs_from_runtime_selector"",""mappingKey"":""partner_address_country"",""proven"":true}]",,[],finalized_runtime_selector_reconciliation,false,direct_id_candidate
partner_address_state,Family Information: Partner,family_spouse,"[""extended"",""extended""]",text,text,20,unproven_mapping,"[""ctl00_SiteContentPlaceHolder_FormView1_tbxSPOUSE_ADDR_STATE"",""ctl00_SiteContentPlaceHolder_FormView1_cbexSPOUSE_ADDR_STATE_NA""]","[{""state"":""family-partner-visible"",""observedAt"":""2026-09-22T17:22:05.965Z"",""controlCount"":16},{""state"":""family-partner-other-address"",""observedAt"":""2026-09-22T17:22:55.661Z"",""controlCount"":24},{""state"":""family-spouse-visible"",""observedAt"":""2026-09-22T17:24:24.424Z"",""controlCount"":16},{""state"":""family-spouse-other-address"",""observedAt"":""2026-09-22T17:24:50.500Z"",""controlCount"":24}]","[""single_direct_id_selector_candidate"",""single_direct_id_selector_candidate""]","[{""code"":""plan_selector_differs_from_runtime_selector"",""mappingKey"":""partner_address_state"",""proven"":true}]",,[],finalized_runtime_selector_reconciliation,false,direct_id_candidate
partner_address_street1,Family Information: Partner,family_spouse,"[""extended""]",text,text,40,unproven_mapping,"[""ctl00_SiteContentPlaceHolder_FormView1_tbxSPOUSE_ADDR_LN1""]","[{""state"":""family-partner-visible"",""observedAt"":""2026-09-22T17:22:05.965Z"",""controlCount"":16},{""state"":""family-partner-other-address"",""observedAt"":""2026-09-22T17:22:55.661Z"",""controlCount"":24},{""state"":""family-spouse-visible"",""observedAt"":""2026-09-22T17:24:24.424Z"",""controlCount"":16},{""state"":""family-spouse-other-address"",""observedAt"":""2026-09-22T17:24:50.500Z"",""controlCount"":24}]","[""single_direct_id_selector_candidate""]","[{""code"":""plan_selector_differs_from_runtime_selector"",""mappingKey"":""partner_address_street1"",""proven"":true}]",,[],finalized_runtime_selector_reconciliation,false,direct_id_candidate
partner_address_street2,Family Information: Partner,family_spouse,"[""extended""]",text,text,40,unproven_mapping,"[""ctl00_SiteContentPlaceHolder_FormView1_tbxSPOUSE_ADDR_LN2""]","[{""state"":""family-partner-visible"",""observedAt"":""2026-09-22T17:22:05.965Z"",""controlCount"":16},{""state"":""family-partner-other-address"",""observedAt"":""2026-09-22T17:22:55.661Z"",""controlCount"":24},{""state"":""family-spouse-visible"",""observedAt"":""2026-09-22T17:24:24.424Z"",""controlCount"":16},{""state"":""family-spouse-other-address"",""observedAt"":""2026-09-22T17:24:50.500Z"",""controlCount"":24}]","[""single_direct_id_selector_candidate""]","[{""code"":""plan_selector_differs_from_runtime_selector"",""mappingKey"":""partner_address_street2"",""proven"":true}]",,[],finalized_runtime_selector_reconciliation,false,direct_id_candidate
partner_address_type,Family Information: Partner,family_spouse,"[""extended""]",select,select,,unproven_mapping,"[""ctl00_SiteContentPlaceHolder_FormView1_ddlSpouseAddressType""]","[{""state"":""family-partner-visible"",""observedAt"":""2026-09-22T17:22:05.965Z"",""controlCount"":16},{""state"":""family-partner-other-address"",""observedAt"":""2026-09-22T17:22:55.661Z"",""controlCount"":24},{""state"":""family-spouse-visible"",""observedAt"":""2026-09-22T17:24:24.424Z"",""controlCount"":16},{""state"":""family-spouse-other-address"",""observedAt"":""2026-09-22T17:24:50.500Z"",""controlCount"":24}]","[""single_direct_id_selector_candidate""]","[{""code"":""plan_selector_differs_from_runtime_selector"",""mappingKey"":""partner_address_type"",""proven"":true}]",,[],finalized_runtime_selector_reconciliation,false,direct_id_candidate
partner_address_zip,Family Information: Partner,family_spouse,"[""extended"",""extended""]",text,text,10,unproven_mapping,"[""ctl00_SiteContentPlaceHolder_FormView1_tbxSPOUSE_ADDR_POSTAL_CD"",""ctl00_SiteContentPlaceHolder_FormView1_cbexSPOUSE_ADDR_POSTAL_CD_NA""]","[{""state"":""family-partner-visible"",""observedAt"":""2026-09-22T17:22:05.965Z"",""controlCount"":16},{""state"":""family-partner-other-address"",""observedAt"":""2026-09-22T17:22:55.661Z"",""controlCount"":24},{""state"":""family-spouse-visible"",""observedAt"":""2026-09-22T17:24:24.424Z"",""controlCount"":16},{""state"":""family-spouse-other-address"",""observedAt"":""2026-09-22T17:24:50.500Z"",""controlCount"":24}]","[""single_direct_id_selector_candidate"",""single_direct_id_selector_candidate""]","[{""code"":""plan_selector_differs_from_runtime_selector"",""mappingKey"":""partner_address_zip"",""proven"":true}]",,[],finalized_runtime_selector_reconciliation,false,direct_id_candidate
partner_given_names,Family Information: Partner,family_spouse,"[""extended""]",text,text,33,unproven_mapping,"[""ctl00_SiteContentPlaceHolder_FormView1_tbxSpouseGivenName""]","[{""state"":""family-partner-visible"",""observedAt"":""2026-09-22T17:22:05.965Z"",""controlCount"":16},{""state"":""family-partner-other-address"",""observedAt"":""2026-09-22T17:22:55.661Z"",""controlCount"":24},{""state"":""family-spouse-visible"",""observedAt"":""2026-09-22T17:24:24.424Z"",""controlCount"":16},{""state"":""family-spouse-other-address"",""observedAt"":""2026-09-22T17:24:50.500Z"",""controlCount"":24}]","[""single_direct_id_selector_candidate""]","[{""code"":""plan_selector_differs_from_runtime_selector"",""mappingKey"":""partner_given_names"",""proven"":true}]",,[],finalized_runtime_selector_reconciliation,false,direct_id_candidate
partner_surname,Family Information: Partner,family_spouse,"[""extended""]",text,text,33,unproven_mapping,"[""ctl00_SiteContentPlaceHolder_FormView1_tbxSpouseSurname""]","[{""state"":""family-partner-visible"",""observedAt"":""2026-09-22T17:22:05.965Z"",""controlCount"":16},{""state"":""family-partner-other-address"",""observedAt"":""2026-09-22T17:22:55.661Z"",""controlCount"":24},{""state"":""family-spouse-visible"",""observedAt"":""2026-09-22T17:24:24.424Z"",""controlCount"":16},{""state"":""family-spouse-other-address"",""observedAt"":""2026-09-22T17:24:50.500Z"",""controlCount"":24}]","[""single_direct_id_selector_candidate""]","[{""code"":""plan_selector_differs_from_runtime_selector"",""mappingKey"":""partner_surname"",""proven"":true}]",,[],finalized_runtime_selector_reconciliation,false,direct_id_candidate
spouse_country_of_birth,Family Information: Spouse,family_spouse,"[""extended""]",select,select,,unresolved,"[""ctl00_SiteContentPlaceHolder_FormView1_ddlSpousePOBCountry""]","[{""state"":""family-partner-visible"",""observedAt"":""2026-09-22T17:22:05.965Z"",""controlCount"":16},{""state"":""family-partner-other-address"",""observedAt"":""2026-09-22T17:22:55.661Z"",""controlCount"":24},{""state"":""family-spouse-visible"",""observedAt"":""2026-09-22T17:24:24.424Z"",""controlCount"":16},{""state"":""family-spouse-other-address"",""observedAt"":""2026-09-22T17:24:50.500Z"",""controlCount"":24}]","[""single_direct_id_selector_candidate""]","[{""code"":""plan_selector_differs_from_runtime_selector"",""mappingKey"":""spouse_country_of_birth"",""proven"":true}]",,[],finalized_runtime_selector_reconciliation,false,direct_id_candidate
spouse_nationality,Family Information: Spouse,family_spouse,"[""base""]",select,select,,unresolved,"[""ctl00_SiteContentPlaceHolder_FormView1_ddlSpouseNatDropDownList""]","[{""state"":""family-partner-visible"",""observedAt"":""2026-09-22T17:22:05.965Z"",""controlCount"":16},{""state"":""family-partner-other-address"",""observedAt"":""2026-09-22T17:22:55.661Z"",""controlCount"":24},{""state"":""family-spouse-visible"",""observedAt"":""2026-09-22T17:24:24.424Z"",""controlCount"":16},{""state"":""family-spouse-other-address"",""observedAt"":""2026-09-22T17:24:50.500Z"",""controlCount"":24}]","[""single_direct_id_selector_candidate""]","[{""code"":""plan_selector_differs_from_runtime_selector"",""mappingKey"":""spouse_nationality"",""proven"":true}]",,[],finalized_runtime_selector_reconciliation,false,direct_id_candidate
spouse_address_country,Family Information: Spouse,family_spouse,"[""extended""]",select,select,,unproven_mapping,"[""ctl00_SiteContentPlaceHolder_FormView1_ddlSpousePOBCountry"",""ctl00_SiteContentPlaceHolder_FormView1_ddlSPOUSE_ADDR_CNTRY""]","[{""state"":""family-partner-visible"",""observedAt"":""2026-09-22T17:22:05.965Z"",""controlCount"":16},{""state"":""family-partner-other-address"",""observedAt"":""2026-09-22T17:22:55.661Z"",""controlCount"":24},{""state"":""family-spouse-visible"",""observedAt"":""2026-09-22T17:24:24.424Z"",""controlCount"":16},{""state"":""family-spouse-other-address"",""observedAt"":""2026-09-22T17:24:50.500Z"",""controlCount"":24}]","[""single_direct_id_selector_candidate""]","[{""code"":""plan_selector_differs_from_runtime_selector"",""mappingKey"":""spouse_address_country"",""proven"":true}]",,[],finalized_runtime_selector_reconciliation,false,direct_id_candidate
spouse_date_of_birth,Family Information: Spouse,family_spouse,"[""base"",""base"",""base""]",date,date,,unproven_mapping,"[""ctl00_SiteContentPlaceHolder_FormView1_ddlDOBDay"",""ctl00_SiteContentPlaceHolder_FormView1_ddlDOBMonth"",""ctl00_SiteContentPlaceHolder_FormView1_tbxDOBYear""]","[{""state"":""family-partner-visible"",""observedAt"":""2026-09-22T17:22:05.965Z"",""controlCount"":16},{""state"":""family-partner-other-address"",""observedAt"":""2026-09-22T17:22:55.661Z"",""controlCount"":24},{""state"":""family-spouse-visible"",""observedAt"":""2026-09-22T17:24:24.424Z"",""controlCount"":16},{""state"":""family-spouse-other-address"",""observedAt"":""2026-09-22T17:24:50.500Z"",""controlCount"":24}]","[""single_direct_id_selector_candidate"",""single_direct_id_selector_candidate"",""single_direct_id_selector_candidate""]","[{""code"":""plan_selector_key_missing_from_runtime_page_map"",""mappingKey"":""spouse_date_of_birth"",""proven"":true}]",,[],finalized_runtime_selector_reconciliation,false,direct_id_candidate
occupation_other_explain,Work/Education/Training: Present,work_education_present,"[""extended""]",text,textarea,4000,unresolved,"[""ctl00_SiteContentPlaceHolder_FormView1_tbxExplainOtherPresentOccupation""]","[{""state"":""work-present-restored"",""observedAt"":""2026-09-22T17:05:12.800Z"",""controlCount"":6},{""state"":""work-occupation-other"",""observedAt"":""2026-09-22T17:05:35.574Z"",""controlCount"":6},{""state"":""work-student-keyboard-transition"",""observedAt"":""2026-09-22T17:06:23.321Z"",""controlCount"":6},{""state"":""work-other-next-response"",""observedAt"":""2026-09-22T17:07:24.118Z"",""controlCount"":24},{""state"":""former-three-distinct-next"",""observedAt"":""2026-09-22T17:34:45.275Z"",""controlCount"":6},{""state"":""work-not-employed-server-validation"",""observedAt"":""2026-09-22T17:51:46.140Z"",""controlCount"":7},{""state"":""former-spouse-same-name-different-birthyear-validation"",""observedAt"":""2026-09-22T17:53:47.233Z"",""controlCount"":7},{""state"":""former-spouse-different-given-name-same-surname-dob-accepted"",""observedAt"":""2026-09-22T17:55:19.593Z"",""controlCount"":7},{""state"":""spouse-year-only-date-validation"",""observedAt"":""2026-09-22T18:06:34.030Z"",""controlCount"":7},{""state"":""spouse-full-date-filled-next-accepted"",""observedAt"":""2026-09-22T18:07:14.702Z"",""controlCount"":7}]","[""single_direct_id_selector_candidate""]","[{""code"":""plan_selector_differs_from_runtime_selector"",""mappingKey"":""occupation_other_explain"",""proven"":true}]",,[],finalized_runtime_selector_reconciliation,false,direct_id_candidate
not_employed_explain,Work/Education/Training: Present,work_education_present,"[""extended""]",textarea,textarea,,unproven_mapping,"[""ctl00_SiteContentPlaceHolder_FormView1_tbxExplainOtherPresentOccupation""]","[{""state"":""work-present-restored"",""observedAt"":""2026-09-22T17:05:12.800Z"",""controlCount"":6},{""state"":""work-occupation-other"",""observedAt"":""2026-09-22T17:05:35.574Z"",""controlCount"":6},{""state"":""work-student-keyboard-transition"",""observedAt"":""2026-09-22T17:06:23.321Z"",""controlCount"":6},{""state"":""work-other-next-response"",""observedAt"":""2026-09-22T17:07:24.118Z"",""controlCount"":24},{""state"":""former-three-distinct-next"",""observedAt"":""2026-09-22T17:34:45.275Z"",""controlCount"":6},{""state"":""work-not-employed-server-validation"",""observedAt"":""2026-09-22T17:51:46.140Z"",""controlCount"":7},{""state"":""former-spouse-same-name-different-birthyear-validation"",""observedAt"":""2026-09-22T17:53:47.233Z"",""controlCount"":7},{""state"":""former-spouse-different-given-name-same-surname-dob-accepted"",""observedAt"":""2026-09-22T17:55:19.593Z"",""controlCount"":7},{""state"":""spouse-year-only-date-validation"",""observedAt"":""2026-09-22T18:06:34.030Z"",""controlCount"":7},{""state"":""spouse-full-date-filled-next-accepted"",""observedAt"":""2026-09-22T18:07:14.702Z"",""controlCount"":7}]","[""single_direct_id_selector_candidate""]","[{""code"":""plan_selector_differs_from_runtime_selector"",""mappingKey"":""not_employed_explain"",""proven"":true}]",,[],finalized_runtime_selector_reconciliation,false,direct_id_candidate
prev_employment_end_date,Work/Education/Training: Previous,work_education_previous,"[""extended"",""extended"",""extended""]",date,date,,unresolved,"[""ctl00_SiteContentPlaceHolder_FormView1_dtlPrevEmpl_ctl00_ddlEmpDateToDay"",""ctl00_SiteContentPlaceHolder_FormView1_dtlPrevEmpl_ctl00_ddlEmpDateToMonth"",""ctl00_SiteContentPlaceHolder_FormView1_dtlPrevEmpl_ctl00_tbxEmpDateToYear""]","[{""state"":""work-previous-restored"",""observedAt"":""2026-09-22T17:35:24.782Z"",""controlCount"":8},{""state"":""previous-employment-yes"",""observedAt"":""2026-09-22T17:35:54.556Z"",""controlCount"":32},{""state"":""previous-education-yes"",""observedAt"":""2026-09-22T17:36:12.697Z"",""controlCount"":50},{""state"":""previous-employment-no"",""observedAt"":""2026-09-22T17:36:57.183Z"",""controlCount"":26},{""state"":""previous-education-no"",""observedAt"":""2026-09-22T17:37:16.817Z"",""controlCount"":8},{""state"":""not-employed-filled-next-accepted"",""observedAt"":""2026-09-22T17:52:20.164Z"",""controlCount"":8}]","[""single_direct_id_selector_candidate"",""single_direct_id_selector_candidate"",""single_direct_id_selector_candidate""]","[{""code"":""plan_selector_differs_from_runtime_selector"",""mappingKey"":""prev_employment_end_date_day"",""proven"":true},{""code"":""plan_selector_differs_from_runtime_selector"",""mappingKey"":""prev_employment_end_date_month"",""proven"":true},{""code"":""plan_selector_differs_from_runtime_selector"",""mappingKey"":""prev_employment_end_date_year"",""proven"":true}]",previous_employers,"[{""code"":""repeat_dom_controls_unverified_in_static_contract"",""repeatGroup"":""previous_employers"",""proven"":true,""detail"":""Static row/add/remove selectors are unset and marked unverified; current DOM discovery is required.""}]",finalized_runtime_selector_reconciliation,false,direct_id_candidate
prev_employment_start_date,Work/Education/Training: Previous,work_education_previous,"[""extended"",""extended"",""extended""]",date,date,,unresolved,"[""ctl00_SiteContentPlaceHolder_FormView1_dtlPrevEmpl_ctl00_ddlEmpDateFromDay"",""ctl00_SiteContentPlaceHolder_FormView1_dtlPrevEmpl_ctl00_ddlEmpDateFromMonth"",""ctl00_SiteContentPlaceHolder_FormView1_dtlPrevEmpl_ctl00_tbxEmpDateFromYear""]","[{""state"":""work-previous-restored"",""observedAt"":""2026-09-22T17:35:24.782Z"",""controlCount"":8},{""state"":""previous-employment-yes"",""observedAt"":""2026-09-22T17:35:54.556Z"",""controlCount"":32},{""state"":""previous-education-yes"",""observedAt"":""2026-09-22T17:36:12.697Z"",""controlCount"":50},{""state"":""previous-employment-no"",""observedAt"":""2026-09-22T17:36:57.183Z"",""controlCount"":26},{""state"":""previous-education-no"",""observedAt"":""2026-09-22T17:37:16.817Z"",""controlCount"":8},{""state"":""not-employed-filled-next-accepted"",""observedAt"":""2026-09-22T17:52:20.164Z"",""controlCount"":8}]","[""single_direct_id_selector_candidate"",""single_direct_id_selector_candidate"",""single_direct_id_selector_candidate""]","[{""code"":""plan_selector_differs_from_runtime_selector"",""mappingKey"":""prev_employment_start_date_day"",""proven"":true},{""code"":""plan_selector_differs_from_runtime_selector"",""mappingKey"":""prev_employment_start_date_month"",""proven"":true},{""code"":""plan_selector_differs_from_runtime_selector"",""mappingKey"":""prev_employment_start_date_year"",""proven"":true}]",previous_employers,"[{""code"":""repeat_dom_controls_unverified_in_static_contract"",""repeatGroup"":""previous_employers"",""proven"":true,""detail"":""Static row/add/remove selectors are unset and marked unverified; current DOM discovery is required.""}]",finalized_runtime_selector_reconciliation,false,direct_id_candidate
prev_employer_address_street1,Work/Education/Training: Previous,work_education_previous,"[""extended""]",text,text,40,unproven_mapping,"[""ctl00_SiteContentPlaceHolder_FormView1_dtlPrevEmpl_ctl00_tbEmployerStreetAddress1"",""ctl00_SiteContentPlaceHolder_FormView1_dtlPrevEduc_ctl00_tbxSchoolAddr1""]","[{""state"":""work-previous-restored"",""observedAt"":""2026-09-22T17:35:24.782Z"",""controlCount"":8},{""state"":""previous-employment-yes"",""observedAt"":""2026-09-22T17:35:54.556Z"",""controlCount"":32},{""state"":""previous-education-yes"",""observedAt"":""2026-09-22T17:36:12.697Z"",""controlCount"":50},{""state"":""previous-employment-no"",""observedAt"":""2026-09-22T17:36:57.183Z"",""controlCount"":26},{""state"":""previous-education-no"",""observedAt"":""2026-09-22T17:37:16.817Z"",""controlCount"":8},{""state"":""not-employed-filled-next-accepted"",""observedAt"":""2026-09-22T17:52:20.164Z"",""controlCount"":8}]","[""single_direct_id_selector_candidate""]","[{""code"":""plan_selector_differs_from_runtime_selector"",""mappingKey"":""prev_employer_address_street1"",""proven"":true}]",previous_employers,"[{""code"":""repeat_dom_controls_unverified_in_static_contract"",""repeatGroup"":""previous_employers"",""proven"":true,""detail"":""Static row/add/remove selectors are unset and marked unverified; current DOM discovery is required.""}]",finalized_runtime_selector_reconciliation,false,direct_id_candidate
prev_employer_address_street2,Work/Education/Training: Previous,work_education_previous,"[""extended""]",text,text,40,unproven_mapping,"[""ctl00_SiteContentPlaceHolder_FormView1_dtlPrevEmpl_ctl00_tbEmployerStreetAddress2"",""ctl00_SiteContentPlaceHolder_FormView1_dtlPrevEduc_ctl00_tbxSchoolAddr2""]","[{""state"":""work-previous-restored"",""observedAt"":""2026-09-22T17:35:24.782Z"",""controlCount"":8},{""state"":""previous-employment-yes"",""observedAt"":""2026-09-22T17:35:54.556Z"",""controlCount"":32},{""state"":""previous-education-yes"",""observedAt"":""2026-09-22T17:36:12.697Z"",""controlCount"":50},{""state"":""previous-employment-no"",""observedAt"":""2026-09-22T17:36:57.183Z"",""controlCount"":26},{""state"":""previous-education-no"",""observedAt"":""2026-09-22T17:37:16.817Z"",""controlCount"":8},{""state"":""not-employed-filled-next-accepted"",""observedAt"":""2026-09-22T17:52:20.164Z"",""controlCount"":8}]","[""single_direct_id_selector_candidate""]","[{""code"":""plan_selector_differs_from_runtime_selector"",""mappingKey"":""prev_employer_address_street2"",""proven"":true}]",previous_employers,"[{""code"":""repeat_dom_controls_unverified_in_static_contract"",""repeatGroup"":""previous_employers"",""proven"":true,""detail"":""Static row/add/remove selectors are unset and marked unverified; current DOM discovery is required.""}]",finalized_runtime_selector_reconciliation,false,direct_id_candidate
prev_employer_city,Work/Education/Training: Previous,work_education_previous,"[""extended""]",text,text,20,unproven_mapping,"[""ctl00_SiteContentPlaceHolder_FormView1_dtlPrevEmpl_ctl00_tbEmployerCity"",""ctl00_SiteContentPlaceHolder_FormView1_dtlPrevEduc_ctl00_tbxSchoolCity""]","[{""state"":""work-previous-restored"",""observedAt"":""2026-09-22T17:35:24.782Z"",""controlCount"":8},{""state"":""previous-employment-yes"",""observedAt"":""2026-09-22T17:35:54.556Z"",""controlCount"":32},{""state"":""previous-education-yes"",""observedAt"":""2026-09-22T17:36:12.697Z"",""controlCount"":50},{""state"":""previous-employment-no"",""observedAt"":""2026-09-22T17:36:57.183Z"",""controlCount"":26},{""state"":""previous-education-no"",""observedAt"":""2026-09-22T17:37:16.817Z"",""controlCount"":8},{""state"":""not-employed-filled-next-accepted"",""observedAt"":""2026-09-22T17:52:20.164Z"",""controlCount"":8}]","[""single_direct_id_selector_candidate""]","[{""code"":""plan_selector_differs_from_runtime_selector"",""mappingKey"":""prev_employer_city"",""proven"":true}]",previous_employers,"[{""code"":""repeat_dom_controls_unverified_in_static_contract"",""repeatGroup"":""previous_employers"",""proven"":true,""detail"":""Static row/add/remove selectors are unset and marked unverified; current DOM discovery is required.""}]",finalized_runtime_selector_reconciliation,false,direct_id_candidate
prev_employer_country,Work/Education/Training: Previous,work_education_previous,"[""extended""]",select,select,,unproven_mapping,"[""ctl00_SiteContentPlaceHolder_FormView1_dtlPrevEmpl_ctl00_DropDownList2"",""ctl00_SiteContentPlaceHolder_FormView1_dtlPrevEduc_ctl00_ddlSchoolCountry""]","[{""state"":""work-previous-restored"",""observedAt"":""2026-09-22T17:35:24.782Z"",""controlCount"":8},{""state"":""previous-employment-yes"",""observedAt"":""2026-09-22T17:35:54.556Z"",""controlCount"":32},{""state"":""previous-education-yes"",""observedAt"":""2026-09-22T17:36:12.697Z"",""controlCount"":50},{""state"":""previous-employment-no"",""observedAt"":""2026-09-22T17:36:57.183Z"",""controlCount"":26},{""state"":""previous-education-no"",""observedAt"":""2026-09-22T17:37:16.817Z"",""controlCount"":8},{""state"":""not-employed-filled-next-accepted"",""observedAt"":""2026-09-22T17:52:20.164Z"",""controlCount"":8}]","[""single_direct_id_selector_candidate""]","[{""code"":""plan_selector_differs_from_runtime_selector"",""mappingKey"":""prev_employer_country"",""proven"":true}]",previous_employers,"[{""code"":""repeat_dom_controls_unverified_in_static_contract"",""repeatGroup"":""previous_employers"",""proven"":true,""detail"":""Static row/add/remove selectors are unset and marked unverified; current DOM discovery is required.""}]",finalized_runtime_selector_reconciliation,false,direct_id_candidate
prev_employer_phone,Work/Education/Training: Previous,work_education_previous,"[""extended""]",text,text,15,unproven_mapping,"[""ctl00_SiteContentPlaceHolder_FormView1_dtlPrevEmpl_ctl00_tbEmployerPhone""]","[{""state"":""work-previous-restored"",""observedAt"":""2026-09-22T17:35:24.782Z"",""controlCount"":8},{""state"":""previous-employment-yes"",""observedAt"":""2026-09-22T17:35:54.556Z"",""controlCount"":32},{""state"":""previous-education-yes"",""observedAt"":""2026-09-22T17:36:12.697Z"",""controlCount"":50},{""state"":""previous-employment-no"",""observedAt"":""2026-09-22T17:36:57.183Z"",""controlCount"":26},{""state"":""previous-education-no"",""observedAt"":""2026-09-22T17:37:16.817Z"",""controlCount"":8},{""state"":""not-employed-filled-next-accepted"",""observedAt"":""2026-09-22T17:52:20.164Z"",""controlCount"":8}]","[""single_direct_id_selector_candidate""]","[{""code"":""plan_selector_differs_from_runtime_selector"",""mappingKey"":""prev_employer_phone"",""proven"":true}]",previous_employers,"[{""code"":""repeat_dom_controls_unverified_in_static_contract"",""repeatGroup"":""previous_employers"",""proven"":true,""detail"":""Static row/add/remove selectors are unset and marked unverified; current DOM discovery is required.""}]",finalized_runtime_selector_reconciliation,false,direct_id_candidate
prev_employer_postal,Work/Education/Training: Previous,work_education_previous,"[""extended"",""extended""]",text,text,10,unproven_mapping,"[""ctl00_SiteContentPlaceHolder_FormView1_dtlPrevEmpl_ctl00_tbxPREV_EMPL_ADDR_POSTAL_CD"",""ctl00_SiteContentPlaceHolder_FormView1_dtlPrevEduc_ctl00_tbxEDUC_INST_POSTAL_CD"",""ctl00_SiteContentPlaceHolder_FormView1_dtlPrevEmpl_ctl00_cbxPREV_EMPL_ADDR_POSTAL_CD_NA""]","[{""state"":""work-previous-restored"",""observedAt"":""2026-09-22T17:35:24.782Z"",""controlCount"":8},{""state"":""previous-employment-yes"",""observedAt"":""2026-09-22T17:35:54.556Z"",""controlCount"":32},{""state"":""previous-education-yes"",""observedAt"":""2026-09-22T17:36:12.697Z"",""controlCount"":50},{""state"":""previous-employment-no"",""observedAt"":""2026-09-22T17:36:57.183Z"",""controlCount"":26},{""state"":""previous-education-no"",""observedAt"":""2026-09-22T17:37:16.817Z"",""controlCount"":8},{""state"":""not-employed-filled-next-accepted"",""observedAt"":""2026-09-22T17:52:20.164Z"",""controlCount"":8}]","[""single_direct_id_selector_candidate"",""single_direct_id_selector_candidate""]","[{""code"":""plan_selector_differs_from_runtime_selector"",""mappingKey"":""prev_employer_postal"",""proven"":true}]",previous_employers,"[{""code"":""repeat_dom_controls_unverified_in_static_contract"",""repeatGroup"":""previous_employers"",""proven"":true,""detail"":""Static row/add/remove selectors are unset and marked unverified; current DOM discovery is required.""}]",finalized_runtime_selector_reconciliation,false,direct_id_candidate
prev_employer_state,Work/Education/Training: Previous,work_education_previous,"[""extended"",""extended""]",text,text,20,unproven_mapping,"[""ctl00_SiteContentPlaceHolder_FormView1_dtlPrevEmpl_ctl00_tbxPREV_EMPL_ADDR_STATE"",""ctl00_SiteContentPlaceHolder_FormView1_dtlPrevEduc_ctl00_tbxEDUC_INST_ADDR_STATE"",""ctl00_SiteContentPlaceHolder_FormView1_dtlPrevEmpl_ctl00_cbxPREV_EMPL_ADDR_STATE_NA""]","[{""state"":""work-previous-restored"",""observedAt"":""2026-09-22T17:35:24.782Z"",""controlCount"":8},{""state"":""previous-employment-yes"",""observedAt"":""2026-09-22T17:35:54.556Z"",""controlCount"":32},{""state"":""previous-education-yes"",""observedAt"":""2026-09-22T17:36:12.697Z"",""controlCount"":50},{""state"":""previous-employment-no"",""observedAt"":""2026-09-22T17:36:57.183Z"",""controlCount"":26},{""state"":""previous-education-no"",""observedAt"":""2026-09-22T17:37:16.817Z"",""controlCount"":8},{""state"":""not-employed-filled-next-accepted"",""observedAt"":""2026-09-22T17:52:20.164Z"",""controlCount"":8}]","[""single_direct_id_selector_candidate"",""single_direct_id_selector_candidate""]","[{""code"":""plan_selector_differs_from_runtime_selector"",""mappingKey"":""prev_employer_state"",""proven"":true}]",previous_employers,"[{""code"":""repeat_dom_controls_unverified_in_static_contract"",""repeatGroup"":""previous_employers"",""proven"":true,""detail"":""Static row/add/remove selectors are unset and marked unverified; current DOM discovery is required.""}]",finalized_runtime_selector_reconciliation,false,direct_id_candidate
prev_job_duties,Work/Education/Training: Previous,work_education_previous,"[""extended""]",textarea,textarea,4000,unproven_mapping,"[""ctl00_SiteContentPlaceHolder_FormView1_dtlPrevEmpl_ctl00_tbDescribeDuties""]","[{""state"":""work-previous-restored"",""observedAt"":""2026-09-22T17:35:24.782Z"",""controlCount"":8},{""state"":""previous-employment-yes"",""observedAt"":""2026-09-22T17:35:54.556Z"",""controlCount"":32},{""state"":""previous-education-yes"",""observedAt"":""2026-09-22T17:36:12.697Z"",""controlCount"":50},{""state"":""previous-employment-no"",""observedAt"":""2026-09-22T17:36:57.183Z"",""controlCount"":26},{""state"":""previous-education-no"",""observedAt"":""2026-09-22T17:37:16.817Z"",""controlCount"":8},{""state"":""not-employed-filled-next-accepted"",""observedAt"":""2026-09-22T17:52:20.164Z"",""controlCount"":8}]","[""single_direct_id_selector_candidate""]","[{""code"":""plan_selector_differs_from_runtime_selector"",""mappingKey"":""prev_job_duties"",""proven"":true}]",previous_employers,"[{""code"":""repeat_dom_controls_unverified_in_static_contract"",""repeatGroup"":""previous_employers"",""proven"":true,""detail"":""Static row/add/remove selectors are unset and marked unverified; current DOM discovery is required.""}]",finalized_runtime_selector_reconciliation,false,direct_id_candidate
prev_job_title,Work/Education/Training: Previous,work_education_previous,"[""extended""]",text,text,75,unproven_mapping,"[""ctl00_SiteContentPlaceHolder_FormView1_dtlPrevEmpl_ctl00_tbJobTitle""]","[{""state"":""work-previous-restored"",""observedAt"":""2026-09-22T17:35:24.782Z"",""controlCount"":8},{""state"":""previous-employment-yes"",""observedAt"":""2026-09-22T17:35:54.556Z"",""controlCount"":32},{""state"":""previous-education-yes"",""observedAt"":""2026-09-22T17:36:12.697Z"",""controlCount"":50},{""state"":""previous-employment-no"",""observedAt"":""2026-09-22T17:36:57.183Z"",""controlCount"":26},{""state"":""previous-education-no"",""observedAt"":""2026-09-22T17:37:16.817Z"",""controlCount"":8},{""state"":""not-employed-filled-next-accepted"",""observedAt"":""2026-09-22T17:52:20.164Z"",""controlCount"":8}]","[""single_direct_id_selector_candidate""]","[{""code"":""plan_selector_differs_from_runtime_selector"",""mappingKey"":""prev_job_title"",""proven"":true}]",previous_employers,"[{""code"":""repeat_dom_controls_unverified_in_static_contract"",""repeatGroup"":""previous_employers"",""proven"":true,""detail"":""Static row/add/remove selectors are unset and marked unverified; current DOM discovery is required.""}]",finalized_runtime_selector_reconciliation,false,direct_id_candidate
prev_supervisor_given_names,Work/Education/Training: Previous,work_education_previous,"[""extended"",""extended""]",text,text,33,unproven_mapping,"[""ctl00_SiteContentPlaceHolder_FormView1_dtlPrevEmpl_ctl00_tbSupervisorGivenName"",""ctl00_SiteContentPlaceHolder_FormView1_dtlPrevEmpl_ctl00_cbxSupervisorSurname_NA"",""ctl00_SiteContentPlaceHolder_FormView1_dtlPrevEmpl_ctl00_cbxSupervisorGivenName_NA""]","[{""state"":""work-previous-restored"",""observedAt"":""2026-09-22T17:35:24.782Z"",""controlCount"":8},{""state"":""previous-employment-yes"",""observedAt"":""2026-09-22T17:35:54.556Z"",""controlCount"":32},{""state"":""previous-education-yes"",""observedAt"":""2026-09-22T17:36:12.697Z"",""controlCount"":50},{""state"":""previous-employment-no"",""observedAt"":""2026-09-22T17:36:57.183Z"",""controlCount"":26},{""state"":""previous-education-no"",""observedAt"":""2026-09-22T17:37:16.817Z"",""controlCount"":8},{""state"":""not-employed-filled-next-accepted"",""observedAt"":""2026-09-22T17:52:20.164Z"",""controlCount"":8}]","[""single_direct_id_selector_candidate"",""single_direct_id_selector_candidate""]","[{""code"":""plan_selector_differs_from_runtime_selector"",""mappingKey"":""prev_supervisor_given_names"",""proven"":true}]",previous_employers,"[{""code"":""repeat_dom_controls_unverified_in_static_contract"",""repeatGroup"":""previous_employers"",""proven"":true,""detail"":""Static row/add/remove selectors are unset and marked unverified; current DOM discovery is required.""}]",finalized_runtime_selector_reconciliation,false,direct_id_candidate
prev_supervisor_surname,Work/Education/Training: Previous,work_education_previous,"[""extended"",""extended""]",text,text,33,unproven_mapping,"[""ctl00_SiteContentPlaceHolder_FormView1_dtlPrevEmpl_ctl00_tbSupervisorSurname"",""ctl00_SiteContentPlaceHolder_FormView1_dtlPrevEmpl_ctl00_cbxSupervisorSurname_NA"",""ctl00_SiteContentPlaceHolder_FormView1_dtlPrevEmpl_ctl00_cbxSupervisorGivenName_NA""]","[{""state"":""work-previous-restored"",""observedAt"":""2026-09-22T17:35:24.782Z"",""controlCount"":8},{""state"":""previous-employment-yes"",""observedAt"":""2026-09-22T17:35:54.556Z"",""controlCount"":32},{""state"":""previous-education-yes"",""observedAt"":""2026-09-22T17:36:12.697Z"",""controlCount"":50},{""state"":""previous-employment-no"",""observedAt"":""2026-09-22T17:36:57.183Z"",""controlCount"":26},{""state"":""previous-education-no"",""observedAt"":""2026-09-22T17:37:16.817Z"",""controlCount"":8},{""state"":""not-employed-filled-next-accepted"",""observedAt"":""2026-09-22T17:52:20.164Z"",""controlCount"":8}]","[""single_direct_id_selector_candidate"",""single_direct_id_selector_candidate""]","[{""code"":""plan_selector_differs_from_runtime_selector"",""mappingKey"":""prev_supervisor_surname"",""proven"":true}]",previous_employers,"[{""code"":""repeat_dom_controls_unverified_in_static_contract"",""repeatGroup"":""previous_employers"",""proven"":true,""detail"":""Static row/add/remove selectors are unset and marked unverified; current DOM discovery is required.""}]",finalized_runtime_selector_reconciliation,false,direct_id_candidate
military_branch,Work/Education/Training: Additional,work_education_additional,"[""extended""]",text,text,40,unproven_mapping,"[""ctl00_SiteContentPlaceHolder_FormView1_dtlMILITARY_SERVICE_ctl00_tbxMILITARY_SVC_BRANCH""]","[{""state"":""additional-restored"",""observedAt"":""2026-09-22T17:37:38.347Z"",""controlCount"":17},{""state"":""additional-clan-yes"",""observedAt"":""2026-09-22T17:38:47.217Z"",""controlCount"":18},{""state"":""additional-countries-yes"",""observedAt"":""2026-09-22T17:39:08.831Z"",""controlCount"":19},{""state"":""additional-organization-yes"",""observedAt"":""2026-09-22T17:39:23.367Z"",""controlCount"":20},{""state"":""additional-skills-yes"",""observedAt"":""2026-09-22T17:39:43.374Z"",""controlCount"":21},{""state"":""additional-military-yes"",""observedAt"":""2026-09-22T17:39:57.981Z"",""controlCount"":33},{""state"":""additional-insurgent-yes"",""observedAt"":""2026-09-22T17:40:13.993Z"",""controlCount"":34}]","[""single_direct_id_selector_candidate""]","[{""code"":""plan_selector_differs_from_runtime_selector"",""mappingKey"":""military_branch"",""proven"":true}]",military_service,"[{""code"":""repeat_dom_controls_unverified_in_static_contract"",""repeatGroup"":""military_service"",""proven"":true,""detail"":""Static row/add/remove selectors are unset and marked unverified; current DOM discovery is required.""}]",finalized_runtime_selector_reconciliation,false,direct_id_candidate
military_country,Work/Education/Training: Additional,work_education_additional,"[""extended""]",select,select,,unproven_mapping,"[""ctl00_SiteContentPlaceHolder_FormView1_dtlCountriesVisited_ctl00_ddlCOUNTRIES_VISITED"",""ctl00_SiteContentPlaceHolder_FormView1_dtlMILITARY_SERVICE_ctl00_ddlMILITARY_SVC_CNTRY""]","[{""state"":""additional-restored"",""observedAt"":""2026-09-22T17:37:38.347Z"",""controlCount"":17},{""state"":""additional-clan-yes"",""observedAt"":""2026-09-22T17:38:47.217Z"",""controlCount"":18},{""state"":""additional-countries-yes"",""observedAt"":""2026-09-22T17:39:08.831Z"",""controlCount"":19},{""state"":""additional-organization-yes"",""observedAt"":""2026-09-22T17:39:23.367Z"",""controlCount"":20},{""state"":""additional-skills-yes"",""observedAt"":""2026-09-22T17:39:43.374Z"",""controlCount"":21},{""state"":""additional-military-yes"",""observedAt"":""2026-09-22T17:39:57.981Z"",""controlCount"":33},{""state"":""additional-insurgent-yes"",""observedAt"":""2026-09-22T17:40:13.993Z"",""controlCount"":34}]","[""single_direct_id_selector_candidate""]","[{""code"":""plan_selector_differs_from_runtime_selector"",""mappingKey"":""military_country"",""proven"":true}]",military_service,"[{""code"":""repeat_dom_controls_unverified_in_static_contract"",""repeatGroup"":""military_service"",""proven"":true,""detail"":""Static row/add/remove selectors are unset and marked unverified; current DOM discovery is required.""}]",finalized_runtime_selector_reconciliation,false,direct_id_candidate
military_rank,Work/Education/Training: Additional,work_education_additional,"[""extended""]",text,text,40,unproven_mapping,"[""ctl00_SiteContentPlaceHolder_FormView1_dtlMILITARY_SERVICE_ctl00_tbxMILITARY_SVC_RANK""]","[{""state"":""additional-restored"",""observedAt"":""2026-09-22T17:37:38.347Z"",""controlCount"":17},{""state"":""additional-clan-yes"",""observedAt"":""2026-09-22T17:38:47.217Z"",""controlCount"":18},{""state"":""additional-countries-yes"",""observedAt"":""2026-09-22T17:39:08.831Z"",""controlCount"":19},{""state"":""additional-organization-yes"",""observedAt"":""2026-09-22T17:39:23.367Z"",""controlCount"":20},{""state"":""additional-skills-yes"",""observedAt"":""2026-09-22T17:39:43.374Z"",""controlCount"":21},{""state"":""additional-military-yes"",""observedAt"":""2026-09-22T17:39:57.981Z"",""controlCount"":33},{""state"":""additional-insurgent-yes"",""observedAt"":""2026-09-22T17:40:13.993Z"",""controlCount"":34}]","[""single_direct_id_selector_candidate""]","[{""code"":""plan_selector_differs_from_runtime_selector"",""mappingKey"":""military_rank"",""proven"":true}]",military_service,"[{""code"":""repeat_dom_controls_unverified_in_static_contract"",""repeatGroup"":""military_service"",""proven"":true,""detail"":""Static row/add/remove selectors are unset and marked unverified; current DOM discovery is required.""}]",finalized_runtime_selector_reconciliation,false,direct_id_candidate
military_specialty,Work/Education/Training: Additional,work_education_additional,"[""extended""]",text,text,40,unproven_mapping,"[""ctl00_SiteContentPlaceHolder_FormView1_dtlMILITARY_SERVICE_ctl00_tbxMILITARY_SVC_SPECIALTY""]","[{""state"":""additional-restored"",""observedAt"":""2026-09-22T17:37:38.347Z"",""controlCount"":17},{""state"":""additional-clan-yes"",""observedAt"":""2026-09-22T17:38:47.217Z"",""controlCount"":18},{""state"":""additional-countries-yes"",""observedAt"":""2026-09-22T17:39:08.831Z"",""controlCount"":19},{""state"":""additional-organization-yes"",""observedAt"":""2026-09-22T17:39:23.367Z"",""controlCount"":20},{""state"":""additional-skills-yes"",""observedAt"":""2026-09-22T17:39:43.374Z"",""controlCount"":21},{""state"":""additional-military-yes"",""observedAt"":""2026-09-22T17:39:57.981Z"",""controlCount"":33},{""state"":""additional-insurgent-yes"",""observedAt"":""2026-09-22T17:40:13.993Z"",""controlCount"":34}]","[""single_direct_id_selector_candidate""]","[{""code"":""plan_selector_differs_from_runtime_selector"",""mappingKey"":""military_specialty"",""proven"":true}]",military_service,"[{""code"":""repeat_dom_controls_unverified_in_static_contract"",""repeatGroup"":""military_service"",""proven"":true,""detail"":""Static row/add/remove selectors are unset and marked unverified; current DOM discovery is required.""}]",finalized_runtime_selector_reconciliation,false,direct_id_candidate
paramilitary_explain,Work/Education/Training: Additional,work_education_additional,"[""extended""]",textarea,textarea,4000,unproven_mapping,"[""ctl00_SiteContentPlaceHolder_FormView1_tbxSPECIALIZED_SKILLS_EXPL"",""ctl00_SiteContentPlaceHolder_FormView1_tbxINSURGENT_ORG_EXPL""]","[{""state"":""additional-restored"",""observedAt"":""2026-09-22T17:37:38.347Z"",""controlCount"":17},{""state"":""additional-clan-yes"",""observedAt"":""2026-09-22T17:38:47.217Z"",""controlCount"":18},{""state"":""additional-countries-yes"",""observedAt"":""2026-09-22T17:39:08.831Z"",""controlCount"":19},{""state"":""additional-organization-yes"",""observedAt"":""2026-09-22T17:39:23.367Z"",""controlCount"":20},{""state"":""additional-skills-yes"",""observedAt"":""2026-09-22T17:39:43.374Z"",""controlCount"":21},{""state"":""additional-military-yes"",""observedAt"":""2026-09-22T17:39:57.981Z"",""controlCount"":33},{""state"":""additional-insurgent-yes"",""observedAt"":""2026-09-22T17:40:13.993Z"",""controlCount"":34}]","[""single_direct_id_selector_candidate""]","[{""code"":""plan_selector_differs_from_runtime_selector"",""mappingKey"":""paramilitary_explain"",""proven"":true}]",,[],finalized_runtime_selector_reconciliation,false,direct_id_candidate
has_communicable_disease_explain,Security and Background: Part 1,security_background_1,"[""extended""]",textarea,textarea,4000,unproven_mapping,"[""ctl00_SiteContentPlaceHolder_FormView1_tbxDisease"",""ctl00_SiteContentPlaceHolder_FormView1_tbxDisorder"",""ctl00_SiteContentPlaceHolder_FormView1_tbxDruguser""]","[{""state"":""security1-restored"",""observedAt"":""2026-09-22T17:41:13.524Z"",""controlCount"":10},{""state"":""security1-disease-yes"",""observedAt"":""2026-09-22T17:41:31.625Z"",""controlCount"":11},{""state"":""security1-disorder-yes"",""observedAt"":""2026-09-22T17:41:32.009Z"",""controlCount"":12},{""state"":""security1-druguser-yes"",""observedAt"":""2026-09-22T17:41:32.438Z"",""controlCount"":13},{""state"":""security1-return-for-validation"",""observedAt"":""2026-09-22T17:50:20.572Z"",""controlCount"":10},{""state"":""Security and Background: Part 1-rblDisease_0"",""observedAt"":""2026-09-22T17:50:21.023Z"",""controlCount"":11},{""state"":""Security and Background: Part 1-rblDisorder_0"",""observedAt"":""2026-09-22T17:50:21.444Z"",""controlCount"":12},{""state"":""Security and Background: Part 1-rblDruguser_0"",""observedAt"":""2026-09-22T17:50:21.815Z"",""controlCount"":13},{""state"":""security1-empty-explanations-server-validation"",""observedAt"":""2026-09-22T17:50:53.112Z"",""controlCount"":13}]","[""single_direct_id_selector_candidate""]","[{""code"":""plan_selector_differs_from_runtime_selector"",""mappingKey"":""has_communicable_disease_explain"",""proven"":true}]",,[],finalized_runtime_selector_reconciliation,false,direct_id_candidate
has_physical_mental_disorder_explain,Security and Background: Part 1,security_background_1,"[""extended""]",textarea,textarea,4000,unproven_mapping,"[""ctl00_SiteContentPlaceHolder_FormView1_tbxDisease"",""ctl00_SiteContentPlaceHolder_FormView1_tbxDisorder"",""ctl00_SiteContentPlaceHolder_FormView1_tbxDruguser""]","[{""state"":""security1-restored"",""observedAt"":""2026-09-22T17:41:13.524Z"",""controlCount"":10},{""state"":""security1-disease-yes"",""observedAt"":""2026-09-22T17:41:31.625Z"",""controlCount"":11},{""state"":""security1-disorder-yes"",""observedAt"":""2026-09-22T17:41:32.009Z"",""controlCount"":12},{""state"":""security1-druguser-yes"",""observedAt"":""2026-09-22T17:41:32.438Z"",""controlCount"":13},{""state"":""security1-return-for-validation"",""observedAt"":""2026-09-22T17:50:20.572Z"",""controlCount"":10},{""state"":""Security and Background: Part 1-rblDisease_0"",""observedAt"":""2026-09-22T17:50:21.023Z"",""controlCount"":11},{""state"":""Security and Background: Part 1-rblDisorder_0"",""observedAt"":""2026-09-22T17:50:21.444Z"",""controlCount"":12},{""state"":""Security and Background: Part 1-rblDruguser_0"",""observedAt"":""2026-09-22T17:50:21.815Z"",""controlCount"":13},{""state"":""security1-empty-explanations-server-validation"",""observedAt"":""2026-09-22T17:50:53.112Z"",""controlCount"":13}]","[""single_direct_id_selector_candidate""]","[{""code"":""plan_selector_differs_from_runtime_selector"",""mappingKey"":""has_physical_mental_disorder_explain"",""proven"":true}]",,[],finalized_runtime_selector_reconciliation,false,direct_id_candidate
is_drug_abuser_explain,Security and Background: Part 1,security_background_1,"[""extended""]",textarea,textarea,4000,unproven_mapping,"[""ctl00_SiteContentPlaceHolder_FormView1_tbxDisease"",""ctl00_SiteContentPlaceHolder_FormView1_tbxDisorder"",""ctl00_SiteContentPlaceHolder_FormView1_tbxDruguser""]","[{""state"":""security1-restored"",""observedAt"":""2026-09-22T17:41:13.524Z"",""controlCount"":10},{""state"":""security1-disease-yes"",""observedAt"":""2026-09-22T17:41:31.625Z"",""controlCount"":11},{""state"":""security1-disorder-yes"",""observedAt"":""2026-09-22T17:41:32.009Z"",""controlCount"":12},{""state"":""security1-druguser-yes"",""observedAt"":""2026-09-22T17:41:32.438Z"",""controlCount"":13},{""state"":""security1-return-for-validation"",""observedAt"":""2026-09-22T17:50:20.572Z"",""controlCount"":10},{""state"":""Security and Background: Part 1-rblDisease_0"",""observedAt"":""2026-09-22T17:50:21.023Z"",""controlCount"":11},{""state"":""Security and Background: Part 1-rblDisorder_0"",""observedAt"":""2026-09-22T17:50:21.444Z"",""controlCount"":12},{""state"":""Security and Background: Part 1-rblDruguser_0"",""observedAt"":""2026-09-22T17:50:21.815Z"",""controlCount"":13},{""state"":""security1-empty-explanations-server-validation"",""observedAt"":""2026-09-22T17:50:53.112Z"",""controlCount"":13}]","[""single_direct_id_selector_candidate""]","[{""code"":""plan_selector_differs_from_runtime_selector"",""mappingKey"":""is_drug_abuser_explain"",""proven"":true}]",,[],finalized_runtime_selector_reconciliation,false,direct_id_candidate
has_aided_human_trafficking_explain,Security and Background: Part 2,security_background_2,"[""extended""]",textarea,textarea,4000,unproven_mapping,"[""ctl00_SiteContentPlaceHolder_FormView1_tbxArrested"",""ctl00_SiteContentPlaceHolder_FormView1_tbxControlledSubstances"",""ctl00_SiteContentPlaceHolder_FormView1_tbxProstitution"",""ctl00_SiteContentPlaceHolder_FormView1_tbxMoneyLaundering"",""ctl00_SiteContentPlaceHolder_FormView1_tbxHumanTrafficking"",""ctl00_SiteContentPlaceHolder_FormView1_tbxAssistedSevereTrafficking"",""ctl00_SiteContentPlaceHolder_FormView1_tbxHumanTraffickingRelated""]","[{""state"":""Security and Background: Part 2-rblArrested_0"",""observedAt"":""2026-09-22T17:42:26.413Z"",""controlCount"":19},{""state"":""Security and Background: Part 2-rblControlledSubstances_0"",""observedAt"":""2026-09-22T17:42:26.801Z"",""controlCount"":20},{""state"":""Security and Background: Part 2-rblProstitution_0"",""observedAt"":""2026-09-22T17:42:27.198Z"",""controlCount"":21},{""state"":""Security and Background: Part 2-rblMoneyLaundering_0"",""observedAt"":""2026-09-22T17:42:27.601Z"",""controlCount"":22},{""state"":""Security and Background: Part 2-rblHumanTrafficking_0"",""observedAt"":""2026-09-22T17:42:28.029Z"",""controlCount"":23},{""state"":""Security and Background: Part 2-rblAssistedSevereTrafficking_0"",""observedAt"":""2026-09-22T17:42:28.413Z"",""controlCount"":24},{""state"":""Security and Background: Part 2-rblHumanTraffickingRelated_0"",""observedAt"":""2026-09-22T17:42:28.815Z"",""controlCount"":25},{""state"":""security2-empty-explanations-rejected"",""observedAt"":""2026-09-22T17:43:20.261Z"",""controlCount"":25},{""state"":""security1-filled-next-accepted"",""observedAt"":""2026-09-22T17:50:58.292Z"",""controlCount"":25}]","[""single_direct_id_selector_candidate""]","[{""code"":""plan_selector_differs_from_runtime_selector"",""mappingKey"":""has_aided_human_trafficking_explain"",""proven"":true}]",,[],finalized_runtime_selector_reconciliation,false,direct_id_candidate
has_arrest_conviction_explain,Security and Background: Part 2,security_background_2,"[""extended""]",textarea,textarea,4000,unproven_mapping,"[""ctl00_SiteContentPlaceHolder_FormView1_tbxArrested"",""ctl00_SiteContentPlaceHolder_FormView1_tbxControlledSubstances"",""ctl00_SiteContentPlaceHolder_FormView1_tbxProstitution"",""ctl00_SiteContentPlaceHolder_FormView1_tbxMoneyLaundering"",""ctl00_SiteContentPlaceHolder_FormView1_tbxHumanTrafficking"",""ctl00_SiteContentPlaceHolder_FormView1_tbxAssistedSevereTrafficking"",""ctl00_SiteContentPlaceHolder_FormView1_tbxHumanTraffickingRelated""]","[{""state"":""Security and Background: Part 2-rblArrested_0"",""observedAt"":""2026-09-22T17:42:26.413Z"",""controlCount"":19},{""state"":""Security and Background: Part 2-rblControlledSubstances_0"",""observedAt"":""2026-09-22T17:42:26.801Z"",""controlCount"":20},{""state"":""Security and Background: Part 2-rblProstitution_0"",""observedAt"":""2026-09-22T17:42:27.198Z"",""controlCount"":21},{""state"":""Security and Background: Part 2-rblMoneyLaundering_0"",""observedAt"":""2026-09-22T17:42:27.601Z"",""controlCount"":22},{""state"":""Security and Background: Part 2-rblHumanTrafficking_0"",""observedAt"":""2026-09-22T17:42:28.029Z"",""controlCount"":23},{""state"":""Security and Background: Part 2-rblAssistedSevereTrafficking_0"",""observedAt"":""2026-09-22T17:42:28.413Z"",""controlCount"":24},{""state"":""Security and Background: Part 2-rblHumanTraffickingRelated_0"",""observedAt"":""2026-09-22T17:42:28.815Z"",""controlCount"":25},{""state"":""security2-empty-explanations-rejected"",""observedAt"":""2026-09-22T17:43:20.261Z"",""controlCount"":25},{""state"":""security1-filled-next-accepted"",""observedAt"":""2026-09-22T17:50:58.292Z"",""controlCount"":25}]","[""single_direct_id_selector_candidate""]","[{""code"":""plan_selector_differs_from_runtime_selector"",""mappingKey"":""has_arrest_conviction_explain"",""proven"":true}]",,[],finalized_runtime_selector_reconciliation,false,direct_id_candidate
has_human_trafficking_explain,Security and Background: Part 2,security_background_2,"[""extended""]",textarea,textarea,4000,unproven_mapping,"[""ctl00_SiteContentPlaceHolder_FormView1_tbxArrested"",""ctl00_SiteContentPlaceHolder_FormView1_tbxControlledSubstances"",""ctl00_SiteContentPlaceHolder_FormView1_tbxProstitution"",""ctl00_SiteContentPlaceHolder_FormView1_tbxMoneyLaundering"",""ctl00_SiteContentPlaceHolder_FormView1_tbxHumanTrafficking"",""ctl00_SiteContentPlaceHolder_FormView1_tbxAssistedSevereTrafficking"",""ctl00_SiteContentPlaceHolder_FormView1_tbxHumanTraffickingRelated""]","[{""state"":""Security and Background: Part 2-rblArrested_0"",""observedAt"":""2026-09-22T17:42:26.413Z"",""controlCount"":19},{""state"":""Security and Background: Part 2-rblControlledSubstances_0"",""observedAt"":""2026-09-22T17:42:26.801Z"",""controlCount"":20},{""state"":""Security and Background: Part 2-rblProstitution_0"",""observedAt"":""2026-09-22T17:42:27.198Z"",""controlCount"":21},{""state"":""Security and Background: Part 2-rblMoneyLaundering_0"",""observedAt"":""2026-09-22T17:42:27.601Z"",""controlCount"":22},{""state"":""Security and Background: Part 2-rblHumanTrafficking_0"",""observedAt"":""2026-09-22T17:42:28.029Z"",""controlCount"":23},{""state"":""Security and Background: Part 2-rblAssistedSevereTrafficking_0"",""observedAt"":""2026-09-22T17:42:28.413Z"",""controlCount"":24},{""state"":""Security and Background: Part 2-rblHumanTraffickingRelated_0"",""observedAt"":""2026-09-22T17:42:28.815Z"",""controlCount"":25},{""state"":""security2-empty-explanations-rejected"",""observedAt"":""2026-09-22T17:43:20.261Z"",""controlCount"":25},{""state"":""security1-filled-next-accepted"",""observedAt"":""2026-09-22T17:50:58.292Z"",""controlCount"":25}]","[""single_direct_id_selector_candidate""]","[{""code"":""plan_selector_differs_from_runtime_selector"",""mappingKey"":""has_human_trafficking_explain"",""proven"":true}]",,[],finalized_runtime_selector_reconciliation,false,direct_id_candidate
has_money_laundering_explain,Security and Background: Part 2,security_background_2,"[""extended""]",textarea,textarea,4000,unproven_mapping,"[""ctl00_SiteContentPlaceHolder_FormView1_tbxArrested"",""ctl00_SiteContentPlaceHolder_FormView1_tbxControlledSubstances"",""ctl00_SiteContentPlaceHolder_FormView1_tbxProstitution"",""ctl00_SiteContentPlaceHolder_FormView1_tbxMoneyLaundering"",""ctl00_SiteContentPlaceHolder_FormView1_tbxHumanTrafficking"",""ctl00_SiteContentPlaceHolder_FormView1_tbxAssistedSevereTrafficking"",""ctl00_SiteContentPlaceHolder_FormView1_tbxHumanTraffickingRelated""]","[{""state"":""Security and Background: Part 2-rblArrested_0"",""observedAt"":""2026-09-22T17:42:26.413Z"",""controlCount"":19},{""state"":""Security and Background: Part 2-rblControlledSubstances_0"",""observedAt"":""2026-09-22T17:42:26.801Z"",""controlCount"":20},{""state"":""Security and Background: Part 2-rblProstitution_0"",""observedAt"":""2026-09-22T17:42:27.198Z"",""controlCount"":21},{""state"":""Security and Background: Part 2-rblMoneyLaundering_0"",""observedAt"":""2026-09-22T17:42:27.601Z"",""controlCount"":22},{""state"":""Security and Background: Part 2-rblHumanTrafficking_0"",""observedAt"":""2026-09-22T17:42:28.029Z"",""controlCount"":23},{""state"":""Security and Background: Part 2-rblAssistedSevereTrafficking_0"",""observedAt"":""2026-09-22T17:42:28.413Z"",""controlCount"":24},{""state"":""Security and Background: Part 2-rblHumanTraffickingRelated_0"",""observedAt"":""2026-09-22T17:42:28.815Z"",""controlCount"":25},{""state"":""security2-empty-explanations-rejected"",""observedAt"":""2026-09-22T17:43:20.261Z"",""controlCount"":25},{""state"":""security1-filled-next-accepted"",""observedAt"":""2026-09-22T17:50:58.292Z"",""controlCount"":25}]","[""single_direct_id_selector_candidate""]","[{""code"":""plan_selector_differs_from_runtime_selector"",""mappingKey"":""has_money_laundering_explain"",""proven"":true}]",,[],finalized_runtime_selector_reconciliation,false,direct_id_candidate
has_prostitution_explain,Security and Background: Part 2,security_background_2,"[""extended""]",textarea,textarea,4000,unproven_mapping,"[""ctl00_SiteContentPlaceHolder_FormView1_tbxArrested"",""ctl00_SiteContentPlaceHolder_FormView1_tbxControlledSubstances"",""ctl00_SiteContentPlaceHolder_FormView1_tbxProstitution"",""ctl00_SiteContentPlaceHolder_FormView1_tbxMoneyLaundering"",""ctl00_SiteContentPlaceHolder_FormView1_tbxHumanTrafficking"",""ctl00_SiteContentPlaceHolder_FormView1_tbxAssistedSevereTrafficking"",""ctl00_SiteContentPlaceHolder_FormView1_tbxHumanTraffickingRelated""]","[{""state"":""Security and Background: Part 2-rblArrested_0"",""observedAt"":""2026-09-22T17:42:26.413Z"",""controlCount"":19},{""state"":""Security and Background: Part 2-rblControlledSubstances_0"",""observedAt"":""2026-09-22T17:42:26.801Z"",""controlCount"":20},{""state"":""Security and Background: Part 2-rblProstitution_0"",""observedAt"":""2026-09-22T17:42:27.198Z"",""controlCount"":21},{""state"":""Security and Background: Part 2-rblMoneyLaundering_0"",""observedAt"":""2026-09-22T17:42:27.601Z"",""controlCount"":22},{""state"":""Security and Background: Part 2-rblHumanTrafficking_0"",""observedAt"":""2026-09-22T17:42:28.029Z"",""controlCount"":23},{""state"":""Security and Background: Part 2-rblAssistedSevereTrafficking_0"",""observedAt"":""2026-09-22T17:42:28.413Z"",""controlCount"":24},{""state"":""Security and Background: Part 2-rblHumanTraffickingRelated_0"",""observedAt"":""2026-09-22T17:42:28.815Z"",""controlCount"":25},{""state"":""security2-empty-explanations-rejected"",""observedAt"":""2026-09-22T17:43:20.261Z"",""controlCount"":25},{""state"":""security1-filled-next-accepted"",""observedAt"":""2026-09-22T17:50:58.292Z"",""controlCount"":25}]","[""single_direct_id_selector_candidate""]","[{""code"":""plan_selector_differs_from_runtime_selector"",""mappingKey"":""has_prostitution_explain"",""proven"":true}]",,[],finalized_runtime_selector_reconciliation,false,direct_id_candidate
has_trafficking_beneficiary_explain,Security and Background: Part 2,security_background_2,"[""extended""]",textarea,textarea,4000,unproven_mapping,"[""ctl00_SiteContentPlaceHolder_FormView1_tbxArrested"",""ctl00_SiteContentPlaceHolder_FormView1_tbxControlledSubstances"",""ctl00_SiteContentPlaceHolder_FormView1_tbxProstitution"",""ctl00_SiteContentPlaceHolder_FormView1_tbxMoneyLaundering"",""ctl00_SiteContentPlaceHolder_FormView1_tbxHumanTrafficking"",""ctl00_SiteContentPlaceHolder_FormView1_tbxAssistedSevereTrafficking"",""ctl00_SiteContentPlaceHolder_FormView1_tbxHumanTraffickingRelated""]","[{""state"":""Security and Background: Part 2-rblArrested_0"",""observedAt"":""2026-09-22T17:42:26.413Z"",""controlCount"":19},{""state"":""Security and Background: Part 2-rblControlledSubstances_0"",""observedAt"":""2026-09-22T17:42:26.801Z"",""controlCount"":20},{""state"":""Security and Background: Part 2-rblProstitution_0"",""observedAt"":""2026-09-22T17:42:27.198Z"",""controlCount"":21},{""state"":""Security and Background: Part 2-rblMoneyLaundering_0"",""observedAt"":""2026-09-22T17:42:27.601Z"",""controlCount"":22},{""state"":""Security and Background: Part 2-rblHumanTrafficking_0"",""observedAt"":""2026-09-22T17:42:28.029Z"",""controlCount"":23},{""state"":""Security and Background: Part 2-rblAssistedSevereTrafficking_0"",""observedAt"":""2026-09-22T17:42:28.413Z"",""controlCount"":24},{""state"":""Security and Background: Part 2-rblHumanTraffickingRelated_0"",""observedAt"":""2026-09-22T17:42:28.815Z"",""controlCount"":25},{""state"":""security2-empty-explanations-rejected"",""observedAt"":""2026-09-22T17:43:20.261Z"",""controlCount"":25},{""state"":""security1-filled-next-accepted"",""observedAt"":""2026-09-22T17:50:58.292Z"",""controlCount"":25}]","[""single_direct_id_selector_candidate""]","[{""code"":""plan_selector_differs_from_runtime_selector"",""mappingKey"":""has_trafficking_beneficiary_explain"",""proven"":true}]",,[],finalized_runtime_selector_reconciliation,false,direct_id_candidate
has_violated_controlled_substance_explain,Security and Background: Part 2,security_background_2,"[""extended""]",textarea,textarea,4000,unproven_mapping,"[""ctl00_SiteContentPlaceHolder_FormView1_tbxArrested"",""ctl00_SiteContentPlaceHolder_FormView1_tbxControlledSubstances"",""ctl00_SiteContentPlaceHolder_FormView1_tbxProstitution"",""ctl00_SiteContentPlaceHolder_FormView1_tbxMoneyLaundering"",""ctl00_SiteContentPlaceHolder_FormView1_tbxHumanTrafficking"",""ctl00_SiteContentPlaceHolder_FormView1_tbxAssistedSevereTrafficking"",""ctl00_SiteContentPlaceHolder_FormView1_tbxHumanTraffickingRelated""]","[{""state"":""Security and Background: Part 2-rblArrested_0"",""observedAt"":""2026-09-22T17:42:26.413Z"",""controlCount"":19},{""state"":""Security and Background: Part 2-rblControlledSubstances_0"",""observedAt"":""2026-09-22T17:42:26.801Z"",""controlCount"":20},{""state"":""Security and Background: Part 2-rblProstitution_0"",""observedAt"":""2026-09-22T17:42:27.198Z"",""controlCount"":21},{""state"":""Security and Background: Part 2-rblMoneyLaundering_0"",""observedAt"":""2026-09-22T17:42:27.601Z"",""controlCount"":22},{""state"":""Security and Background: Part 2-rblHumanTrafficking_0"",""observedAt"":""2026-09-22T17:42:28.029Z"",""controlCount"":23},{""state"":""Security and Background: Part 2-rblAssistedSevereTrafficking_0"",""observedAt"":""2026-09-22T17:42:28.413Z"",""controlCount"":24},{""state"":""Security and Background: Part 2-rblHumanTraffickingRelated_0"",""observedAt"":""2026-09-22T17:42:28.815Z"",""controlCount"":25},{""state"":""security2-empty-explanations-rejected"",""observedAt"":""2026-09-22T17:43:20.261Z"",""controlCount"":25},{""state"":""security1-filled-next-accepted"",""observedAt"":""2026-09-22T17:50:58.292Z"",""controlCount"":25}]","[""single_direct_id_selector_candidate""]","[{""code"":""plan_selector_differs_from_runtime_selector"",""mappingKey"":""has_violated_controlled_substance_explain"",""proven"":true}]",,[],finalized_runtime_selector_reconciliation,false,direct_id_candidate
has_child_soldier_explain,Security and Background: Part 3,security_background_3,"[""extended""]",textarea,textarea,4000,unproven_mapping,"[""ctl00_SiteContentPlaceHolder_FormView1_tbxIllegalActivity"",""ctl00_SiteContentPlaceHolder_FormView1_tbxTerroristActivity"",""ctl00_SiteContentPlaceHolder_FormView1_tbxTerroristSupport"",""ctl00_SiteContentPlaceHolder_FormView1_tbxTerroristOrg"",""ctl00_SiteContentPlaceHolder_FormView1_tbxTerroristRel"",""ctl00_SiteContentPlaceHolder_FormView1_tbxGenocide"",""ctl00_SiteContentPlaceHolder_FormView1_tbxTorture"",""ctl00_SiteContentPlaceHolder_FormView1_tbxExViolence"",""ctl00_SiteContentPlaceHolder_FormView1_tbxChildSoldier"",""ctl00_SiteContentPlaceHolder_FormView1_tbxReligiousFreedom"",""ctl00_SiteContentPlaceHolder_FormView1_tbxPopulationControls"",""ctl00_SiteContentPlaceHolder_FormView1_tbxTransplant""]","[{""state"":""security2-filled-next-accepted"",""observedAt"":""2026-09-22T17:44:04.736Z"",""controlCount"":28},{""state"":""Security and Background: Part 3-rblIllegalActivity_0"",""observedAt"":""2026-09-22T17:44:05.149Z"",""controlCount"":29},{""state"":""Security and Background: Part 3-rblTerroristActivity_0"",""observedAt"":""2026-09-22T17:44:05.559Z"",""controlCount"":30},{""state"":""Security and Background: Part 3-rblTerroristSupport_0"",""observedAt"":""2026-09-22T17:44:05.968Z"",""controlCount"":31},{""state"":""Security and Background: Part 3-rblTerroristOrg_0"",""observedAt"":""2026-09-22T17:44:06.396Z"",""controlCount"":32},{""state"":""Security and Background: Part 3-rblTerroristRel_0"",""observedAt"":""2026-09-22T17:44:06.808Z"",""controlCount"":33},{""state"":""Security and Background: Part 3-rblGenocide_0"",""observedAt"":""2026-09-22T17:44:07.214Z"",""controlCount"":34},{""state"":""Security and Background: Part 3-rblTorture_0"",""observedAt"":""2026-09-22T17:44:07.622Z"",""controlCount"":35},{""state"":""Security and Background: Part 3-rblExViolence_0"",""observedAt"":""2026-09-22T17:44:08.049Z"",""controlCount"":36},{""state"":""Security and Background: Part 3-rblChildSoldier_0"",""observedAt"":""2026-09-22T17:44:08.464Z"",""controlCount"":37},{""state"":""Security and Background: Part 3-rblReligiousFreedom_0"",""observedAt"":""2026-09-22T17:44:08.845Z"",""controlCount"":38},{""state"":""Security and Background: Part 3-rblPopulationControls_0"",""observedAt"":""2026-09-22T17:44:09.261Z"",""controlCount"":39},{""state"":""Security and Background: Part 3-rblTransplant_0"",""observedAt"":""2026-09-22T17:44:09.670Z"",""controlCount"":40},{""state"":""security3-empty-explanations-server-validation"",""observedAt"":""2026-09-22T17:48:02.878Z"",""controlCount"":40}]","[""single_direct_id_selector_candidate""]","[{""code"":""plan_selector_differs_from_runtime_selector"",""mappingKey"":""has_child_soldier_explain"",""proven"":true}]",,[],finalized_runtime_selector_reconciliation,false,direct_id_candidate
has_coercive_transplant_explain,Security and Background: Part 3,security_background_3,"[""extended""]",textarea,textarea,4000,unproven_mapping,"[""ctl00_SiteContentPlaceHolder_FormView1_tbxIllegalActivity"",""ctl00_SiteContentPlaceHolder_FormView1_tbxTerroristActivity"",""ctl00_SiteContentPlaceHolder_FormView1_tbxTerroristSupport"",""ctl00_SiteContentPlaceHolder_FormView1_tbxTerroristOrg"",""ctl00_SiteContentPlaceHolder_FormView1_tbxTerroristRel"",""ctl00_SiteContentPlaceHolder_FormView1_tbxGenocide"",""ctl00_SiteContentPlaceHolder_FormView1_tbxTorture"",""ctl00_SiteContentPlaceHolder_FormView1_tbxExViolence"",""ctl00_SiteContentPlaceHolder_FormView1_tbxChildSoldier"",""ctl00_SiteContentPlaceHolder_FormView1_tbxReligiousFreedom"",""ctl00_SiteContentPlaceHolder_FormView1_tbxPopulationControls"",""ctl00_SiteContentPlaceHolder_FormView1_tbxTransplant""]","[{""state"":""security2-filled-next-accepted"",""observedAt"":""2026-09-22T17:44:04.736Z"",""controlCount"":28},{""state"":""Security and Background: Part 3-rblIllegalActivity_0"",""observedAt"":""2026-09-22T17:44:05.149Z"",""controlCount"":29},{""state"":""Security and Background: Part 3-rblTerroristActivity_0"",""observedAt"":""2026-09-22T17:44:05.559Z"",""controlCount"":30},{""state"":""Security and Background: Part 3-rblTerroristSupport_0"",""observedAt"":""2026-09-22T17:44:05.968Z"",""controlCount"":31},{""state"":""Security and Background: Part 3-rblTerroristOrg_0"",""observedAt"":""2026-09-22T17:44:06.396Z"",""controlCount"":32},{""state"":""Security and Background: Part 3-rblTerroristRel_0"",""observedAt"":""2026-09-22T17:44:06.808Z"",""controlCount"":33},{""state"":""Security and Background: Part 3-rblGenocide_0"",""observedAt"":""2026-09-22T17:44:07.214Z"",""controlCount"":34},{""state"":""Security and Background: Part 3-rblTorture_0"",""observedAt"":""2026-09-22T17:44:07.622Z"",""controlCount"":35},{""state"":""Security and Background: Part 3-rblExViolence_0"",""observedAt"":""2026-09-22T17:44:08.049Z"",""controlCount"":36},{""state"":""Security and Background: Part 3-rblChildSoldier_0"",""observedAt"":""2026-09-22T17:44:08.464Z"",""controlCount"":37},{""state"":""Security and Background: Part 3-rblReligiousFreedom_0"",""observedAt"":""2026-09-22T17:44:08.845Z"",""controlCount"":38},{""state"":""Security and Background: Part 3-rblPopulationControls_0"",""observedAt"":""2026-09-22T17:44:09.261Z"",""controlCount"":39},{""state"":""Security and Background: Part 3-rblTransplant_0"",""observedAt"":""2026-09-22T17:44:09.670Z"",""controlCount"":40},{""state"":""security3-empty-explanations-server-validation"",""observedAt"":""2026-09-22T17:48:02.878Z"",""controlCount"":40}]","[""single_direct_id_selector_candidate""]","[{""code"":""plan_selector_differs_from_runtime_selector"",""mappingKey"":""has_coercive_transplant_explain"",""proven"":true}]",,[],finalized_runtime_selector_reconciliation,false,direct_id_candidate
has_extrajudicial_killings_explain,Security and Background: Part 3,security_background_3,"[""extended""]",textarea,textarea,4000,unproven_mapping,"[""ctl00_SiteContentPlaceHolder_FormView1_tbxIllegalActivity"",""ctl00_SiteContentPlaceHolder_FormView1_tbxTerroristActivity"",""ctl00_SiteContentPlaceHolder_FormView1_tbxTerroristSupport"",""ctl00_SiteContentPlaceHolder_FormView1_tbxTerroristOrg"",""ctl00_SiteContentPlaceHolder_FormView1_tbxTerroristRel"",""ctl00_SiteContentPlaceHolder_FormView1_tbxGenocide"",""ctl00_SiteContentPlaceHolder_FormView1_tbxTorture"",""ctl00_SiteContentPlaceHolder_FormView1_tbxExViolence"",""ctl00_SiteContentPlaceHolder_FormView1_tbxChildSoldier"",""ctl00_SiteContentPlaceHolder_FormView1_tbxReligiousFreedom"",""ctl00_SiteContentPlaceHolder_FormView1_tbxPopulationControls"",""ctl00_SiteContentPlaceHolder_FormView1_tbxTransplant""]","[{""state"":""security2-filled-next-accepted"",""observedAt"":""2026-09-22T17:44:04.736Z"",""controlCount"":28},{""state"":""Security and Background: Part 3-rblIllegalActivity_0"",""observedAt"":""2026-09-22T17:44:05.149Z"",""controlCount"":29},{""state"":""Security and Background: Part 3-rblTerroristActivity_0"",""observedAt"":""2026-09-22T17:44:05.559Z"",""controlCount"":30},{""state"":""Security and Background: Part 3-rblTerroristSupport_0"",""observedAt"":""2026-09-22T17:44:05.968Z"",""controlCount"":31},{""state"":""Security and Background: Part 3-rblTerroristOrg_0"",""observedAt"":""2026-09-22T17:44:06.396Z"",""controlCount"":32},{""state"":""Security and Background: Part 3-rblTerroristRel_0"",""observedAt"":""2026-09-22T17:44:06.808Z"",""controlCount"":33},{""state"":""Security and Background: Part 3-rblGenocide_0"",""observedAt"":""2026-09-22T17:44:07.214Z"",""controlCount"":34},{""state"":""Security and Background: Part 3-rblTorture_0"",""observedAt"":""2026-09-22T17:44:07.622Z"",""controlCount"":35},{""state"":""Security and Background: Part 3-rblExViolence_0"",""observedAt"":""2026-09-22T17:44:08.049Z"",""controlCount"":36},{""state"":""Security and Background: Part 3-rblChildSoldier_0"",""observedAt"":""2026-09-22T17:44:08.464Z"",""controlCount"":37},{""state"":""Security and Background: Part 3-rblReligiousFreedom_0"",""observedAt"":""2026-09-22T17:44:08.845Z"",""controlCount"":38},{""state"":""Security and Background: Part 3-rblPopulationControls_0"",""observedAt"":""2026-09-22T17:44:09.261Z"",""controlCount"":39},{""state"":""Security and Background: Part 3-rblTransplant_0"",""observedAt"":""2026-09-22T17:44:09.670Z"",""controlCount"":40},{""state"":""security3-empty-explanations-server-validation"",""observedAt"":""2026-09-22T17:48:02.878Z"",""controlCount"":40}]","[""single_direct_id_selector_candidate""]","[{""code"":""plan_selector_differs_from_runtime_selector"",""mappingKey"":""has_extrajudicial_killings_explain"",""proven"":true}]",,[],finalized_runtime_selector_reconciliation,false,direct_id_candidate
has_genocide_explain,Security and Background: Part 3,security_background_3,"[""extended""]",textarea,textarea,4000,unproven_mapping,"[""ctl00_SiteContentPlaceHolder_FormView1_tbxIllegalActivity"",""ctl00_SiteContentPlaceHolder_FormView1_tbxTerroristActivity"",""ctl00_SiteContentPlaceHolder_FormView1_tbxTerroristSupport"",""ctl00_SiteContentPlaceHolder_FormView1_tbxTerroristOrg"",""ctl00_SiteContentPlaceHolder_FormView1_tbxTerroristRel"",""ctl00_SiteContentPlaceHolder_FormView1_tbxGenocide"",""ctl00_SiteContentPlaceHolder_FormView1_tbxTorture"",""ctl00_SiteContentPlaceHolder_FormView1_tbxExViolence"",""ctl00_SiteContentPlaceHolder_FormView1_tbxChildSoldier"",""ctl00_SiteContentPlaceHolder_FormView1_tbxReligiousFreedom"",""ctl00_SiteContentPlaceHolder_FormView1_tbxPopulationControls"",""ctl00_SiteContentPlaceHolder_FormView1_tbxTransplant""]","[{""state"":""security2-filled-next-accepted"",""observedAt"":""2026-09-22T17:44:04.736Z"",""controlCount"":28},{""state"":""Security and Background: Part 3-rblIllegalActivity_0"",""observedAt"":""2026-09-22T17:44:05.149Z"",""controlCount"":29},{""state"":""Security and Background: Part 3-rblTerroristActivity_0"",""observedAt"":""2026-09-22T17:44:05.559Z"",""controlCount"":30},{""state"":""Security and Background: Part 3-rblTerroristSupport_0"",""observedAt"":""2026-09-22T17:44:05.968Z"",""controlCount"":31},{""state"":""Security and Background: Part 3-rblTerroristOrg_0"",""observedAt"":""2026-09-22T17:44:06.396Z"",""controlCount"":32},{""state"":""Security and Background: Part 3-rblTerroristRel_0"",""observedAt"":""2026-09-22T17:44:06.808Z"",""controlCount"":33},{""state"":""Security and Background: Part 3-rblGenocide_0"",""observedAt"":""2026-09-22T17:44:07.214Z"",""controlCount"":34},{""state"":""Security and Background: Part 3-rblTorture_0"",""observedAt"":""2026-09-22T17:44:07.622Z"",""controlCount"":35},{""state"":""Security and Background: Part 3-rblExViolence_0"",""observedAt"":""2026-09-22T17:44:08.049Z"",""controlCount"":36},{""state"":""Security and Background: Part 3-rblChildSoldier_0"",""observedAt"":""2026-09-22T17:44:08.464Z"",""controlCount"":37},{""state"":""Security and Background: Part 3-rblReligiousFreedom_0"",""observedAt"":""2026-09-22T17:44:08.845Z"",""controlCount"":38},{""state"":""Security and Background: Part 3-rblPopulationControls_0"",""observedAt"":""2026-09-22T17:44:09.261Z"",""controlCount"":39},{""state"":""Security and Background: Part 3-rblTransplant_0"",""observedAt"":""2026-09-22T17:44:09.670Z"",""controlCount"":40},{""state"":""security3-empty-explanations-server-validation"",""observedAt"":""2026-09-22T17:48:02.878Z"",""controlCount"":40}]","[""single_direct_id_selector_candidate""]","[{""code"":""plan_selector_differs_from_runtime_selector"",""mappingKey"":""has_genocide_explain"",""proven"":true}]",,[],finalized_runtime_selector_reconciliation,false,direct_id_candidate
has_population_control_explain,Security and Background: Part 3,security_background_3,"[""extended""]",textarea,textarea,4000,unproven_mapping,"[""ctl00_SiteContentPlaceHolder_FormView1_tbxIllegalActivity"",""ctl00_SiteContentPlaceHolder_FormView1_tbxTerroristActivity"",""ctl00_SiteContentPlaceHolder_FormView1_tbxTerroristSupport"",""ctl00_SiteContentPlaceHolder_FormView1_tbxTerroristOrg"",""ctl00_SiteContentPlaceHolder_FormView1_tbxTerroristRel"",""ctl00_SiteContentPlaceHolder_FormView1_tbxGenocide"",""ctl00_SiteContentPlaceHolder_FormView1_tbxTorture"",""ctl00_SiteContentPlaceHolder_FormView1_tbxExViolence"",""ctl00_SiteContentPlaceHolder_FormView1_tbxChildSoldier"",""ctl00_SiteContentPlaceHolder_FormView1_tbxReligiousFreedom"",""ctl00_SiteContentPlaceHolder_FormView1_tbxPopulationControls"",""ctl00_SiteContentPlaceHolder_FormView1_tbxTransplant""]","[{""state"":""security2-filled-next-accepted"",""observedAt"":""2026-09-22T17:44:04.736Z"",""controlCount"":28},{""state"":""Security and Background: Part 3-rblIllegalActivity_0"",""observedAt"":""2026-09-22T17:44:05.149Z"",""controlCount"":29},{""state"":""Security and Background: Part 3-rblTerroristActivity_0"",""observedAt"":""2026-09-22T17:44:05.559Z"",""controlCount"":30},{""state"":""Security and Background: Part 3-rblTerroristSupport_0"",""observedAt"":""2026-09-22T17:44:05.968Z"",""controlCount"":31},{""state"":""Security and Background: Part 3-rblTerroristOrg_0"",""observedAt"":""2026-09-22T17:44:06.396Z"",""controlCount"":32},{""state"":""Security and Background: Part 3-rblTerroristRel_0"",""observedAt"":""2026-09-22T17:44:06.808Z"",""controlCount"":33},{""state"":""Security and Background: Part 3-rblGenocide_0"",""observedAt"":""2026-09-22T17:44:07.214Z"",""controlCount"":34},{""state"":""Security and Background: Part 3-rblTorture_0"",""observedAt"":""2026-09-22T17:44:07.622Z"",""controlCount"":35},{""state"":""Security and Background: Part 3-rblExViolence_0"",""observedAt"":""2026-09-22T17:44:08.049Z"",""controlCount"":36},{""state"":""Security and Background: Part 3-rblChildSoldier_0"",""observedAt"":""2026-09-22T17:44:08.464Z"",""controlCount"":37},{""state"":""Security and Background: Part 3-rblReligiousFreedom_0"",""observedAt"":""2026-09-22T17:44:08.845Z"",""controlCount"":38},{""state"":""Security and Background: Part 3-rblPopulationControls_0"",""observedAt"":""2026-09-22T17:44:09.261Z"",""controlCount"":39},{""state"":""Security and Background: Part 3-rblTransplant_0"",""observedAt"":""2026-09-22T17:44:09.670Z"",""controlCount"":40},{""state"":""security3-empty-explanations-server-validation"",""observedAt"":""2026-09-22T17:48:02.878Z"",""controlCount"":40}]","[""single_direct_id_selector_candidate""]","[{""code"":""plan_selector_differs_from_runtime_selector"",""mappingKey"":""has_population_control_explain"",""proven"":true}]",,[],finalized_runtime_selector_reconciliation,false,direct_id_candidate
has_provided_terrorist_support_explain,Security and Background: Part 3,security_background_3,"[""extended""]",textarea,textarea,4000,unproven_mapping,"[""ctl00_SiteContentPlaceHolder_FormView1_tbxIllegalActivity"",""ctl00_SiteContentPlaceHolder_FormView1_tbxTerroristActivity"",""ctl00_SiteContentPlaceHolder_FormView1_tbxTerroristSupport"",""ctl00_SiteContentPlaceHolder_FormView1_tbxTerroristOrg"",""ctl00_SiteContentPlaceHolder_FormView1_tbxTerroristRel"",""ctl00_SiteContentPlaceHolder_FormView1_tbxGenocide"",""ctl00_SiteContentPlaceHolder_FormView1_tbxTorture"",""ctl00_SiteContentPlaceHolder_FormView1_tbxExViolence"",""ctl00_SiteContentPlaceHolder_FormView1_tbxChildSoldier"",""ctl00_SiteContentPlaceHolder_FormView1_tbxReligiousFreedom"",""ctl00_SiteContentPlaceHolder_FormView1_tbxPopulationControls"",""ctl00_SiteContentPlaceHolder_FormView1_tbxTransplant""]","[{""state"":""security2-filled-next-accepted"",""observedAt"":""2026-09-22T17:44:04.736Z"",""controlCount"":28},{""state"":""Security and Background: Part 3-rblIllegalActivity_0"",""observedAt"":""2026-09-22T17:44:05.149Z"",""controlCount"":29},{""state"":""Security and Background: Part 3-rblTerroristActivity_0"",""observedAt"":""2026-09-22T17:44:05.559Z"",""controlCount"":30},{""state"":""Security and Background: Part 3-rblTerroristSupport_0"",""observedAt"":""2026-09-22T17:44:05.968Z"",""controlCount"":31},{""state"":""Security and Background: Part 3-rblTerroristOrg_0"",""observedAt"":""2026-09-22T17:44:06.396Z"",""controlCount"":32},{""state"":""Security and Background: Part 3-rblTerroristRel_0"",""observedAt"":""2026-09-22T17:44:06.808Z"",""controlCount"":33},{""state"":""Security and Background: Part 3-rblGenocide_0"",""observedAt"":""2026-09-22T17:44:07.214Z"",""controlCount"":34},{""state"":""Security and Background: Part 3-rblTorture_0"",""observedAt"":""2026-09-22T17:44:07.622Z"",""controlCount"":35},{""state"":""Security and Background: Part 3-rblExViolence_0"",""observedAt"":""2026-09-22T17:44:08.049Z"",""controlCount"":36},{""state"":""Security and Background: Part 3-rblChildSoldier_0"",""observedAt"":""2026-09-22T17:44:08.464Z"",""controlCount"":37},{""state"":""Security and Background: Part 3-rblReligiousFreedom_0"",""observedAt"":""2026-09-22T17:44:08.845Z"",""controlCount"":38},{""state"":""Security and Background: Part 3-rblPopulationControls_0"",""observedAt"":""2026-09-22T17:44:09.261Z"",""controlCount"":39},{""state"":""Security and Background: Part 3-rblTransplant_0"",""observedAt"":""2026-09-22T17:44:09.670Z"",""controlCount"":40},{""state"":""security3-empty-explanations-server-validation"",""observedAt"":""2026-09-22T17:48:02.878Z"",""controlCount"":40}]","[""single_direct_id_selector_candidate""]","[{""code"":""plan_selector_differs_from_runtime_selector"",""mappingKey"":""has_provided_terrorist_support_explain"",""proven"":true}]",,[],finalized_runtime_selector_reconciliation,false,direct_id_candidate
has_religious_freedom_violation_explain,Security and Background: Part 3,security_background_3,"[""extended""]",textarea,textarea,4000,unproven_mapping,"[""ctl00_SiteContentPlaceHolder_FormView1_tbxIllegalActivity"",""ctl00_SiteContentPlaceHolder_FormView1_tbxTerroristActivity"",""ctl00_SiteContentPlaceHolder_FormView1_tbxTerroristSupport"",""ctl00_SiteContentPlaceHolder_FormView1_tbxTerroristOrg"",""ctl00_SiteContentPlaceHolder_FormView1_tbxTerroristRel"",""ctl00_SiteContentPlaceHolder_FormView1_tbxGenocide"",""ctl00_SiteContentPlaceHolder_FormView1_tbxTorture"",""ctl00_SiteContentPlaceHolder_FormView1_tbxExViolence"",""ctl00_SiteContentPlaceHolder_FormView1_tbxChildSoldier"",""ctl00_SiteContentPlaceHolder_FormView1_tbxReligiousFreedom"",""ctl00_SiteContentPlaceHolder_FormView1_tbxPopulationControls"",""ctl00_SiteContentPlaceHolder_FormView1_tbxTransplant""]","[{""state"":""security2-filled-next-accepted"",""observedAt"":""2026-09-22T17:44:04.736Z"",""controlCount"":28},{""state"":""Security and Background: Part 3-rblIllegalActivity_0"",""observedAt"":""2026-09-22T17:44:05.149Z"",""controlCount"":29},{""state"":""Security and Background: Part 3-rblTerroristActivity_0"",""observedAt"":""2026-09-22T17:44:05.559Z"",""controlCount"":30},{""state"":""Security and Background: Part 3-rblTerroristSupport_0"",""observedAt"":""2026-09-22T17:44:05.968Z"",""controlCount"":31},{""state"":""Security and Background: Part 3-rblTerroristOrg_0"",""observedAt"":""2026-09-22T17:44:06.396Z"",""controlCount"":32},{""state"":""Security and Background: Part 3-rblTerroristRel_0"",""observedAt"":""2026-09-22T17:44:06.808Z"",""controlCount"":33},{""state"":""Security and Background: Part 3-rblGenocide_0"",""observedAt"":""2026-09-22T17:44:07.214Z"",""controlCount"":34},{""state"":""Security and Background: Part 3-rblTorture_0"",""observedAt"":""2026-09-22T17:44:07.622Z"",""controlCount"":35},{""state"":""Security and Background: Part 3-rblExViolence_0"",""observedAt"":""2026-09-22T17:44:08.049Z"",""controlCount"":36},{""state"":""Security and Background: Part 3-rblChildSoldier_0"",""observedAt"":""2026-09-22T17:44:08.464Z"",""controlCount"":37},{""state"":""Security and Background: Part 3-rblReligiousFreedom_0"",""observedAt"":""2026-09-22T17:44:08.845Z"",""controlCount"":38},{""state"":""Security and Background: Part 3-rblPopulationControls_0"",""observedAt"":""2026-09-22T17:44:09.261Z"",""controlCount"":39},{""state"":""Security and Background: Part 3-rblTransplant_0"",""observedAt"":""2026-09-22T17:44:09.670Z"",""controlCount"":40},{""state"":""security3-empty-explanations-server-validation"",""observedAt"":""2026-09-22T17:48:02.878Z"",""controlCount"":40}]","[""single_direct_id_selector_candidate""]","[{""code"":""plan_selector_differs_from_runtime_selector"",""mappingKey"":""has_religious_freedom_violation_explain"",""proven"":true}]",,[],finalized_runtime_selector_reconciliation,false,direct_id_candidate
has_torture_explain,Security and Background: Part 3,security_background_3,"[""extended""]",textarea,textarea,4000,unproven_mapping,"[""ctl00_SiteContentPlaceHolder_FormView1_tbxIllegalActivity"",""ctl00_SiteContentPlaceHolder_FormView1_tbxTerroristActivity"",""ctl00_SiteContentPlaceHolder_FormView1_tbxTerroristSupport"",""ctl00_SiteContentPlaceHolder_FormView1_tbxTerroristOrg"",""ctl00_SiteContentPlaceHolder_FormView1_tbxTerroristRel"",""ctl00_SiteContentPlaceHolder_FormView1_tbxGenocide"",""ctl00_SiteContentPlaceHolder_FormView1_tbxTorture"",""ctl00_SiteContentPlaceHolder_FormView1_tbxExViolence"",""ctl00_SiteContentPlaceHolder_FormView1_tbxChildSoldier"",""ctl00_SiteContentPlaceHolder_FormView1_tbxReligiousFreedom"",""ctl00_SiteContentPlaceHolder_FormView1_tbxPopulationControls"",""ctl00_SiteContentPlaceHolder_FormView1_tbxTransplant""]","[{""state"":""security2-filled-next-accepted"",""observedAt"":""2026-09-22T17:44:04.736Z"",""controlCount"":28},{""state"":""Security and Background: Part 3-rblIllegalActivity_0"",""observedAt"":""2026-09-22T17:44:05.149Z"",""controlCount"":29},{""state"":""Security and Background: Part 3-rblTerroristActivity_0"",""observedAt"":""2026-09-22T17:44:05.559Z"",""controlCount"":30},{""state"":""Security and Background: Part 3-rblTerroristSupport_0"",""observedAt"":""2026-09-22T17:44:05.968Z"",""controlCount"":31},{""state"":""Security and Background: Part 3-rblTerroristOrg_0"",""observedAt"":""2026-09-22T17:44:06.396Z"",""controlCount"":32},{""state"":""Security and Background: Part 3-rblTerroristRel_0"",""observedAt"":""2026-09-22T17:44:06.808Z"",""controlCount"":33},{""state"":""Security and Background: Part 3-rblGenocide_0"",""observedAt"":""2026-09-22T17:44:07.214Z"",""controlCount"":34},{""state"":""Security and Background: Part 3-rblTorture_0"",""observedAt"":""2026-09-22T17:44:07.622Z"",""controlCount"":35},{""state"":""Security and Background: Part 3-rblExViolence_0"",""observedAt"":""2026-09-22T17:44:08.049Z"",""controlCount"":36},{""state"":""Security and Background: Part 3-rblChildSoldier_0"",""observedAt"":""2026-09-22T17:44:08.464Z"",""controlCount"":37},{""state"":""Security and Background: Part 3-rblReligiousFreedom_0"",""observedAt"":""2026-09-22T17:44:08.845Z"",""controlCount"":38},{""state"":""Security and Background: Part 3-rblPopulationControls_0"",""observedAt"":""2026-09-22T17:44:09.261Z"",""controlCount"":39},{""state"":""Security and Background: Part 3-rblTransplant_0"",""observedAt"":""2026-09-22T17:44:09.670Z"",""controlCount"":40},{""state"":""security3-empty-explanations-server-validation"",""observedAt"":""2026-09-22T17:48:02.878Z"",""controlCount"":40}]","[""single_direct_id_selector_candidate""]","[{""code"":""plan_selector_differs_from_runtime_selector"",""mappingKey"":""has_torture_explain"",""proven"":true}]",,[],finalized_runtime_selector_reconciliation,false,direct_id_candidate
intend_illegal_activity_explain,Security and Background: Part 3,security_background_3,"[""extended""]",textarea,textarea,4000,unproven_mapping,"[""ctl00_SiteContentPlaceHolder_FormView1_tbxIllegalActivity"",""ctl00_SiteContentPlaceHolder_FormView1_tbxTerroristActivity"",""ctl00_SiteContentPlaceHolder_FormView1_tbxTerroristSupport"",""ctl00_SiteContentPlaceHolder_FormView1_tbxTerroristOrg"",""ctl00_SiteContentPlaceHolder_FormView1_tbxTerroristRel"",""ctl00_SiteContentPlaceHolder_FormView1_tbxGenocide"",""ctl00_SiteContentPlaceHolder_FormView1_tbxTorture"",""ctl00_SiteContentPlaceHolder_FormView1_tbxExViolence"",""ctl00_SiteContentPlaceHolder_FormView1_tbxChildSoldier"",""ctl00_SiteContentPlaceHolder_FormView1_tbxReligiousFreedom"",""ctl00_SiteContentPlaceHolder_FormView1_tbxPopulationControls"",""ctl00_SiteContentPlaceHolder_FormView1_tbxTransplant""]","[{""state"":""security2-filled-next-accepted"",""observedAt"":""2026-09-22T17:44:04.736Z"",""controlCount"":28},{""state"":""Security and Background: Part 3-rblIllegalActivity_0"",""observedAt"":""2026-09-22T17:44:05.149Z"",""controlCount"":29},{""state"":""Security and Background: Part 3-rblTerroristActivity_0"",""observedAt"":""2026-09-22T17:44:05.559Z"",""controlCount"":30},{""state"":""Security and Background: Part 3-rblTerroristSupport_0"",""observedAt"":""2026-09-22T17:44:05.968Z"",""controlCount"":31},{""state"":""Security and Background: Part 3-rblTerroristOrg_0"",""observedAt"":""2026-09-22T17:44:06.396Z"",""controlCount"":32},{""state"":""Security and Background: Part 3-rblTerroristRel_0"",""observedAt"":""2026-09-22T17:44:06.808Z"",""controlCount"":33},{""state"":""Security and Background: Part 3-rblGenocide_0"",""observedAt"":""2026-09-22T17:44:07.214Z"",""controlCount"":34},{""state"":""Security and Background: Part 3-rblTorture_0"",""observedAt"":""2026-09-22T17:44:07.622Z"",""controlCount"":35},{""state"":""Security and Background: Part 3-rblExViolence_0"",""observedAt"":""2026-09-22T17:44:08.049Z"",""controlCount"":36},{""state"":""Security and Background: Part 3-rblChildSoldier_0"",""observedAt"":""2026-09-22T17:44:08.464Z"",""controlCount"":37},{""state"":""Security and Background: Part 3-rblReligiousFreedom_0"",""observedAt"":""2026-09-22T17:44:08.845Z"",""controlCount"":38},{""state"":""Security and Background: Part 3-rblPopulationControls_0"",""observedAt"":""2026-09-22T17:44:09.261Z"",""controlCount"":39},{""state"":""Security and Background: Part 3-rblTransplant_0"",""observedAt"":""2026-09-22T17:44:09.670Z"",""controlCount"":40},{""state"":""security3-empty-explanations-server-validation"",""observedAt"":""2026-09-22T17:48:02.878Z"",""controlCount"":40}]","[""single_direct_id_selector_candidate""]","[{""code"":""plan_selector_differs_from_runtime_selector"",""mappingKey"":""intend_illegal_activity_explain"",""proven"":true}]",,[],finalized_runtime_selector_reconciliation,false,direct_id_candidate
intend_terrorist_activity_explain,Security and Background: Part 3,security_background_3,"[""extended""]",textarea,textarea,4000,unproven_mapping,"[""ctl00_SiteContentPlaceHolder_FormView1_tbxIllegalActivity"",""ctl00_SiteContentPlaceHolder_FormView1_tbxTerroristActivity"",""ctl00_SiteContentPlaceHolder_FormView1_tbxTerroristSupport"",""ctl00_SiteContentPlaceHolder_FormView1_tbxTerroristOrg"",""ctl00_SiteContentPlaceHolder_FormView1_tbxTerroristRel"",""ctl00_SiteContentPlaceHolder_FormView1_tbxGenocide"",""ctl00_SiteContentPlaceHolder_FormView1_tbxTorture"",""ctl00_SiteContentPlaceHolder_FormView1_tbxExViolence"",""ctl00_SiteContentPlaceHolder_FormView1_tbxChildSoldier"",""ctl00_SiteContentPlaceHolder_FormView1_tbxReligiousFreedom"",""ctl00_SiteContentPlaceHolder_FormView1_tbxPopulationControls"",""ctl00_SiteContentPlaceHolder_FormView1_tbxTransplant""]","[{""state"":""security2-filled-next-accepted"",""observedAt"":""2026-09-22T17:44:04.736Z"",""controlCount"":28},{""state"":""Security and Background: Part 3-rblIllegalActivity_0"",""observedAt"":""2026-09-22T17:44:05.149Z"",""controlCount"":29},{""state"":""Security and Background: Part 3-rblTerroristActivity_0"",""observedAt"":""2026-09-22T17:44:05.559Z"",""controlCount"":30},{""state"":""Security and Background: Part 3-rblTerroristSupport_0"",""observedAt"":""2026-09-22T17:44:05.968Z"",""controlCount"":31},{""state"":""Security and Background: Part 3-rblTerroristOrg_0"",""observedAt"":""2026-09-22T17:44:06.396Z"",""controlCount"":32},{""state"":""Security and Background: Part 3-rblTerroristRel_0"",""observedAt"":""2026-09-22T17:44:06.808Z"",""controlCount"":33},{""state"":""Security and Background: Part 3-rblGenocide_0"",""observedAt"":""2026-09-22T17:44:07.214Z"",""controlCount"":34},{""state"":""Security and Background: Part 3-rblTorture_0"",""observedAt"":""2026-09-22T17:44:07.622Z"",""controlCount"":35},{""state"":""Security and Background: Part 3-rblExViolence_0"",""observedAt"":""2026-09-22T17:44:08.049Z"",""controlCount"":36},{""state"":""Security and Background: Part 3-rblChildSoldier_0"",""observedAt"":""2026-09-22T17:44:08.464Z"",""controlCount"":37},{""state"":""Security and Background: Part 3-rblReligiousFreedom_0"",""observedAt"":""2026-09-22T17:44:08.845Z"",""controlCount"":38},{""state"":""Security and Background: Part 3-rblPopulationControls_0"",""observedAt"":""2026-09-22T17:44:09.261Z"",""controlCount"":39},{""state"":""Security and Background: Part 3-rblTransplant_0"",""observedAt"":""2026-09-22T17:44:09.670Z"",""controlCount"":40},{""state"":""security3-empty-explanations-server-validation"",""observedAt"":""2026-09-22T17:48:02.878Z"",""controlCount"":40}]","[""single_direct_id_selector_candidate""]","[{""code"":""plan_selector_differs_from_runtime_selector"",""mappingKey"":""intend_terrorist_activity_explain"",""proven"":true}]",,[],finalized_runtime_selector_reconciliation,false,direct_id_candidate
is_terrorist_family_explain,Security and Background: Part 3,security_background_3,"[""extended""]",textarea,textarea,4000,unproven_mapping,"[""ctl00_SiteContentPlaceHolder_FormView1_tbxIllegalActivity"",""ctl00_SiteContentPlaceHolder_FormView1_tbxTerroristActivity"",""ctl00_SiteContentPlaceHolder_FormView1_tbxTerroristSupport"",""ctl00_SiteContentPlaceHolder_FormView1_tbxTerroristOrg"",""ctl00_SiteContentPlaceHolder_FormView1_tbxTerroristRel"",""ctl00_SiteContentPlaceHolder_FormView1_tbxGenocide"",""ctl00_SiteContentPlaceHolder_FormView1_tbxTorture"",""ctl00_SiteContentPlaceHolder_FormView1_tbxExViolence"",""ctl00_SiteContentPlaceHolder_FormView1_tbxChildSoldier"",""ctl00_SiteContentPlaceHolder_FormView1_tbxReligiousFreedom"",""ctl00_SiteContentPlaceHolder_FormView1_tbxPopulationControls"",""ctl00_SiteContentPlaceHolder_FormView1_tbxTransplant""]","[{""state"":""security2-filled-next-accepted"",""observedAt"":""2026-09-22T17:44:04.736Z"",""controlCount"":28},{""state"":""Security and Background: Part 3-rblIllegalActivity_0"",""observedAt"":""2026-09-22T17:44:05.149Z"",""controlCount"":29},{""state"":""Security and Background: Part 3-rblTerroristActivity_0"",""observedAt"":""2026-09-22T17:44:05.559Z"",""controlCount"":30},{""state"":""Security and Background: Part 3-rblTerroristSupport_0"",""observedAt"":""2026-09-22T17:44:05.968Z"",""controlCount"":31},{""state"":""Security and Background: Part 3-rblTerroristOrg_0"",""observedAt"":""2026-09-22T17:44:06.396Z"",""controlCount"":32},{""state"":""Security and Background: Part 3-rblTerroristRel_0"",""observedAt"":""2026-09-22T17:44:06.808Z"",""controlCount"":33},{""state"":""Security and Background: Part 3-rblGenocide_0"",""observedAt"":""2026-09-22T17:44:07.214Z"",""controlCount"":34},{""state"":""Security and Background: Part 3-rblTorture_0"",""observedAt"":""2026-09-22T17:44:07.622Z"",""controlCount"":35},{""state"":""Security and Background: Part 3-rblExViolence_0"",""observedAt"":""2026-09-22T17:44:08.049Z"",""controlCount"":36},{""state"":""Security and Background: Part 3-rblChildSoldier_0"",""observedAt"":""2026-09-22T17:44:08.464Z"",""controlCount"":37},{""state"":""Security and Background: Part 3-rblReligiousFreedom_0"",""observedAt"":""2026-09-22T17:44:08.845Z"",""controlCount"":38},{""state"":""Security and Background: Part 3-rblPopulationControls_0"",""observedAt"":""2026-09-22T17:44:09.261Z"",""controlCount"":39},{""state"":""Security and Background: Part 3-rblTransplant_0"",""observedAt"":""2026-09-22T17:44:09.670Z"",""controlCount"":40},{""state"":""security3-empty-explanations-server-validation"",""observedAt"":""2026-09-22T17:48:02.878Z"",""controlCount"":40}]","[""single_direct_id_selector_candidate""]","[{""code"":""plan_selector_differs_from_runtime_selector"",""mappingKey"":""is_terrorist_family_explain"",""proven"":true}]",,[],finalized_runtime_selector_reconciliation,false,direct_id_candidate
is_terrorist_member_explain,Security and Background: Part 3,security_background_3,"[""extended""]",textarea,textarea,4000,unproven_mapping,"[""ctl00_SiteContentPlaceHolder_FormView1_tbxIllegalActivity"",""ctl00_SiteContentPlaceHolder_FormView1_tbxTerroristActivity"",""ctl00_SiteContentPlaceHolder_FormView1_tbxTerroristSupport"",""ctl00_SiteContentPlaceHolder_FormView1_tbxTerroristOrg"",""ctl00_SiteContentPlaceHolder_FormView1_tbxTerroristRel"",""ctl00_SiteContentPlaceHolder_FormView1_tbxGenocide"",""ctl00_SiteContentPlaceHolder_FormView1_tbxTorture"",""ctl00_SiteContentPlaceHolder_FormView1_tbxExViolence"",""ctl00_SiteContentPlaceHolder_FormView1_tbxChildSoldier"",""ctl00_SiteContentPlaceHolder_FormView1_tbxReligiousFreedom"",""ctl00_SiteContentPlaceHolder_FormView1_tbxPopulationControls"",""ctl00_SiteContentPlaceHolder_FormView1_tbxTransplant""]","[{""state"":""security2-filled-next-accepted"",""observedAt"":""2026-09-22T17:44:04.736Z"",""controlCount"":28},{""state"":""Security and Background: Part 3-rblIllegalActivity_0"",""observedAt"":""2026-09-22T17:44:05.149Z"",""controlCount"":29},{""state"":""Security and Background: Part 3-rblTerroristActivity_0"",""observedAt"":""2026-09-22T17:44:05.559Z"",""controlCount"":30},{""state"":""Security and Background: Part 3-rblTerroristSupport_0"",""observedAt"":""2026-09-22T17:44:05.968Z"",""controlCount"":31},{""state"":""Security and Background: Part 3-rblTerroristOrg_0"",""observedAt"":""2026-09-22T17:44:06.396Z"",""controlCount"":32},{""state"":""Security and Background: Part 3-rblTerroristRel_0"",""observedAt"":""2026-09-22T17:44:06.808Z"",""controlCount"":33},{""state"":""Security and Background: Part 3-rblGenocide_0"",""observedAt"":""2026-09-22T17:44:07.214Z"",""controlCount"":34},{""state"":""Security and Background: Part 3-rblTorture_0"",""observedAt"":""2026-09-22T17:44:07.622Z"",""controlCount"":35},{""state"":""Security and Background: Part 3-rblExViolence_0"",""observedAt"":""2026-09-22T17:44:08.049Z"",""controlCount"":36},{""state"":""Security and Background: Part 3-rblChildSoldier_0"",""observedAt"":""2026-09-22T17:44:08.464Z"",""controlCount"":37},{""state"":""Security and Background: Part 3-rblReligiousFreedom_0"",""observedAt"":""2026-09-22T17:44:08.845Z"",""controlCount"":38},{""state"":""Security and Background: Part 3-rblPopulationControls_0"",""observedAt"":""2026-09-22T17:44:09.261Z"",""controlCount"":39},{""state"":""Security and Background: Part 3-rblTransplant_0"",""observedAt"":""2026-09-22T17:44:09.670Z"",""controlCount"":40},{""state"":""security3-empty-explanations-server-validation"",""observedAt"":""2026-09-22T17:48:02.878Z"",""controlCount"":40}]","[""single_direct_id_selector_candidate""]","[{""code"":""plan_selector_differs_from_runtime_selector"",""mappingKey"":""is_terrorist_member_explain"",""proven"":true}]",,[],finalized_runtime_selector_reconciliation,false,direct_id_candidate
has_immigration_fraud_explain,Security and Background: Part 4,security_background_4,"[""extended""]",textarea,textarea,4000,unproven_mapping,"[""ctl00_SiteContentPlaceHolder_FormView1_tbxImmigrationFraud"",""ctl00_SiteContentPlaceHolder_FormView1_tbxDeport_EXPL""]","[{""state"":""security3-filled-next-accepted"",""observedAt"":""2026-09-22T17:48:20.504Z"",""controlCount"":8},{""state"":""Security and Background: Part 4-rblImmigrationFraud_0"",""observedAt"":""2026-09-22T17:48:35.287Z"",""controlCount"":9},{""state"":""Security and Background: Part 4-rblDeport_0"",""observedAt"":""2026-09-22T17:48:35.719Z"",""controlCount"":10},{""state"":""security4-empty-explanations-server-validation"",""observedAt"":""2026-09-22T17:48:51.853Z"",""controlCount"":10},{""state"":""security5-filled-back-accepted"",""observedAt"":""2026-09-22T17:50:19.807Z"",""controlCount"":10}]","[""single_direct_id_selector_candidate""]","[{""code"":""plan_selector_differs_from_runtime_selector"",""mappingKey"":""has_immigration_fraud_explain"",""proven"":true}]",,[],finalized_runtime_selector_reconciliation,false,direct_id_candidate
has_removal_order_explain,Security and Background: Part 4,security_background_4,"[""extended""]",textarea,textarea,4000,unproven_mapping,"[""ctl00_SiteContentPlaceHolder_FormView1_tbxImmigrationFraud"",""ctl00_SiteContentPlaceHolder_FormView1_tbxDeport_EXPL""]","[{""state"":""security3-filled-next-accepted"",""observedAt"":""2026-09-22T17:48:20.504Z"",""controlCount"":8},{""state"":""Security and Background: Part 4-rblImmigrationFraud_0"",""observedAt"":""2026-09-22T17:48:35.287Z"",""controlCount"":9},{""state"":""Security and Background: Part 4-rblDeport_0"",""observedAt"":""2026-09-22T17:48:35.719Z"",""controlCount"":10},{""state"":""security4-empty-explanations-server-validation"",""observedAt"":""2026-09-22T17:48:51.853Z"",""controlCount"":10},{""state"":""security5-filled-back-accepted"",""observedAt"":""2026-09-22T17:50:19.807Z"",""controlCount"":10}]","[""single_direct_id_selector_candidate""]","[{""code"":""plan_selector_differs_from_runtime_selector"",""mappingKey"":""has_removal_order_explain"",""proven"":true}]",,[],finalized_runtime_selector_reconciliation,false,direct_id_candidate
has_renounced_citizenship_explain,Security and Background: Part 5,security_background_5,"[""extended""]",textarea,textarea,4000,unproven_mapping,"[""ctl00_SiteContentPlaceHolder_FormView1_tbxChildCustody"",""ctl00_SiteContentPlaceHolder_FormView1_tbxVotingViolation"",""ctl00_SiteContentPlaceHolder_FormView1_tbxRenounceExp""]","[{""state"":""security4-filled-next-accepted"",""observedAt"":""2026-09-22T17:48:55.814Z"",""controlCount"":10},{""state"":""Security and Background: Part 5-rblChildCustody_0"",""observedAt"":""2026-09-22T17:48:56.269Z"",""controlCount"":11},{""state"":""Security and Background: Part 5-rblVotingViolation_0"",""observedAt"":""2026-09-22T17:48:56.686Z"",""controlCount"":12},{""state"":""Security and Background: Part 5-rblRenounceExp_0"",""observedAt"":""2026-09-22T17:48:57.079Z"",""controlCount"":13},{""state"":""security5-empty-back-validation-attempt"",""observedAt"":""2026-09-22T17:49:57.782Z"",""controlCount"":13}]","[""single_direct_id_selector_candidate""]","[{""code"":""plan_selector_differs_from_runtime_selector"",""mappingKey"":""has_renounced_citizenship_explain"",""proven"":true}]",,[],finalized_runtime_selector_reconciliation,false,direct_id_candidate
has_voted_illegally_explain,Security and Background: Part 5,security_background_5,"[""extended""]",textarea,textarea,4000,unproven_mapping,"[""ctl00_SiteContentPlaceHolder_FormView1_tbxChildCustody"",""ctl00_SiteContentPlaceHolder_FormView1_tbxVotingViolation"",""ctl00_SiteContentPlaceHolder_FormView1_tbxRenounceExp""]","[{""state"":""security4-filled-next-accepted"",""observedAt"":""2026-09-22T17:48:55.814Z"",""controlCount"":10},{""state"":""Security and Background: Part 5-rblChildCustody_0"",""observedAt"":""2026-09-22T17:48:56.269Z"",""controlCount"":11},{""state"":""Security and Background: Part 5-rblVotingViolation_0"",""observedAt"":""2026-09-22T17:48:56.686Z"",""controlCount"":12},{""state"":""Security and Background: Part 5-rblRenounceExp_0"",""observedAt"":""2026-09-22T17:48:57.079Z"",""controlCount"":13},{""state"":""security5-empty-back-validation-attempt"",""observedAt"":""2026-09-22T17:49:57.782Z"",""controlCount"":13}]","[""single_direct_id_selector_candidate""]","[{""code"":""plan_selector_differs_from_runtime_selector"",""mappingKey"":""has_voted_illegally_explain"",""proven"":true}]",,[],finalized_runtime_selector_reconciliation,false,direct_id_candidate
has_withheld_child_custody_explain,Security and Background: Part 5,security_background_5,"[""extended""]",textarea,textarea,4000,unproven_mapping,"[""ctl00_SiteContentPlaceHolder_FormView1_tbxChildCustody"",""ctl00_SiteContentPlaceHolder_FormView1_tbxVotingViolation"",""ctl00_SiteContentPlaceHolder_FormView1_tbxRenounceExp""]","[{""state"":""security4-filled-next-accepted"",""observedAt"":""2026-09-22T17:48:55.814Z"",""controlCount"":10},{""state"":""Security and Background: Part 5-rblChildCustody_0"",""observedAt"":""2026-09-22T17:48:56.269Z"",""controlCount"":11},{""state"":""Security and Background: Part 5-rblVotingViolation_0"",""observedAt"":""2026-09-22T17:48:56.686Z"",""controlCount"":12},{""state"":""Security and Background: Part 5-rblRenounceExp_0"",""observedAt"":""2026-09-22T17:48:57.079Z"",""controlCount"":13},{""state"":""security5-empty-back-validation-attempt"",""observedAt"":""2026-09-22T17:49:57.782Z"",""controlCount"":13}]","[""single_direct_id_selector_candidate""]","[{""code"":""plan_selector_differs_from_runtime_selector"",""mappingKey"":""has_withheld_child_custody_explain"",""proven"":true}]",,[],finalized_runtime_selector_reconciliation,false,direct_id_candidate
