fieldName,page,step,sourceSection,status,historicalAuditStatus,officialVerification,historicalSeedTypeInPlan,currentContractType,currentContractMaxLength,currentMappingTypes,runtimePageOrId,observedControlIds,observedStates,runtimeBindingKeys,reconciliationClassification,differences,evidenceDisposition,sourceArtifact
surname,Personal Information 1,1,historical_exact_baseline,historical_exact,exact,false,text,text,,[],/GenNIV/General/complete/complete_personal.aspx,"[""ctl00_SiteContentPlaceHolder_FormView1_tbxAPP_SURNAME""]","[""/GenNIV/General/complete/complete_personal.aspx""]",[],historical_exact,[],historical_exact_selector_snapshot,ds160-field-control-audit-2026-09-22.json
given_names,Personal Information 1,1,historical_exact_baseline,historical_exact,exact,false,text,text,,[],/GenNIV/General/complete/complete_personal.aspx,"[""ctl00_SiteContentPlaceHolder_FormView1_tbxAPP_GIVEN_NAME""]","[""/GenNIV/General/complete/complete_personal.aspx""]",[],historical_exact,[],historical_exact_selector_snapshot,ds160-field-control-audit-2026-09-22.json
full_name_native_alphabet,Personal Information 1,1,historical_exact_baseline,historical_exact,exact,false,text,text,,[],/GenNIV/General/complete/complete_personal.aspx,"[""ctl00_SiteContentPlaceHolder_FormView1_tbxAPP_FULL_NAME_NATIVE"",""ctl00_SiteContentPlaceHolder_FormView1_cbexAPP_FULL_NAME_NATIVE_NA""]","[""/GenNIV/General/complete/complete_personal.aspx""]",[],historical_exact,[],historical_exact_selector_snapshot,ds160-field-control-audit-2026-09-22.json
other_names_used,Personal Information 1,1,historical_exact_baseline,historical_exact,exact,false,radio,radio,,[],/GenNIV/General/complete/complete_personal.aspx,"[""ctl00_SiteContentPlaceHolder_FormView1_rblOtherNames_0"",""ctl00_SiteContentPlaceHolder_FormView1_rblOtherNames_1""]","[""/GenNIV/General/complete/complete_personal.aspx""]",[],historical_exact,[],historical_exact_selector_snapshot,ds160-field-control-audit-2026-09-22.json
has_telecode,Personal Information 1,1,historical_exact_baseline,historical_exact,exact,false,radio,radio,,[],/GenNIV/General/complete/complete_personal.aspx,"[""ctl00_SiteContentPlaceHolder_FormView1_rblTelecodeQuestion_0"",""ctl00_SiteContentPlaceHolder_FormView1_rblTelecodeQuestion_1""]","[""/GenNIV/General/complete/complete_personal.aspx""]",[],historical_exact,[],historical_exact_selector_snapshot,ds160-field-control-audit-2026-09-22.json
telecode_surname,Personal Information 1,1,historical_exact_baseline,historical_exact,exact,false,text,text,20,[],/GenNIV/General/complete/complete_personal.aspx,"[""ctl00_SiteContentPlaceHolder_FormView1_tbxAPP_TelecodeSURNAME""]","[""/GenNIV/General/complete/complete_personal.aspx""]",[],historical_exact,[],historical_exact_selector_snapshot,ds160-field-control-audit-2026-09-22.json
telecode_given_names,Personal Information 1,1,historical_exact_baseline,historical_exact,exact,false,text,text,20,[],/GenNIV/General/complete/complete_personal.aspx,"[""ctl00_SiteContentPlaceHolder_FormView1_tbxAPP_TelecodeGIVEN_NAME""]","[""/GenNIV/General/complete/complete_personal.aspx""]",[],historical_exact,[],historical_exact_selector_snapshot,ds160-field-control-audit-2026-09-22.json
marital_status,Personal Information 1,1,historical_exact_baseline,historical_exact,exact,false,select,select,,[],/GenNIV/General/complete/complete_personal.aspx,"[""ctl00_SiteContentPlaceHolder_FormView1_ddlAPP_MARITAL_STATUS""]","[""/GenNIV/General/complete/complete_personal.aspx""]",[],historical_exact,[],historical_exact_selector_snapshot,ds160-field-control-audit-2026-09-22.json
date_of_birth,Personal Information 1,1,historical_exact_baseline,historical_exact,exact,false,date,date,,[],/GenNIV/General/complete/complete_personal.aspx,"[""ctl00_SiteContentPlaceHolder_FormView1_ddlDOBDay"",""ctl00_SiteContentPlaceHolder_FormView1_ddlDOBMonth"",""ctl00_SiteContentPlaceHolder_FormView1_tbxDOBYear""]","[""/GenNIV/General/complete/complete_personal.aspx"",""/GenNIV/General/complete/complete_family2.aspx"",""/GenNIV/General/complete/complete_family5.aspx""]",[],historical_exact,[],historical_exact_selector_snapshot,ds160-field-control-audit-2026-09-22.json
city_of_birth,Personal Information 1,1,historical_exact_baseline,historical_exact,exact,false,text,text,,[],/GenNIV/General/complete/complete_personal.aspx,"[""ctl00_SiteContentPlaceHolder_FormView1_tbxAPP_POB_CITY""]","[""/GenNIV/General/complete/complete_personal.aspx""]",[],historical_exact,[],historical_exact_selector_snapshot,ds160-field-control-audit-2026-09-22.json
state_of_birth,Personal Information 1,1,historical_exact_baseline,historical_exact,exact,false,text,text,,[],/GenNIV/General/complete/complete_personal.aspx,"[""ctl00_SiteContentPlaceHolder_FormView1_tbxAPP_POB_ST_PROVINCE"",""ctl00_SiteContentPlaceHolder_FormView1_cbexAPP_POB_ST_PROVINCE_NA""]","[""/GenNIV/General/complete/complete_personal.aspx""]",[],historical_exact,[],historical_exact_selector_snapshot,ds160-field-control-audit-2026-09-22.json
country_of_birth,Personal Information 1,1,historical_exact_baseline,historical_exact,exact,false,select,select,,[],/GenNIV/General/complete/complete_personal.aspx,"[""ctl00_SiteContentPlaceHolder_FormView1_ddlAPP_POB_CNTRY""]","[""/GenNIV/General/complete/complete_personal.aspx""]",[],historical_exact,[],historical_exact_selector_snapshot,ds160-field-control-audit-2026-09-22.json
nationality_country,Personal Information 2,2,historical_exact_baseline,historical_exact,exact,false,select,select,,[],/GenNIV/General/complete/complete_personalcont.aspx,"[""ctl00_SiteContentPlaceHolder_FormView1_ddlAPP_NATL""]","[""/GenNIV/General/complete/complete_personalcont.aspx""]",[],historical_exact,[],historical_exact_selector_snapshot,ds160-field-control-audit-2026-09-22.json
other_nationality,Personal Information 2,2,historical_exact_baseline,historical_exact,exact,false,radio,radio,,[],/GenNIV/General/complete/complete_personalcont.aspx,"[""ctl00_SiteContentPlaceHolder_FormView1_rblAPP_OTH_NATL_IND_0"",""ctl00_SiteContentPlaceHolder_FormView1_rblAPP_OTH_NATL_IND_1""]","[""/GenNIV/General/complete/complete_personalcont.aspx""]",[],historical_exact,[],historical_exact_selector_snapshot,ds160-field-control-audit-2026-09-22.json
permanent_resident_other_country,Personal Information 2,2,historical_exact_baseline,historical_exact,exact,false,radio,radio,,[],/GenNIV/General/complete/complete_personalcont.aspx,"[""ctl00_SiteContentPlaceHolder_FormView1_rblPermResOtherCntryInd_0"",""ctl00_SiteContentPlaceHolder_FormView1_rblPermResOtherCntryInd_1""]","[""/GenNIV/General/complete/complete_personalcont.aspx""]",[],historical_exact,[],historical_exact_selector_snapshot,ds160-field-control-audit-2026-09-22.json
national_id_number,Personal Information 2,2,historical_exact_baseline,historical_exact,exact,false,text,text,20,[],/GenNIV/General/complete/complete_personalcont.aspx,"[""ctl00_SiteContentPlaceHolder_FormView1_tbxAPP_NATIONAL_ID"",""ctl00_SiteContentPlaceHolder_FormView1_cbexAPP_NATIONAL_ID_NA""]","[""/GenNIV/General/complete/complete_personalcont.aspx""]",[],historical_exact,[],historical_exact_selector_snapshot,ds160-field-control-audit-2026-09-22.json
us_social_security_number,Personal Information 2,2,historical_exact_baseline,historical_exact,exact,false,text,text,,[],/GenNIV/General/complete/complete_personalcont.aspx,"[""ctl00_SiteContentPlaceHolder_FormView1_tbxAPP_SSN1"",""ctl00_SiteContentPlaceHolder_FormView1_tbxAPP_SSN2"",""ctl00_SiteContentPlaceHolder_FormView1_tbxAPP_SSN3"",""ctl00_SiteContentPlaceHolder_FormView1_cbexAPP_SSN_NA""]","[""/GenNIV/General/complete/complete_personalcont.aspx""]",[],historical_exact,[],historical_exact_selector_snapshot,ds160-field-control-audit-2026-09-22.json
us_taxpayer_id,Personal Information 2,2,historical_exact_baseline,historical_exact,exact,false,text,text,20,[],/GenNIV/General/complete/complete_personalcont.aspx,"[""ctl00_SiteContentPlaceHolder_FormView1_tbxAPP_TAX_ID"",""ctl00_SiteContentPlaceHolder_FormView1_cbexAPP_TAX_ID_NA""]","[""/GenNIV/General/complete/complete_personalcont.aspx""]",[],historical_exact,[],historical_exact_selector_snapshot,ds160-field-control-audit-2026-09-22.json
purpose_of_trip,Travel Information,3,historical_exact_baseline,historical_exact,exact,false,select,select,,[],/GenNIV/General/complete/complete_travel.aspx,"[""ctl00_SiteContentPlaceHolder_FormView1_dlPrincipalAppTravel_ctl00_ddlPurposeOfTrip"",""ctl00_SiteContentPlaceHolder_FormView1_dlPrincipalAppTravel_ctl01_ddlPurposeOfTrip""]","[""/GenNIV/General/complete/complete_travel.aspx""]",[],historical_exact,[],historical_exact_selector_snapshot,ds160-field-control-audit-2026-09-22.json
purpose_of_trip_specify,Travel Information,3,historical_exact_baseline,historical_exact,exact,false,select,select,,[],/GenNIV/General/complete/complete_travel.aspx,"[""ctl00_SiteContentPlaceHolder_FormView1_dlPrincipalAppTravel_ctl00_ddlOtherPurpose"",""ctl00_SiteContentPlaceHolder_FormView1_dlPrincipalAppTravel_ctl01_ddlOtherPurpose""]","[""/GenNIV/General/complete/complete_travel.aspx""]",[],historical_exact,[],historical_exact_selector_snapshot,ds160-field-control-audit-2026-09-22.json
has_specific_plans,Travel Information,3,historical_exact_baseline,historical_exact,exact,false,radio,radio,,[],/GenNIV/General/complete/complete_travel.aspx,"[""ctl00_SiteContentPlaceHolder_FormView1_rblSpecificTravel_0"",""ctl00_SiteContentPlaceHolder_FormView1_rblSpecificTravel_1""]","[""/GenNIV/General/complete/complete_travel.aspx""]",[],historical_exact,[],historical_exact_selector_snapshot,ds160-field-control-audit-2026-09-22.json
arrival_date,Travel Information,3,historical_exact_baseline,historical_exact,exact,false,date,date,,[],/GenNIV/General/complete/complete_travel.aspx,"[""ctl00_SiteContentPlaceHolder_FormView1_ddlTRAVEL_DTEDay"",""ctl00_SiteContentPlaceHolder_FormView1_ddlTRAVEL_DTEMonth"",""ctl00_SiteContentPlaceHolder_FormView1_tbxTRAVEL_DTEYear""]","[""/GenNIV/General/complete/complete_travel.aspx""]",[],historical_exact,[],historical_exact_selector_snapshot,ds160-field-control-audit-2026-09-22.json
planned_location,Travel Information,3,historical_exact_baseline,historical_exact,exact,false,text,text,,[],/GenNIV/General/complete/complete_travel.aspx,"[""ctl00_SiteContentPlaceHolder_FormView1_dtlTravelLoc_ctl00_tbxSPECTRAVEL_LOCATION"",""ctl00_SiteContentPlaceHolder_FormView1_dtlTravelLoc_ctl01_tbxSPECTRAVEL_LOCATION""]","[""/GenNIV/General/complete/complete_travel.aspx""]",[],historical_exact,[],historical_exact_selector_snapshot,ds160-field-control-audit-2026-09-22.json
intended_arrival_date,Travel Information,3,historical_exact_baseline,historical_exact,exact,false,date,date,,[],/GenNIV/General/complete/complete_travel.aspx,"[""ctl00_SiteContentPlaceHolder_FormView1_ddlTRAVEL_DTEDay"",""ctl00_SiteContentPlaceHolder_FormView1_ddlTRAVEL_DTEMonth"",""ctl00_SiteContentPlaceHolder_FormView1_tbxTRAVEL_DTEYear""]","[""/GenNIV/General/complete/complete_travel.aspx""]",[],historical_exact,[],historical_exact_selector_snapshot,ds160-field-control-audit-2026-09-22.json
intended_length_of_stay_value,Travel Information,3,historical_exact_baseline,historical_exact,exact,false,text,text,,[],/GenNIV/General/complete/complete_travel.aspx,"[""ctl00_SiteContentPlaceHolder_FormView1_tbxTRAVEL_LOS""]","[""/GenNIV/General/complete/complete_travel.aspx""]",[],historical_exact,[],historical_exact_selector_snapshot,ds160-field-control-audit-2026-09-22.json
intended_length_of_stay_unit,Travel Information,3,historical_exact_baseline,historical_exact,exact,false,select,select,,[],/GenNIV/General/complete/complete_travel.aspx,"[""ctl00_SiteContentPlaceHolder_FormView1_ddlTRAVEL_LOS_CD""]","[""/GenNIV/General/complete/complete_travel.aspx""]",[],historical_exact,[],historical_exact_selector_snapshot,ds160-field-control-audit-2026-09-22.json
us_address_street1,Travel Information,3,historical_exact_baseline,historical_exact,exact,false,text,text,,[],/GenNIV/General/complete/complete_travel.aspx,"[""ctl00_SiteContentPlaceHolder_FormView1_tbxStreetAddress1""]","[""/GenNIV/General/complete/complete_travel.aspx""]",[],historical_exact,[],historical_exact_selector_snapshot,ds160-field-control-audit-2026-09-22.json
us_address_street2,Travel Information,3,historical_exact_baseline,historical_exact,exact,false,text,text,,[],/GenNIV/General/complete/complete_travel.aspx,"[""ctl00_SiteContentPlaceHolder_FormView1_tbxStreetAddress2""]","[""/GenNIV/General/complete/complete_travel.aspx""]",[],historical_exact,[],historical_exact_selector_snapshot,ds160-field-control-audit-2026-09-22.json
us_address_city,Travel Information,3,historical_exact_baseline,historical_exact,exact,false,text,text,,[],/GenNIV/General/complete/complete_travel.aspx,"[""ctl00_SiteContentPlaceHolder_FormView1_tbxCity""]","[""/GenNIV/General/complete/complete_travel.aspx""]",[],historical_exact,[],historical_exact_selector_snapshot,ds160-field-control-audit-2026-09-22.json
us_address_state,Travel Information,3,historical_exact_baseline,historical_exact,exact,false,select,select,,[],/GenNIV/General/complete/complete_travel.aspx,"[""ctl00_SiteContentPlaceHolder_FormView1_ddlTravelState""]","[""/GenNIV/General/complete/complete_travel.aspx""]",[],historical_exact,[],historical_exact_selector_snapshot,ds160-field-control-audit-2026-09-22.json
us_address_zip,Travel Information,3,historical_exact_baseline,historical_exact,exact,false,text,text,,[],/GenNIV/General/complete/complete_travel.aspx,"[""ctl00_SiteContentPlaceHolder_FormView1_tbZIPCode""]","[""/GenNIV/General/complete/complete_travel.aspx""]",[],historical_exact,[],historical_exact_selector_snapshot,ds160-field-control-audit-2026-09-22.json
trip_payer_type,Travel Information,3,historical_exact_baseline,historical_exact,exact,false,select,select,,[],/GenNIV/General/complete/complete_travel.aspx,"[""ctl00_SiteContentPlaceHolder_FormView1_ddlWhoIsPaying""]","[""/GenNIV/General/complete/complete_travel.aspx""]",[],historical_exact,[],historical_exact_selector_snapshot,ds160-field-control-audit-2026-09-22.json
payer_surname,Travel Information,3,historical_exact_baseline,historical_exact,exact,false,text,text,,[],/GenNIV/General/complete/complete_travel.aspx,"[""ctl00_SiteContentPlaceHolder_FormView1_tbxPayerSurname""]","[""/GenNIV/General/complete/complete_travel.aspx""]",[],historical_exact,[],historical_exact_selector_snapshot,ds160-field-control-audit-2026-09-22.json
payer_given_names,Travel Information,3,historical_exact_baseline,historical_exact,exact,false,text,text,,[],/GenNIV/General/complete/complete_travel.aspx,"[""ctl00_SiteContentPlaceHolder_FormView1_tbxPayerGivenName""]","[""/GenNIV/General/complete/complete_travel.aspx""]",[],historical_exact,[],historical_exact_selector_snapshot,ds160-field-control-audit-2026-09-22.json
payer_email,Travel Information,3,historical_exact_baseline,historical_exact,exact,false,text,text,,[],/GenNIV/General/complete/complete_travel.aspx,"[""ctl00_SiteContentPlaceHolder_FormView1_tbxPAYER_EMAIL_ADDR"",""ctl00_SiteContentPlaceHolder_FormView1_cbxDNAPAYER_EMAIL_ADDR_NA""]","[""/GenNIV/General/complete/complete_travel.aspx""]",[],historical_exact,[],historical_exact_selector_snapshot,ds160-field-control-audit-2026-09-22.json
payer_relationship,Travel Information,3,historical_exact_baseline,historical_exact,exact,false,select,select,,[],/GenNIV/General/complete/complete_travel.aspx,"[""ctl00_SiteContentPlaceHolder_FormView1_ddlPayerRelationship""]","[""/GenNIV/General/complete/complete_travel.aspx""]",[],historical_exact,[],historical_exact_selector_snapshot,ds160-field-control-audit-2026-09-22.json
has_companions,Travel Companions,4,historical_exact_baseline,historical_exact,exact,false,radio,radio,,[],/GenNIV/General/complete/complete_travelcompanions.aspx,"[""ctl00_SiteContentPlaceHolder_FormView1_rblOtherPersonsTravelingWithYou_0"",""ctl00_SiteContentPlaceHolder_FormView1_rblOtherPersonsTravelingWithYou_1""]","[""/GenNIV/General/complete/complete_travelcompanions.aspx""]",[],historical_exact,[],historical_exact_selector_snapshot,ds160-field-control-audit-2026-09-22.json
companion_group_travel,Travel Companions,4,historical_exact_baseline,historical_exact,exact,false,radio,radio,,[],/GenNIV/General/complete/complete_travelcompanions.aspx,"[""ctl00_SiteContentPlaceHolder_FormView1_rblGroupTravel_0"",""ctl00_SiteContentPlaceHolder_FormView1_rblGroupTravel_1""]","[""/GenNIV/General/complete/complete_travelcompanions.aspx""]",[],historical_exact,[],historical_exact_selector_snapshot,ds160-field-control-audit-2026-09-22.json
companion_group_name,Travel Companions,4,historical_exact_baseline,historical_exact,exact,false,text,text,,[],/GenNIV/General/complete/complete_travelcompanions.aspx,"[""ctl00_SiteContentPlaceHolder_FormView1_tbxGroupName""]","[""/GenNIV/General/complete/complete_travelcompanions.aspx""]",[],historical_exact,[],historical_exact_selector_snapshot,ds160-field-control-audit-2026-09-22.json
has_been_in_us,Previous U.S. Travel,5,historical_exact_baseline,historical_exact,exact,false,radio,radio,,[],/GenNIV/General/complete/complete_previousustravel.aspx,"[""ctl00_SiteContentPlaceHolder_FormView1_rblPREV_US_TRAVEL_IND_0"",""ctl00_SiteContentPlaceHolder_FormView1_rblPREV_US_TRAVEL_IND_1""]","[""/GenNIV/General/complete/complete_previousustravel.aspx""]",[],historical_exact,[],historical_exact_selector_snapshot,ds160-field-control-audit-2026-09-22.json
us_drivers_license_state,Previous U.S. Travel,5,historical_exact_baseline,historical_exact,exact,false,select,select,,[],/GenNIV/General/complete/complete_previousustravel.aspx,"[""ctl00_SiteContentPlaceHolder_FormView1_dtlUS_DRIVER_LICENSE_ctl00_ddlUS_DRIVER_LICENSE_STATE"",""ctl00_SiteContentPlaceHolder_FormView1_dtlUS_DRIVER_LICENSE_ctl01_ddlUS_DRIVER_LICENSE_STATE"",""ctl00_SiteContentPlaceHolder_FormView1_dtlUS_DRIVER_LICENSE_ctl02_ddlUS_DRIVER_LICENSE_STATE"",""ctl00_SiteContentPlaceHolder_FormView1_dtlUS_DRIVER_LICENSE_ctl03_ddlUS_DRIVER_LICENSE_STATE"",""ctl00_SiteContentPlaceHolder_FormView1_dtlUS_DRIVER_LICENSE_ctl04_ddlUS_DRIVER_LICENSE_STATE"",""ctl00_SiteContentPlaceHolder_FormView1_dtlUS_DRIVER_LICENSE_ctl05_ddlUS_DRIVER_LICENSE_STATE""]","[""/GenNIV/General/complete/complete_previousustravel.aspx""]",[],historical_exact,[],historical_exact_selector_snapshot,ds160-field-control-audit-2026-09-22.json
has_us_visa,Previous U.S. Travel,5,historical_exact_baseline,historical_exact,exact,false,radio,radio,,[],/GenNIV/General/complete/complete_previousustravel.aspx,"[""ctl00_SiteContentPlaceHolder_FormView1_rblPREV_VISA_IND_0"",""ctl00_SiteContentPlaceHolder_FormView1_rblPREV_VISA_IND_1""]","[""/GenNIV/General/complete/complete_previousustravel.aspx""]",[],historical_exact,[],historical_exact_selector_snapshot,ds160-field-control-audit-2026-09-22.json
visa_number,Previous U.S. Travel,5,historical_exact_baseline,historical_exact,exact,false,text,text,,[],/GenNIV/General/complete/complete_previousustravel.aspx,"[""ctl00_SiteContentPlaceHolder_FormView1_tbxPREV_VISA_FOIL_NUMBER"",""ctl00_SiteContentPlaceHolder_FormView1_cbxPREV_VISA_FOIL_NUMBER_NA""]","[""/GenNIV/General/complete/complete_previousustravel.aspx""]",[],historical_exact,[],historical_exact_selector_snapshot,ds160-field-control-audit-2026-09-22.json
applying_same_visa_type,Previous U.S. Travel,5,historical_exact_baseline,historical_exact,exact,false,radio,radio,,[],/GenNIV/General/complete/complete_previousustravel.aspx,"[""ctl00_SiteContentPlaceHolder_FormView1_rblPREV_VISA_SAME_TYPE_IND_0"",""ctl00_SiteContentPlaceHolder_FormView1_rblPREV_VISA_SAME_TYPE_IND_1""]","[""/GenNIV/General/complete/complete_previousustravel.aspx""]",[],historical_exact,[],historical_exact_selector_snapshot,ds160-field-control-audit-2026-09-22.json
applying_same_country_of_issue_and_residence,Previous U.S. Travel,5,historical_exact_baseline,historical_exact,exact,false,radio,radio,,[],/GenNIV/General/complete/complete_previousustravel.aspx,"[""ctl00_SiteContentPlaceHolder_FormView1_rblPREV_VISA_SAME_CNTRY_IND_0"",""ctl00_SiteContentPlaceHolder_FormView1_rblPREV_VISA_SAME_CNTRY_IND_1""]","[""/GenNIV/General/complete/complete_previousustravel.aspx""]",[],historical_exact,[],historical_exact_selector_snapshot,ds160-field-control-audit-2026-09-22.json
visa_lost_or_stolen,Previous U.S. Travel,5,historical_exact_baseline,historical_exact,exact,false,radio,radio,,[],/GenNIV/General/complete/complete_previousustravel.aspx,"[""ctl00_SiteContentPlaceHolder_FormView1_rblPREV_VISA_LOST_IND_0"",""ctl00_SiteContentPlaceHolder_FormView1_rblPREV_VISA_LOST_IND_1""]","[""/GenNIV/General/complete/complete_previousustravel.aspx""]",[],historical_exact,[],historical_exact_selector_snapshot,ds160-field-control-audit-2026-09-22.json
year_visa_lost_or_stolen,Previous U.S. Travel,5,historical_exact_baseline,historical_exact,exact,false,text,text,,[],/GenNIV/General/complete/complete_previousustravel.aspx,"[""ctl00_SiteContentPlaceHolder_FormView1_tbxPREV_VISA_LOST_YEAR""]","[""/GenNIV/General/complete/complete_previousustravel.aspx""]",[],historical_exact,[],historical_exact_selector_snapshot,ds160-field-control-audit-2026-09-22.json
visa_cancelled_or_revoked,Previous U.S. Travel,5,historical_exact_baseline,historical_exact,exact,false,radio,radio,,[],/GenNIV/General/complete/complete_previousustravel.aspx,"[""ctl00_SiteContentPlaceHolder_FormView1_rblPREV_VISA_CANCELLED_IND_0"",""ctl00_SiteContentPlaceHolder_FormView1_rblPREV_VISA_CANCELLED_IND_1""]","[""/GenNIV/General/complete/complete_previousustravel.aspx""]",[],historical_exact,[],historical_exact_selector_snapshot,ds160-field-control-audit-2026-09-22.json
has_been_refused,Previous U.S. Travel,5,historical_exact_baseline,historical_exact,exact,false,radio,radio,,[],/GenNIV/General/complete/complete_previousustravel.aspx,"[""ctl00_SiteContentPlaceHolder_FormView1_rblPREV_VISA_REFUSED_IND_0"",""ctl00_SiteContentPlaceHolder_FormView1_rblPREV_VISA_REFUSED_IND_1""]","[""/GenNIV/General/complete/complete_previousustravel.aspx""]",[],historical_exact,[],historical_exact_selector_snapshot,ds160-field-control-audit-2026-09-22.json
immigrant_petition_filed,Previous U.S. Travel,5,historical_exact_baseline,historical_exact,exact,false,radio,radio,,[],/GenNIV/General/complete/complete_previousustravel.aspx,"[""ctl00_SiteContentPlaceHolder_FormView1_rblIV_PETITION_IND_0"",""ctl00_SiteContentPlaceHolder_FormView1_rblIV_PETITION_IND_1""]","[""/GenNIV/General/complete/complete_previousustravel.aspx""]",[],historical_exact,[],historical_exact_selector_snapshot,ds160-field-control-audit-2026-09-22.json
home_address_line1,Address and Phone,6,historical_exact_baseline,historical_exact,exact,false,text,text,,[],/GenNIV/General/complete/complete_contact.aspx,"[""ctl00_SiteContentPlaceHolder_FormView1_tbxAPP_ADDR_LN1""]","[""/GenNIV/General/complete/complete_contact.aspx""]",[],historical_exact,[],historical_exact_selector_snapshot,ds160-field-control-audit-2026-09-22.json
home_address_line2,Address and Phone,6,historical_exact_baseline,historical_exact,exact,false,text,text,,[],/GenNIV/General/complete/complete_contact.aspx,"[""ctl00_SiteContentPlaceHolder_FormView1_tbxAPP_ADDR_LN2""]","[""/GenNIV/General/complete/complete_contact.aspx""]",[],historical_exact,[],historical_exact_selector_snapshot,ds160-field-control-audit-2026-09-22.json
home_address_city,Address and Phone,6,historical_exact_baseline,historical_exact,exact,false,text,text,,[],/GenNIV/General/complete/complete_contact.aspx,"[""ctl00_SiteContentPlaceHolder_FormView1_tbxAPP_ADDR_CITY""]","[""/GenNIV/General/complete/complete_contact.aspx""]",[],historical_exact,[],historical_exact_selector_snapshot,ds160-field-control-audit-2026-09-22.json
home_address_state_province,Address and Phone,6,historical_exact_baseline,historical_exact,exact,false,text,text,,[],/GenNIV/General/complete/complete_contact.aspx,"[""ctl00_SiteContentPlaceHolder_FormView1_tbxAPP_ADDR_STATE"",""ctl00_SiteContentPlaceHolder_FormView1_cbexAPP_ADDR_STATE_NA""]","[""/GenNIV/General/complete/complete_contact.aspx""]",[],historical_exact,[],historical_exact_selector_snapshot,ds160-field-control-audit-2026-09-22.json
home_address_postal_code,Address and Phone,6,historical_exact_baseline,historical_exact,exact,false,text,text,,[],/GenNIV/General/complete/complete_contact.aspx,"[""ctl00_SiteContentPlaceHolder_FormView1_tbxAPP_ADDR_POSTAL_CD"",""ctl00_SiteContentPlaceHolder_FormView1_cbexAPP_ADDR_POSTAL_CD_NA""]","[""/GenNIV/General/complete/complete_contact.aspx""]",[],historical_exact,[],historical_exact_selector_snapshot,ds160-field-control-audit-2026-09-22.json
home_address_country,Address and Phone,6,historical_exact_baseline,historical_exact,exact,false,select,select,,[],/GenNIV/General/complete/complete_contact.aspx,"[""ctl00_SiteContentPlaceHolder_FormView1_ddlCountry""]","[""/GenNIV/General/complete/complete_contact.aspx""]",[],historical_exact,[],historical_exact_selector_snapshot,ds160-field-control-audit-2026-09-22.json
mailing_same_as_home,Address and Phone,6,historical_exact_baseline,historical_exact,exact,false,radio,radio,,[],/GenNIV/General/complete/complete_contact.aspx,"[""ctl00_SiteContentPlaceHolder_FormView1_rblMailingAddrSame_0"",""ctl00_SiteContentPlaceHolder_FormView1_rblMailingAddrSame_1""]","[""/GenNIV/General/complete/complete_contact.aspx""]",[],historical_exact,[],historical_exact_selector_snapshot,ds160-field-control-audit-2026-09-22.json
primary_phone,Address and Phone,6,historical_exact_baseline,historical_exact,exact,false,text,text,,[],/GenNIV/General/complete/complete_contact.aspx,"[""ctl00_SiteContentPlaceHolder_FormView1_tbxAPP_HOME_TEL""]","[""/GenNIV/General/complete/complete_contact.aspx""]",[],historical_exact,[],historical_exact_selector_snapshot,ds160-field-control-audit-2026-09-22.json
work_phone,Address and Phone,6,historical_exact_baseline,historical_exact,exact,false,text,text,,[],/GenNIV/General/complete/complete_contact.aspx,"[""ctl00_SiteContentPlaceHolder_FormView1_tbxAPP_BUS_TEL"",""ctl00_SiteContentPlaceHolder_FormView1_cbexAPP_BUS_TEL_NA""]","[""/GenNIV/General/complete/complete_contact.aspx""]",[],historical_exact,[],historical_exact_selector_snapshot,ds160-field-control-audit-2026-09-22.json
has_other_phones,Address and Phone,6,historical_exact_baseline,historical_exact,exact,false,radio,radio,,[],/GenNIV/General/complete/complete_contact.aspx,"[""ctl00_SiteContentPlaceHolder_FormView1_rblAddPhone_0"",""ctl00_SiteContentPlaceHolder_FormView1_rblAddPhone_1""]","[""/GenNIV/General/complete/complete_contact.aspx""]",[],historical_exact,[],historical_exact_selector_snapshot,ds160-field-control-audit-2026-09-22.json
email_address,Address and Phone,6,historical_exact_baseline,historical_exact,exact,false,text,text,,[],/GenNIV/General/complete/complete_contact.aspx,"[""ctl00_SiteContentPlaceHolder_FormView1_tbxAPP_EMAIL_ADDR""]","[""/GenNIV/General/complete/complete_contact.aspx""]",[],historical_exact,[],historical_exact_selector_snapshot,ds160-field-control-audit-2026-09-22.json
has_other_emails,Address and Phone,6,historical_exact_baseline,historical_exact,exact,false,radio,radio,,[],/GenNIV/General/complete/complete_contact.aspx,"[""ctl00_SiteContentPlaceHolder_FormView1_rblAddEmail_0"",""ctl00_SiteContentPlaceHolder_FormView1_rblAddEmail_1""]","[""/GenNIV/General/complete/complete_contact.aspx""]",[],historical_exact,[],historical_exact_selector_snapshot,ds160-field-control-audit-2026-09-22.json
social_media_platform,Address and Phone,6,historical_exact_baseline,historical_exact,exact,false,select,select,,[],/GenNIV/General/complete/complete_contact.aspx,"[""ctl00_SiteContentPlaceHolder_FormView1_dtlSocial_ctl00_ddlSocialMedia"",""ctl00_SiteContentPlaceHolder_FormView1_dtlSocial_ctl01_ddlSocialMedia""]","[""/GenNIV/General/complete/complete_contact.aspx""]",[],historical_exact,[],historical_exact_selector_snapshot,ds160-field-control-audit-2026-09-22.json
social_media_handle,Address and Phone,6,historical_exact_baseline,historical_exact,exact,false,text,text,,[],/GenNIV/General/complete/complete_contact.aspx,"[""ctl00_SiteContentPlaceHolder_FormView1_dtlSocial_ctl00_tbxSocialMediaIdent"",""ctl00_SiteContentPlaceHolder_FormView1_dtlSocial_ctl01_tbxSocialMediaIdent""]","[""/GenNIV/General/complete/complete_contact.aspx""]",[],historical_exact,[],historical_exact_selector_snapshot,ds160-field-control-audit-2026-09-22.json
has_other_social_media,Address and Phone,6,historical_exact_baseline,historical_exact,exact,false,radio,radio,,[],/GenNIV/General/complete/complete_contact.aspx,"[""ctl00_SiteContentPlaceHolder_FormView1_rblAddSocial_0"",""ctl00_SiteContentPlaceHolder_FormView1_rblAddSocial_1""]","[""/GenNIV/General/complete/complete_contact.aspx""]",[],historical_exact,[],historical_exact_selector_snapshot,ds160-field-control-audit-2026-09-22.json
passport_document_type,Passport Information,7,historical_exact_baseline,historical_exact,exact,false,select,select,,[],/GenNIV/General/complete/Passport_Visa_Info.aspx,"[""ctl00_SiteContentPlaceHolder_FormView1_ddlPPT_TYPE""]","[""/GenNIV/General/complete/Passport_Visa_Info.aspx""]",[],historical_exact,[],historical_exact_selector_snapshot,ds160-field-control-audit-2026-09-22.json
passport_number,Passport Information,7,historical_exact_baseline,historical_exact,exact,false,text,text,20,[],/GenNIV/General/complete/Passport_Visa_Info.aspx,"[""ctl00_SiteContentPlaceHolder_FormView1_tbxPPT_NUM""]","[""/GenNIV/General/complete/Passport_Visa_Info.aspx""]",[],historical_exact,[],historical_exact_selector_snapshot,ds160-field-control-audit-2026-09-22.json
passport_book_number,Passport Information,7,historical_exact_baseline,historical_exact,exact,false,text,text,20,[],/GenNIV/General/complete/Passport_Visa_Info.aspx,"[""ctl00_SiteContentPlaceHolder_FormView1_tbxPPT_BOOK_NUM"",""ctl00_SiteContentPlaceHolder_FormView1_cbexPPT_BOOK_NUM_NA""]","[""/GenNIV/General/complete/Passport_Visa_Info.aspx""]",[],historical_exact,[],historical_exact_selector_snapshot,ds160-field-control-audit-2026-09-22.json
passport_issuing_country,Passport Information,7,historical_exact_baseline,historical_exact,exact,false,select,select,,[],/GenNIV/General/complete/Passport_Visa_Info.aspx,"[""ctl00_SiteContentPlaceHolder_FormView1_ddlPPT_ISSUED_CNTRY""]","[""/GenNIV/General/complete/Passport_Visa_Info.aspx""]",[],historical_exact,[],historical_exact_selector_snapshot,ds160-field-control-audit-2026-09-22.json
passport_issuance_city,Passport Information,7,historical_exact_baseline,historical_exact,exact,false,text,text,25,[],/GenNIV/General/complete/Passport_Visa_Info.aspx,"[""ctl00_SiteContentPlaceHolder_FormView1_tbxPPT_ISSUED_IN_CITY""]","[""/GenNIV/General/complete/Passport_Visa_Info.aspx""]",[],historical_exact,[],historical_exact_selector_snapshot,ds160-field-control-audit-2026-09-22.json
passport_issuance_state,Passport Information,7,historical_exact_baseline,historical_exact,exact,false,text,text,25,[],/GenNIV/General/complete/Passport_Visa_Info.aspx,"[""ctl00_SiteContentPlaceHolder_FormView1_tbxPPT_ISSUED_IN_STATE""]","[""/GenNIV/General/complete/Passport_Visa_Info.aspx""]",[],historical_exact,[],historical_exact_selector_snapshot,ds160-field-control-audit-2026-09-22.json
passport_issuance_country,Passport Information,7,historical_exact_baseline,historical_exact,exact,false,select,select,,[],/GenNIV/General/complete/Passport_Visa_Info.aspx,"[""ctl00_SiteContentPlaceHolder_FormView1_ddlPPT_ISSUED_IN_CNTRY""]","[""/GenNIV/General/complete/Passport_Visa_Info.aspx""]",[],historical_exact,[],historical_exact_selector_snapshot,ds160-field-control-audit-2026-09-22.json
passport_issuance_date,Passport Information,7,historical_exact_baseline,historical_exact,exact,false,date,date,,[],/GenNIV/General/complete/Passport_Visa_Info.aspx,"[""ctl00_SiteContentPlaceHolder_FormView1_ddlPPT_ISSUED_DTEDay"",""ctl00_SiteContentPlaceHolder_FormView1_ddlPPT_ISSUED_DTEMonth"",""ctl00_SiteContentPlaceHolder_FormView1_tbxPPT_ISSUEDYear""]","[""/GenNIV/General/complete/Passport_Visa_Info.aspx""]",[],historical_exact,[],historical_exact_selector_snapshot,ds160-field-control-audit-2026-09-22.json
passport_expiration_date,Passport Information,7,historical_exact_baseline,historical_exact,exact,false,date,date,,[],/GenNIV/General/complete/Passport_Visa_Info.aspx,"[""ctl00_SiteContentPlaceHolder_FormView1_ddlPPT_EXPIRE_DTEDay"",""ctl00_SiteContentPlaceHolder_FormView1_ddlPPT_EXPIRE_DTEMonth"",""ctl00_SiteContentPlaceHolder_FormView1_tbxPPT_EXPIREYear"",""ctl00_SiteContentPlaceHolder_FormView1_cbxPPT_EXPIRE_NA""]","[""/GenNIV/General/complete/Passport_Visa_Info.aspx""]",[],historical_exact,[],historical_exact_selector_snapshot,ds160-field-control-audit-2026-09-22.json
lost_passport,Passport Information,7,historical_exact_baseline,historical_exact,exact,false,radio,radio,,[],/GenNIV/General/complete/Passport_Visa_Info.aspx,"[""ctl00_SiteContentPlaceHolder_FormView1_rblLOST_PPT_IND_0"",""ctl00_SiteContentPlaceHolder_FormView1_rblLOST_PPT_IND_1""]","[""/GenNIV/General/complete/Passport_Visa_Info.aspx""]",[],historical_exact,[],historical_exact_selector_snapshot,ds160-field-control-audit-2026-09-22.json
lost_passport_number,Passport Information,7,historical_exact_baseline,historical_exact,exact,false,text,text,20,[],/GenNIV/General/complete/Passport_Visa_Info.aspx,"[""ctl00_SiteContentPlaceHolder_FormView1_dtlLostPPT_ctl00_tbxLOST_PPT_NUM"",""ctl00_SiteContentPlaceHolder_FormView1_dtlLostPPT_ctl00_cbxLOST_PPT_NUM_UNKN_IND"",""ctl00_SiteContentPlaceHolder_FormView1_dtlLostPPT_ctl01_tbxLOST_PPT_NUM"",""ctl00_SiteContentPlaceHolder_FormView1_dtlLostPPT_ctl01_cbxLOST_PPT_NUM_UNKN_IND""]","[""/GenNIV/General/complete/Passport_Visa_Info.aspx""]",[],historical_exact,[],historical_exact_selector_snapshot,ds160-field-control-audit-2026-09-22.json
father_surname,Family Information: Relatives,9,historical_exact_baseline,historical_exact,exact,false,text,text,,[],/GenNIV/General/complete/complete_family1.aspx,"[""ctl00_SiteContentPlaceHolder_FormView1_tbxFATHER_SURNAME"",""ctl00_SiteContentPlaceHolder_FormView1_cbxFATHER_SURNAME_UNK_IND""]","[""/GenNIV/General/complete/complete_family1.aspx""]",[],historical_exact,[],historical_exact_selector_snapshot,ds160-field-control-audit-2026-09-22.json
father_given_names,Family Information: Relatives,9,historical_exact_baseline,historical_exact,exact,false,text,text,,[],/GenNIV/General/complete/complete_family1.aspx,"[""ctl00_SiteContentPlaceHolder_FormView1_tbxFATHER_GIVEN_NAME"",""ctl00_SiteContentPlaceHolder_FormView1_cbxFATHER_GIVEN_NAME_UNK_IND""]","[""/GenNIV/General/complete/complete_family1.aspx""]",[],historical_exact,[],historical_exact_selector_snapshot,ds160-field-control-audit-2026-09-22.json
father_date_of_birth,Family Information: Relatives,9,historical_exact_baseline,historical_exact,exact,false,date,date,,[],/GenNIV/General/complete/complete_family1.aspx,"[""ctl00_SiteContentPlaceHolder_FormView1_ddlFathersDOBDay"",""ctl00_SiteContentPlaceHolder_FormView1_ddlFathersDOBMonth"",""ctl00_SiteContentPlaceHolder_FormView1_tbxFathersDOBYear"",""ctl00_SiteContentPlaceHolder_FormView1_cbxFATHER_DOB_UNK_IND""]","[""/GenNIV/General/complete/complete_family1.aspx""]",[],historical_exact,[],historical_exact_selector_snapshot,ds160-field-control-audit-2026-09-22.json
mother_surname,Family Information: Relatives,9,historical_exact_baseline,historical_exact,exact,false,text,text,,[],/GenNIV/General/complete/complete_family1.aspx,"[""ctl00_SiteContentPlaceHolder_FormView1_tbxMOTHER_SURNAME"",""ctl00_SiteContentPlaceHolder_FormView1_cbxMOTHER_SURNAME_UNK_IND""]","[""/GenNIV/General/complete/complete_family1.aspx""]",[],historical_exact,[],historical_exact_selector_snapshot,ds160-field-control-audit-2026-09-22.json
mother_given_names,Family Information: Relatives,9,historical_exact_baseline,historical_exact,exact,false,text,text,,[],/GenNIV/General/complete/complete_family1.aspx,"[""ctl00_SiteContentPlaceHolder_FormView1_tbxMOTHER_GIVEN_NAME"",""ctl00_SiteContentPlaceHolder_FormView1_cbxMOTHER_GIVEN_NAME_UNK_IND""]","[""/GenNIV/General/complete/complete_family1.aspx""]",[],historical_exact,[],historical_exact_selector_snapshot,ds160-field-control-audit-2026-09-22.json
mother_date_of_birth,Family Information: Relatives,9,historical_exact_baseline,historical_exact,exact,false,date,date,,[],/GenNIV/General/complete/complete_family1.aspx,"[""ctl00_SiteContentPlaceHolder_FormView1_ddlMothersDOBDay"",""ctl00_SiteContentPlaceHolder_FormView1_ddlMothersDOBMonth"",""ctl00_SiteContentPlaceHolder_FormView1_tbxMothersDOBYear"",""ctl00_SiteContentPlaceHolder_FormView1_cbxMOTHER_DOB_UNK_IND""]","[""/GenNIV/General/complete/complete_family1.aspx""]",[],historical_exact,[],historical_exact_selector_snapshot,ds160-field-control-audit-2026-09-22.json
has_immediate_us_relatives,Family Information: Relatives,9,historical_exact_baseline,historical_exact,exact,false,radio,radio,,[],/GenNIV/General/complete/complete_family1.aspx,"[""ctl00_SiteContentPlaceHolder_FormView1_rblUS_IMMED_RELATIVE_IND_0"",""ctl00_SiteContentPlaceHolder_FormView1_rblUS_IMMED_RELATIVE_IND_1""]","[""/GenNIV/General/complete/complete_family1.aspx""]",[],historical_exact,[],historical_exact_selector_snapshot,ds160-field-control-audit-2026-09-22.json
us_relative_surname,Family Information: Relatives,9,historical_exact_baseline,historical_exact,exact,false,text,text,,[],/GenNIV/General/complete/complete_family1.aspx,"[""ctl00_SiteContentPlaceHolder_FormView1_dlUSRelatives_ctl00_tbxUS_REL_SURNAME"",""ctl00_SiteContentPlaceHolder_FormView1_dlUSRelatives_ctl01_tbxUS_REL_SURNAME""]","[""/GenNIV/General/complete/complete_family1.aspx""]",[],historical_exact,[],historical_exact_selector_snapshot,ds160-field-control-audit-2026-09-22.json
us_relative_given_names,Family Information: Relatives,9,historical_exact_baseline,historical_exact,exact,false,text,text,,[],/GenNIV/General/complete/complete_family1.aspx,"[""ctl00_SiteContentPlaceHolder_FormView1_dlUSRelatives_ctl00_tbxUS_REL_GIVEN_NAME"",""ctl00_SiteContentPlaceHolder_FormView1_dlUSRelatives_ctl01_tbxUS_REL_GIVEN_NAME""]","[""/GenNIV/General/complete/complete_family1.aspx""]",[],historical_exact,[],historical_exact_selector_snapshot,ds160-field-control-audit-2026-09-22.json
us_relative_status,Family Information: Relatives,9,historical_exact_baseline,historical_exact,exact,false,select,select,,[],/GenNIV/General/complete/complete_family1.aspx,"[""ctl00_SiteContentPlaceHolder_FormView1_dlUSRelatives_ctl00_ddlUS_REL_STATUS"",""ctl00_SiteContentPlaceHolder_FormView1_dlUSRelatives_ctl01_ddlUS_REL_STATUS""]","[""/GenNIV/General/complete/complete_family1.aspx""]",[],historical_exact,[],historical_exact_selector_snapshot,ds160-field-control-audit-2026-09-22.json
has_other_us_relatives,Family Information: Relatives,9,historical_exact_baseline,historical_exact,exact,false,radio,radio,,[],/GenNIV/General/complete/complete_family1.aspx,"[""ctl00_SiteContentPlaceHolder_FormView1_rblUS_OTHER_RELATIVE_IND_0"",""ctl00_SiteContentPlaceHolder_FormView1_rblUS_OTHER_RELATIVE_IND_1""]","[""/GenNIV/General/complete/complete_family1.aspx""]",[],historical_exact,[],historical_exact_selector_snapshot,ds160-field-control-audit-2026-09-22.json
spouse_surname,Family Information: Spouse,10,historical_exact_baseline,historical_exact,exact,false,text,text,,[],/GenNIV/General/complete/complete_family2.aspx,"[""ctl00_SiteContentPlaceHolder_FormView1_tbxSpouseSurname""]","[""/GenNIV/General/complete/complete_family2.aspx""]",[],historical_exact,[],historical_exact_selector_snapshot,ds160-field-control-audit-2026-09-22.json
spouse_given_names,Family Information: Spouse,10,historical_exact_baseline,historical_exact,exact,false,text,text,,[],/GenNIV/General/complete/complete_family2.aspx,"[""ctl00_SiteContentPlaceHolder_FormView1_tbxSpouseGivenName""]","[""/GenNIV/General/complete/complete_family2.aspx""]",[],historical_exact,[],historical_exact_selector_snapshot,ds160-field-control-audit-2026-09-22.json
spouse_city_of_birth,Family Information: Spouse,10,historical_exact_baseline,historical_exact,exact,false,text,text,,[],/GenNIV/General/complete/complete_family2.aspx,"[""ctl00_SiteContentPlaceHolder_FormView1_tbxSpousePOBCity"",""ctl00_SiteContentPlaceHolder_FormView1_cbexSPOUSE_POB_CITY_NA""]","[""/GenNIV/General/complete/complete_family2.aspx"",""/GenNIV/General/complete/complete_family5.aspx""]",[],historical_exact,[],historical_exact_selector_snapshot,ds160-field-control-audit-2026-09-22.json
spouse_address_type,Family Information: Spouse,10,historical_exact_baseline,historical_exact,exact,false,select,select,,[],/GenNIV/General/complete/complete_family2.aspx,"[""ctl00_SiteContentPlaceHolder_FormView1_ddlSpouseAddressType""]","[""/GenNIV/General/complete/complete_family2.aspx""]",[],historical_exact,[],historical_exact_selector_snapshot,ds160-field-control-audit-2026-09-22.json
spouse_address_street1,Family Information: Spouse,10,historical_exact_baseline,historical_exact,exact,false,text,text,,[],/GenNIV/General/complete/complete_family2.aspx,"[""ctl00_SiteContentPlaceHolder_FormView1_tbxSPOUSE_ADDR_LN1""]","[""/GenNIV/General/complete/complete_family2.aspx""]",[],historical_exact,[],historical_exact_selector_snapshot,ds160-field-control-audit-2026-09-22.json
spouse_address_street2,Family Information: Spouse,10,historical_exact_baseline,historical_exact,exact,false,text,text,,[],/GenNIV/General/complete/complete_family2.aspx,"[""ctl00_SiteContentPlaceHolder_FormView1_tbxSPOUSE_ADDR_LN2""]","[""/GenNIV/General/complete/complete_family2.aspx""]",[],historical_exact,[],historical_exact_selector_snapshot,ds160-field-control-audit-2026-09-22.json
spouse_address_city,Family Information: Spouse,10,historical_exact_baseline,historical_exact,exact,false,text,text,,[],/GenNIV/General/complete/complete_family2.aspx,"[""ctl00_SiteContentPlaceHolder_FormView1_tbxSPOUSE_ADDR_CITY""]","[""/GenNIV/General/complete/complete_family2.aspx""]",[],historical_exact,[],historical_exact_selector_snapshot,ds160-field-control-audit-2026-09-22.json
spouse_address_state,Family Information: Spouse,10,historical_exact_baseline,historical_exact,exact,false,text,text,,[],/GenNIV/General/complete/complete_family2.aspx,"[""ctl00_SiteContentPlaceHolder_FormView1_tbxSPOUSE_ADDR_STATE"",""ctl00_SiteContentPlaceHolder_FormView1_cbexSPOUSE_ADDR_STATE_NA""]","[""/GenNIV/General/complete/complete_family2.aspx""]",[],historical_exact,[],historical_exact_selector_snapshot,ds160-field-control-audit-2026-09-22.json
spouse_address_zip,Family Information: Spouse,10,historical_exact_baseline,historical_exact,exact,false,text,text,,[],/GenNIV/General/complete/complete_family2.aspx,"[""ctl00_SiteContentPlaceHolder_FormView1_tbxSPOUSE_ADDR_POSTAL_CD"",""ctl00_SiteContentPlaceHolder_FormView1_cbexSPOUSE_ADDR_POSTAL_CD_NA""]","[""/GenNIV/General/complete/complete_family2.aspx""]",[],historical_exact,[],historical_exact_selector_snapshot,ds160-field-control-audit-2026-09-22.json
us_contact_surname,US Point of Contact,8,historical_exact_baseline,historical_exact,exact,false,text,text,33,[],/GenNIV/General/complete/complete_uscontact.aspx,"[""ctl00_SiteContentPlaceHolder_FormView1_tbxUS_POC_SURNAME"",""ctl00_SiteContentPlaceHolder_FormView1_cbxUS_POC_NAME_NA""]","[""/GenNIV/General/complete/complete_uscontact.aspx""]",[],historical_exact,[],historical_exact_selector_snapshot,ds160-field-control-audit-2026-09-22.json
us_contact_given_names,US Point of Contact,8,historical_exact_baseline,historical_exact,exact,false,text,text,33,[],/GenNIV/General/complete/complete_uscontact.aspx,"[""ctl00_SiteContentPlaceHolder_FormView1_tbxUS_POC_GIVEN_NAME"",""ctl00_SiteContentPlaceHolder_FormView1_cbxUS_POC_NAME_NA""]","[""/GenNIV/General/complete/complete_uscontact.aspx""]",[],historical_exact,[],historical_exact_selector_snapshot,ds160-field-control-audit-2026-09-22.json
us_contact_organization,US Point of Contact,8,historical_exact_baseline,historical_exact,exact,false,text,text,33,[],/GenNIV/General/complete/complete_uscontact.aspx,"[""ctl00_SiteContentPlaceHolder_FormView1_tbxUS_POC_ORGANIZATION"",""ctl00_SiteContentPlaceHolder_FormView1_cbxUS_POC_ORG_NA_IND""]","[""/GenNIV/General/complete/complete_uscontact.aspx""]",[],historical_exact,[],historical_exact_selector_snapshot,ds160-field-control-audit-2026-09-22.json
us_contact_relationship,US Point of Contact,8,historical_exact_baseline,historical_exact,exact,false,select,select,,[],/GenNIV/General/complete/complete_uscontact.aspx,"[""ctl00_SiteContentPlaceHolder_FormView1_ddlUS_POC_REL_TO_APP""]","[""/GenNIV/General/complete/complete_uscontact.aspx""]",[],historical_exact,[],historical_exact_selector_snapshot,ds160-field-control-audit-2026-09-22.json
us_contact_address_street1,US Point of Contact,8,historical_exact_baseline,historical_exact,exact,false,text,text,40,[],/GenNIV/General/complete/complete_uscontact.aspx,"[""ctl00_SiteContentPlaceHolder_FormView1_tbxUS_POC_ADDR_LN1""]","[""/GenNIV/General/complete/complete_uscontact.aspx""]",[],historical_exact,[],historical_exact_selector_snapshot,ds160-field-control-audit-2026-09-22.json
us_contact_address_street2,US Point of Contact,8,historical_exact_baseline,historical_exact,exact,false,text,text,40,[],/GenNIV/General/complete/complete_uscontact.aspx,"[""ctl00_SiteContentPlaceHolder_FormView1_tbxUS_POC_ADDR_LN2""]","[""/GenNIV/General/complete/complete_uscontact.aspx""]",[],historical_exact,[],historical_exact_selector_snapshot,ds160-field-control-audit-2026-09-22.json
us_contact_city,US Point of Contact,8,historical_exact_baseline,historical_exact,exact,false,text,text,20,[],/GenNIV/General/complete/complete_uscontact.aspx,"[""ctl00_SiteContentPlaceHolder_FormView1_tbxUS_POC_ADDR_CITY""]","[""/GenNIV/General/complete/complete_uscontact.aspx""]",[],historical_exact,[],historical_exact_selector_snapshot,ds160-field-control-audit-2026-09-22.json
us_contact_state,US Point of Contact,8,historical_exact_baseline,historical_exact,exact,false,select,select,,[],/GenNIV/General/complete/complete_uscontact.aspx,"[""ctl00_SiteContentPlaceHolder_FormView1_ddlUS_POC_ADDR_STATE""]","[""/GenNIV/General/complete/complete_uscontact.aspx""]",[],historical_exact,[],historical_exact_selector_snapshot,ds160-field-control-audit-2026-09-22.json
us_contact_zip,US Point of Contact,8,historical_exact_baseline,historical_exact,exact,false,text,text,10,[],/GenNIV/General/complete/complete_uscontact.aspx,"[""ctl00_SiteContentPlaceHolder_FormView1_tbxUS_POC_ADDR_POSTAL_CD""]","[""/GenNIV/General/complete/complete_uscontact.aspx""]",[],historical_exact,[],historical_exact_selector_snapshot,ds160-field-control-audit-2026-09-22.json
us_contact_phone,US Point of Contact,8,historical_exact_baseline,historical_exact,exact,false,text,text,15,[],/GenNIV/General/complete/complete_uscontact.aspx,"[""ctl00_SiteContentPlaceHolder_FormView1_tbxUS_POC_HOME_TEL""]","[""/GenNIV/General/complete/complete_uscontact.aspx""]",[],historical_exact,[],historical_exact_selector_snapshot,ds160-field-control-audit-2026-09-22.json
us_contact_email,US Point of Contact,8,historical_exact_baseline,historical_exact,exact,false,text,text,50,[],/GenNIV/General/complete/complete_uscontact.aspx,"[""ctl00_SiteContentPlaceHolder_FormView1_tbxUS_POC_EMAIL_ADDR"",""ctl00_SiteContentPlaceHolder_FormView1_cbexUS_POC_EMAIL_ADDR_NA""]","[""/GenNIV/General/complete/complete_uscontact.aspx""]",[],historical_exact,[],historical_exact_selector_snapshot,ds160-field-control-audit-2026-09-22.json
primary_occupation,Work/Education/Training: Present,14,historical_exact_baseline,historical_exact,exact,false,select,select,,[],/GenNIV/General/complete/complete_workeducation1.aspx,"[""ctl00_SiteContentPlaceHolder_FormView1_ddlPresentOccupation""]","[""/GenNIV/General/complete/complete_workeducation1.aspx""]",[],historical_exact,[],historical_exact_selector_snapshot,ds160-field-control-audit-2026-09-22.json
employer_name,Work/Education/Training: Present,14,historical_exact_baseline,historical_exact,exact,false,text,text,75,[],/GenNIV/General/complete/complete_workeducation1.aspx,"[""ctl00_SiteContentPlaceHolder_FormView1_tbxEmpSchName""]","[""/GenNIV/General/complete/complete_workeducation1.aspx""]",[],historical_exact,[],historical_exact_selector_snapshot,ds160-field-control-audit-2026-09-22.json
employer_address_line1,Work/Education/Training: Present,14,historical_exact_baseline,historical_exact,exact,false,text,text,40,[],/GenNIV/General/complete/complete_workeducation1.aspx,"[""ctl00_SiteContentPlaceHolder_FormView1_tbxEmpSchAddr1""]","[""/GenNIV/General/complete/complete_workeducation1.aspx""]",[],historical_exact,[],historical_exact_selector_snapshot,ds160-field-control-audit-2026-09-22.json
employer_address_line2,Work/Education/Training: Present,14,historical_exact_baseline,historical_exact,exact,false,text,text,40,[],/GenNIV/General/complete/complete_workeducation1.aspx,"[""ctl00_SiteContentPlaceHolder_FormView1_tbxEmpSchAddr2""]","[""/GenNIV/General/complete/complete_workeducation1.aspx""]",[],historical_exact,[],historical_exact_selector_snapshot,ds160-field-control-audit-2026-09-22.json
employer_city,Work/Education/Training: Present,14,historical_exact_baseline,historical_exact,exact,false,text,text,20,[],/GenNIV/General/complete/complete_workeducation1.aspx,"[""ctl00_SiteContentPlaceHolder_FormView1_tbxEmpSchCity""]","[""/GenNIV/General/complete/complete_workeducation1.aspx""]",[],historical_exact,[],historical_exact_selector_snapshot,ds160-field-control-audit-2026-09-22.json
employer_state_province,Work/Education/Training: Present,14,historical_exact_baseline,historical_exact,exact,false,text,text,20,[],/GenNIV/General/complete/complete_workeducation1.aspx,"[""ctl00_SiteContentPlaceHolder_FormView1_tbxWORK_EDUC_ADDR_STATE"",""ctl00_SiteContentPlaceHolder_FormView1_cbxWORK_EDUC_ADDR_STATE_NA""]","[""/GenNIV/General/complete/complete_workeducation1.aspx""]",[],historical_exact,[],historical_exact_selector_snapshot,ds160-field-control-audit-2026-09-22.json
employer_postal_code,Work/Education/Training: Present,14,historical_exact_baseline,historical_exact,exact,false,text,text,10,[],/GenNIV/General/complete/complete_workeducation1.aspx,"[""ctl00_SiteContentPlaceHolder_FormView1_tbxWORK_EDUC_ADDR_POSTAL_CD"",""ctl00_SiteContentPlaceHolder_FormView1_cbxWORK_EDUC_ADDR_POSTAL_CD_NA""]","[""/GenNIV/General/complete/complete_workeducation1.aspx""]",[],historical_exact,[],historical_exact_selector_snapshot,ds160-field-control-audit-2026-09-22.json
employer_country,Work/Education/Training: Present,14,historical_exact_baseline,historical_exact,exact,false,select,select,,[],/GenNIV/General/complete/complete_workeducation1.aspx,"[""ctl00_SiteContentPlaceHolder_FormView1_ddlEmpSchCountry""]","[""/GenNIV/General/complete/complete_workeducation1.aspx""]",[],historical_exact,[],historical_exact_selector_snapshot,ds160-field-control-audit-2026-09-22.json
employer_phone,Work/Education/Training: Present,14,historical_exact_baseline,historical_exact,exact,false,text,text,15,[],/GenNIV/General/complete/complete_workeducation1.aspx,"[""ctl00_SiteContentPlaceHolder_FormView1_tbxWORK_EDUC_TEL""]","[""/GenNIV/General/complete/complete_workeducation1.aspx""]",[],historical_exact,[],historical_exact_selector_snapshot,ds160-field-control-audit-2026-09-22.json
employment_start_date,Work/Education/Training: Present,14,historical_exact_baseline,historical_exact,exact,false,date,date,,[],/GenNIV/General/complete/complete_workeducation1.aspx,"[""ctl00_SiteContentPlaceHolder_FormView1_ddlEmpDateFromDay"",""ctl00_SiteContentPlaceHolder_FormView1_ddlEmpDateFromMonth"",""ctl00_SiteContentPlaceHolder_FormView1_tbxEmpDateFromYear""]","[""/GenNIV/General/complete/complete_workeducation1.aspx""]",[],historical_exact,[],historical_exact_selector_snapshot,ds160-field-control-audit-2026-09-22.json
monthly_salary,Work/Education/Training: Present,14,historical_exact_baseline,historical_exact,exact,false,text,text,15,[],/GenNIV/General/complete/complete_workeducation1.aspx,"[""ctl00_SiteContentPlaceHolder_FormView1_tbxCURR_MONTHLY_SALARY"",""ctl00_SiteContentPlaceHolder_FormView1_cbxCURR_MONTHLY_SALARY_NA""]","[""/GenNIV/General/complete/complete_workeducation1.aspx""]",[],historical_exact,[],historical_exact_selector_snapshot,ds160-field-control-audit-2026-09-22.json
job_duties,Work/Education/Training: Present,14,historical_exact_baseline,historical_exact,exact,false,textarea,textarea,4000,[],/GenNIV/General/complete/complete_workeducation1.aspx,"[""ctl00_SiteContentPlaceHolder_FormView1_tbxDescribeDuties""]","[""/GenNIV/General/complete/complete_workeducation1.aspx""]",[],historical_exact,[],historical_exact_selector_snapshot,ds160-field-control-audit-2026-09-22.json
has_previous_employer,Work/Education/Training: Previous,15,historical_exact_baseline,historical_exact,exact,false,radio,radio,,[],/GenNIV/General/complete/complete_workeducation2.aspx,"[""ctl00_SiteContentPlaceHolder_FormView1_rblPreviouslyEmployed_0"",""ctl00_SiteContentPlaceHolder_FormView1_rblPreviouslyEmployed_1""]","[""/GenNIV/General/complete/complete_workeducation2.aspx""]",[],historical_exact,[],historical_exact_selector_snapshot,ds160-field-control-audit-2026-09-22.json
prev_employer_name,Work/Education/Training: Previous,15,historical_exact_baseline,historical_exact,exact,false,text,text,75,[],/GenNIV/General/complete/complete_workeducation2.aspx,"[""ctl00_SiteContentPlaceHolder_FormView1_dtlPrevEmpl_ctl00_tbEmployerName"",""ctl00_SiteContentPlaceHolder_FormView1_dtlPrevEmpl_ctl01_tbEmployerName""]","[""/GenNIV/General/complete/complete_workeducation2.aspx""]",[],historical_exact,[],historical_exact_selector_snapshot,ds160-field-control-audit-2026-09-22.json
has_attended_education,Work/Education/Training: Previous,15,historical_exact_baseline,historical_exact,exact,false,radio,radio,,[],/GenNIV/General/complete/complete_workeducation2.aspx,"[""ctl00_SiteContentPlaceHolder_FormView1_rblOtherEduc_0"",""ctl00_SiteContentPlaceHolder_FormView1_rblOtherEduc_1""]","[""/GenNIV/General/complete/complete_workeducation2.aspx""]",[],historical_exact,[],historical_exact_selector_snapshot,ds160-field-control-audit-2026-09-22.json
education_institution_name,Work/Education/Training: Previous,15,historical_exact_baseline,historical_exact,exact,false,text,text,75,[],/GenNIV/General/complete/complete_workeducation2.aspx,"[""ctl00_SiteContentPlaceHolder_FormView1_dtlPrevEduc_ctl00_tbxSchoolName"",""ctl00_SiteContentPlaceHolder_FormView1_dtlPrevEduc_ctl01_tbxSchoolName""]","[""/GenNIV/General/complete/complete_workeducation2.aspx""]",[],historical_exact,[],historical_exact_selector_snapshot,ds160-field-control-audit-2026-09-22.json
education_address_line1,Work/Education/Training: Previous,15,historical_exact_baseline,historical_exact,exact,false,text,text,40,[],/GenNIV/General/complete/complete_workeducation2.aspx,"[""ctl00_SiteContentPlaceHolder_FormView1_dtlPrevEduc_ctl00_tbxSchoolAddr1"",""ctl00_SiteContentPlaceHolder_FormView1_dtlPrevEduc_ctl01_tbxSchoolAddr1""]","[""/GenNIV/General/complete/complete_workeducation2.aspx""]",[],historical_exact,[],historical_exact_selector_snapshot,ds160-field-control-audit-2026-09-22.json
education_address_line2,Work/Education/Training: Previous,15,historical_exact_baseline,historical_exact,exact,false,text,text,40,[],/GenNIV/General/complete/complete_workeducation2.aspx,"[""ctl00_SiteContentPlaceHolder_FormView1_dtlPrevEduc_ctl00_tbxSchoolAddr2"",""ctl00_SiteContentPlaceHolder_FormView1_dtlPrevEduc_ctl01_tbxSchoolAddr2""]","[""/GenNIV/General/complete/complete_workeducation2.aspx""]",[],historical_exact,[],historical_exact_selector_snapshot,ds160-field-control-audit-2026-09-22.json
education_city,Work/Education/Training: Previous,15,historical_exact_baseline,historical_exact,exact,false,text,text,20,[],/GenNIV/General/complete/complete_workeducation2.aspx,"[""ctl00_SiteContentPlaceHolder_FormView1_dtlPrevEduc_ctl00_tbxSchoolCity"",""ctl00_SiteContentPlaceHolder_FormView1_dtlPrevEduc_ctl01_tbxSchoolCity""]","[""/GenNIV/General/complete/complete_workeducation2.aspx""]",[],historical_exact,[],historical_exact_selector_snapshot,ds160-field-control-audit-2026-09-22.json
education_state_province,Work/Education/Training: Previous,15,historical_exact_baseline,historical_exact,exact,false,text,text,20,[],/GenNIV/General/complete/complete_workeducation2.aspx,"[""ctl00_SiteContentPlaceHolder_FormView1_dtlPrevEduc_ctl00_tbxEDUC_INST_ADDR_STATE"",""ctl00_SiteContentPlaceHolder_FormView1_dtlPrevEduc_ctl01_tbxEDUC_INST_ADDR_STATE"",""ctl00_SiteContentPlaceHolder_FormView1_dtlPrevEduc_ctl00_cbxEDUC_INST_ADDR_STATE_NA"",""ctl00_SiteContentPlaceHolder_FormView1_dtlPrevEduc_ctl01_cbxEDUC_INST_ADDR_STATE_NA""]","[""/GenNIV/General/complete/complete_workeducation2.aspx""]",[],historical_exact,[],historical_exact_selector_snapshot,ds160-field-control-audit-2026-09-22.json
education_postal_code,Work/Education/Training: Previous,15,historical_exact_baseline,historical_exact,exact,false,text,text,10,[],/GenNIV/General/complete/complete_workeducation2.aspx,"[""ctl00_SiteContentPlaceHolder_FormView1_dtlPrevEduc_ctl00_tbxEDUC_INST_POSTAL_CD"",""ctl00_SiteContentPlaceHolder_FormView1_dtlPrevEduc_ctl01_tbxEDUC_INST_POSTAL_CD"",""ctl00_SiteContentPlaceHolder_FormView1_dtlPrevEduc_ctl00_cbxEDUC_INST_POSTAL_CD_NA"",""ctl00_SiteContentPlaceHolder_FormView1_dtlPrevEduc_ctl01_cbxEDUC_INST_POSTAL_CD_NA""]","[""/GenNIV/General/complete/complete_workeducation2.aspx""]",[],historical_exact,[],historical_exact_selector_snapshot,ds160-field-control-audit-2026-09-22.json
education_country,Work/Education/Training: Previous,15,historical_exact_baseline,historical_exact,exact,false,select,select,,[],/GenNIV/General/complete/complete_workeducation2.aspx,"[""ctl00_SiteContentPlaceHolder_FormView1_dtlPrevEduc_ctl00_ddlSchoolCountry"",""ctl00_SiteContentPlaceHolder_FormView1_dtlPrevEduc_ctl01_ddlSchoolCountry""]","[""/GenNIV/General/complete/complete_workeducation2.aspx""]",[],historical_exact,[],historical_exact_selector_snapshot,ds160-field-control-audit-2026-09-22.json
education_course_of_study,Work/Education/Training: Previous,15,historical_exact_baseline,historical_exact,exact,false,text,text,66,[],/GenNIV/General/complete/complete_workeducation2.aspx,"[""ctl00_SiteContentPlaceHolder_FormView1_dtlPrevEduc_ctl00_tbxSchoolCourseOfStudy"",""ctl00_SiteContentPlaceHolder_FormView1_dtlPrevEduc_ctl01_tbxSchoolCourseOfStudy""]","[""/GenNIV/General/complete/complete_workeducation2.aspx""]",[],historical_exact,[],historical_exact_selector_snapshot,ds160-field-control-audit-2026-09-22.json
education_start_date,Work/Education/Training: Previous,15,historical_exact_baseline,historical_exact,exact,false,date,date,,[],/GenNIV/General/complete/complete_workeducation2.aspx,"[""ctl00_SiteContentPlaceHolder_FormView1_dtlPrevEduc_ctl00_ddlSchoolFromDay"",""ctl00_SiteContentPlaceHolder_FormView1_dtlPrevEduc_ctl01_ddlSchoolFromDay"",""ctl00_SiteContentPlaceHolder_FormView1_dtlPrevEduc_ctl00_ddlSchoolFromMonth"",""ctl00_SiteContentPlaceHolder_FormView1_dtlPrevEduc_ctl01_ddlSchoolFromMonth"",""ctl00_SiteContentPlaceHolder_FormView1_dtlPrevEduc_ctl00_tbxSchoolFromYear"",""ctl00_SiteContentPlaceHolder_FormView1_dtlPrevEduc_ctl01_tbxSchoolFromYear""]","[""/GenNIV/General/complete/complete_workeducation2.aspx""]",[],historical_exact,[],historical_exact_selector_snapshot,ds160-field-control-audit-2026-09-22.json
education_end_date,Work/Education/Training: Previous,15,historical_exact_baseline,historical_exact,exact,false,date,date,,[],/GenNIV/General/complete/complete_workeducation2.aspx,"[""ctl00_SiteContentPlaceHolder_FormView1_dtlPrevEduc_ctl00_ddlSchoolToDay"",""ctl00_SiteContentPlaceHolder_FormView1_dtlPrevEduc_ctl01_ddlSchoolToDay"",""ctl00_SiteContentPlaceHolder_FormView1_dtlPrevEduc_ctl00_ddlSchoolToMonth"",""ctl00_SiteContentPlaceHolder_FormView1_dtlPrevEduc_ctl01_ddlSchoolToMonth"",""ctl00_SiteContentPlaceHolder_FormView1_dtlPrevEduc_ctl00_tbxSchoolToYear"",""ctl00_SiteContentPlaceHolder_FormView1_dtlPrevEduc_ctl01_tbxSchoolToYear""]","[""/GenNIV/General/complete/complete_workeducation2.aspx""]",[],historical_exact,[],historical_exact_selector_snapshot,ds160-field-control-audit-2026-09-22.json
has_clan_tribe,Work/Education/Training: Additional,16,historical_exact_baseline,historical_exact,exact,false,radio,radio,,[],/GenNIV/General/complete/complete_workeducation3.aspx,"[""ctl00_SiteContentPlaceHolder_FormView1_rblCLAN_TRIBE_IND_0"",""ctl00_SiteContentPlaceHolder_FormView1_rblCLAN_TRIBE_IND_1""]","[""/GenNIV/General/complete/complete_workeducation3.aspx""]",[],historical_exact,[],historical_exact_selector_snapshot,ds160-field-control-audit-2026-09-22.json
clan_tribe_name,Work/Education/Training: Additional,16,historical_exact_baseline,historical_exact,exact,false,text,text,80,[],/GenNIV/General/complete/complete_workeducation3.aspx,"[""ctl00_SiteContentPlaceHolder_FormView1_tbxCLAN_TRIBE_NAME""]","[""/GenNIV/General/complete/complete_workeducation3.aspx""]",[],historical_exact,[],historical_exact_selector_snapshot,ds160-field-control-audit-2026-09-22.json
language_name,Work/Education/Training: Additional,16,historical_exact_baseline,historical_exact,exact,false,text,text,66,[],/GenNIV/General/complete/complete_workeducation3.aspx,"[""ctl00_SiteContentPlaceHolder_FormView1_dtlLANGUAGES_ctl00_tbxLANGUAGE_NAME"",""ctl00_SiteContentPlaceHolder_FormView1_dtlLANGUAGES_ctl01_tbxLANGUAGE_NAME"",""ctl00_SiteContentPlaceHolder_FormView1_dtlLANGUAGES_ctl02_tbxLANGUAGE_NAME"",""ctl00_SiteContentPlaceHolder_FormView1_dtlLANGUAGES_ctl03_tbxLANGUAGE_NAME"",""ctl00_SiteContentPlaceHolder_FormView1_dtlLANGUAGES_ctl04_tbxLANGUAGE_NAME"",""ctl00_SiteContentPlaceHolder_FormView1_dtlLANGUAGES_ctl05_tbxLANGUAGE_NAME"",""ctl00_SiteContentPlaceHolder_FormView1_dtlLANGUAGES_ctl06_tbxLANGUAGE_NAME"",""ctl00_SiteContentPlaceHolder_FormView1_dtlLANGUAGES_ctl07_tbxLANGUAGE_NAME"",""ctl00_SiteContentPlaceHolder_FormView1_dtlLANGUAGES_ctl08_tbxLANGUAGE_NAME"",""ctl00_SiteContentPlaceHolder_FormView1_dtlLANGUAGES_ctl09_tbxLANGUAGE_NAME"",""ctl00_SiteContentPlaceHolder_FormView1_dtlLANGUAGES_ctl10_tbxLANGUAGE_NAME"",""ctl00_SiteContentPlaceHolder_FormView1_dtlLANGUAGES_ctl11_tbxLANGUAGE_NAME"",""ctl00_SiteContentPlaceHolder_FormView1_dtlLANGUAGES_ctl12_tbxLANGUAGE_NAME"",""ctl00_SiteContentPlaceHolder_FormView1_dtlLANGUAGES_ctl13_tbxLANGUAGE_NAME"",""ctl00_SiteContentPlaceHolder_FormView1_dtlLANGUAGES_ctl14_tbxLANGUAGE_NAME"",""ctl00_SiteContentPlaceHolder_FormView1_dtlLANGUAGES_ctl15_tbxLANGUAGE_NAME"",""ctl00_SiteContentPlaceHolder_FormView1_dtlLANGUAGES_ctl16_tbxLANGUAGE_NAME"",""ctl00_SiteContentPlaceHolder_FormView1_dtlLANGUAGES_ctl17_tbxLANGUAGE_NAME"",""ctl00_SiteContentPlaceHolder_FormView1_dtlLANGUAGES_ctl18_tbxLANGUAGE_NAME"",""ctl00_SiteContentPlaceHolder_FormView1_dtlLANGUAGES_ctl19_tbxLANGUAGE_NAME"",""ctl00_SiteContentPlaceHolder_FormView1_dtlLANGUAGES_ctl20_tbxLANGUAGE_NAME"",""ctl00_SiteContentPlaceHolder_FormView1_dtlLANGUAGES_ctl21_tbxLANGUAGE_NAME"",""ctl00_SiteContentPlaceHolder_FormView1_dtlLANGUAGES_ctl22_tbxLANGUAGE_NAME"",""ctl00_SiteContentPlaceHolder_FormView1_dtlLANGUAGES_ctl23_tbxLANGUAGE_NAME"",""ctl00_SiteContentPlaceHolder_FormView1_dtlLANGUAGES_ctl24_tbxLANGUAGE_NAME"",""ctl00_SiteContentPlaceHolder_FormView1_dtlLANGUAGES_ctl25_tbxLANGUAGE_NAME"",""ctl00_SiteContentPlaceHolder_FormView1_dtlLANGUAGES_ctl26_tbxLANGUAGE_NAME"",""ctl00_SiteContentPlaceHolder_FormView1_dtlLANGUAGES_ctl27_tbxLANGUAGE_NAME"",""ctl00_SiteContentPlaceHolder_FormView1_dtlLANGUAGES_ctl28_tbxLANGUAGE_NAME"",""ctl00_SiteContentPlaceHolder_FormView1_dtlLANGUAGES_ctl29_tbxLANGUAGE_NAME"",""ctl00_SiteContentPlaceHolder_FormView1_dtlLANGUAGES_ctl30_tbxLANGUAGE_NAME"",""ctl00_SiteContentPlaceHolder_FormView1_dtlLANGUAGES_ctl31_tbxLANGUAGE_NAME"",""ctl00_SiteContentPlaceHolder_FormView1_dtlLANGUAGES_ctl32_tbxLANGUAGE_NAME"",""ctl00_SiteContentPlaceHolder_FormView1_dtlLANGUAGES_ctl33_tbxLANGUAGE_NAME"",""ctl00_SiteContentPlaceHolder_FormView1_dtlLANGUAGES_ctl34_tbxLANGUAGE_NAME"",""ctl00_SiteContentPlaceHolder_FormView1_dtlLANGUAGES_ctl35_tbxLANGUAGE_NAME"",""ctl00_SiteContentPlaceHolder_FormView1_dtlLANGUAGES_ctl36_tbxLANGUAGE_NAME"",""ctl00_SiteContentPlaceHolder_FormView1_dtlLANGUAGES_ctl37_tbxLANGUAGE_NAME"",""ctl00_SiteContentPlaceHolder_FormView1_dtlLANGUAGES_ctl38_tbxLANGUAGE_NAME"",""ctl00_SiteContentPlaceHolder_FormView1_dtlLANGUAGES_ctl39_tbxLANGUAGE_NAME"",""ctl00_SiteContentPlaceHolder_FormView1_dtlLANGUAGES_ctl40_tbxLANGUAGE_NAME"",""ctl00_SiteContentPlaceHolder_FormView1_dtlLANGUAGES_ctl41_tbxLANGUAGE_NAME"",""ctl00_SiteContentPlaceHolder_FormView1_dtlLANGUAGES_ctl42_tbxLANGUAGE_NAME"",""ctl00_SiteContentPlaceHolder_FormView1_dtlLANGUAGES_ctl43_tbxLANGUAGE_NAME"",""ctl00_SiteContentPlaceHolder_FormView1_dtlLANGUAGES_ctl44_tbxLANGUAGE_NAME"",""ctl00_SiteContentPlaceHolder_FormView1_dtlLANGUAGES_ctl45_tbxLANGUAGE_NAME"",""ctl00_SiteContentPlaceHolder_FormView1_dtlLANGUAGES_ctl46_tbxLANGUAGE_NAME"",""ctl00_SiteContentPlaceHolder_FormView1_dtlLANGUAGES_ctl47_tbxLANGUAGE_NAME"",""ctl00_SiteContentPlaceHolder_FormView1_dtlLANGUAGES_ctl48_tbxLANGUAGE_NAME"",""ctl00_SiteContentPlaceHolder_FormView1_dtlLANGUAGES_ctl49_tbxLANGUAGE_NAME"",""ctl00_SiteContentPlaceHolder_FormView1_dtlLANGUAGES_ctl50_tbxLANGUAGE_NAME""]","[""/GenNIV/General/complete/complete_workeducation3.aspx""]",[],historical_exact,[],historical_exact_selector_snapshot,ds160-field-control-audit-2026-09-22.json
has_traveled_last_five_years,Work/Education/Training: Additional,16,historical_exact_baseline,historical_exact,exact,false,radio,radio,,[],/GenNIV/General/complete/complete_workeducation3.aspx,"[""ctl00_SiteContentPlaceHolder_FormView1_rblCOUNTRIES_VISITED_IND_0"",""ctl00_SiteContentPlaceHolder_FormView1_rblCOUNTRIES_VISITED_IND_1""]","[""/GenNIV/General/complete/complete_workeducation3.aspx""]",[],historical_exact,[],historical_exact_selector_snapshot,ds160-field-control-audit-2026-09-22.json
traveled_country,Work/Education/Training: Additional,16,historical_exact_baseline,historical_exact,exact,false,select,select,,[],/GenNIV/General/complete/complete_workeducation3.aspx,"[""ctl00_SiteContentPlaceHolder_FormView1_dtlCountriesVisited_ctl00_ddlCOUNTRIES_VISITED"",""ctl00_SiteContentPlaceHolder_FormView1_dtlCountriesVisited_ctl01_ddlCOUNTRIES_VISITED"",""ctl00_SiteContentPlaceHolder_FormView1_dtlCountriesVisited_ctl02_ddlCOUNTRIES_VISITED"",""ctl00_SiteContentPlaceHolder_FormView1_dtlCountriesVisited_ctl03_ddlCOUNTRIES_VISITED"",""ctl00_SiteContentPlaceHolder_FormView1_dtlCountriesVisited_ctl04_ddlCOUNTRIES_VISITED"",""ctl00_SiteContentPlaceHolder_FormView1_dtlCountriesVisited_ctl05_ddlCOUNTRIES_VISITED"",""ctl00_SiteContentPlaceHolder_FormView1_dtlCountriesVisited_ctl06_ddlCOUNTRIES_VISITED"",""ctl00_SiteContentPlaceHolder_FormView1_dtlCountriesVisited_ctl07_ddlCOUNTRIES_VISITED"",""ctl00_SiteContentPlaceHolder_FormView1_dtlCountriesVisited_ctl08_ddlCOUNTRIES_VISITED"",""ctl00_SiteContentPlaceHolder_FormView1_dtlCountriesVisited_ctl09_ddlCOUNTRIES_VISITED"",""ctl00_SiteContentPlaceHolder_FormView1_dtlCountriesVisited_ctl10_ddlCOUNTRIES_VISITED"",""ctl00_SiteContentPlaceHolder_FormView1_dtlCountriesVisited_ctl11_ddlCOUNTRIES_VISITED"",""ctl00_SiteContentPlaceHolder_FormView1_dtlCountriesVisited_ctl12_ddlCOUNTRIES_VISITED"",""ctl00_SiteContentPlaceHolder_FormView1_dtlCountriesVisited_ctl13_ddlCOUNTRIES_VISITED"",""ctl00_SiteContentPlaceHolder_FormView1_dtlCountriesVisited_ctl14_ddlCOUNTRIES_VISITED"",""ctl00_SiteContentPlaceHolder_FormView1_dtlCountriesVisited_ctl15_ddlCOUNTRIES_VISITED"",""ctl00_SiteContentPlaceHolder_FormView1_dtlCountriesVisited_ctl16_ddlCOUNTRIES_VISITED"",""ctl00_SiteContentPlaceHolder_FormView1_dtlCountriesVisited_ctl17_ddlCOUNTRIES_VISITED"",""ctl00_SiteContentPlaceHolder_FormView1_dtlCountriesVisited_ctl18_ddlCOUNTRIES_VISITED"",""ctl00_SiteContentPlaceHolder_FormView1_dtlCountriesVisited_ctl19_ddlCOUNTRIES_VISITED"",""ctl00_SiteContentPlaceHolder_FormView1_dtlCountriesVisited_ctl20_ddlCOUNTRIES_VISITED""]","[""/GenNIV/General/complete/complete_workeducation3.aspx""]",[],historical_exact,[],historical_exact_selector_snapshot,ds160-field-control-audit-2026-09-22.json
has_belonged_to_organization,Work/Education/Training: Additional,16,historical_exact_baseline,historical_exact,exact,false,radio,radio,,[],/GenNIV/General/complete/complete_workeducation3.aspx,"[""ctl00_SiteContentPlaceHolder_FormView1_rblORGANIZATION_IND_0"",""ctl00_SiteContentPlaceHolder_FormView1_rblORGANIZATION_IND_1""]","[""/GenNIV/General/complete/complete_workeducation3.aspx""]",[],historical_exact,[],historical_exact_selector_snapshot,ds160-field-control-audit-2026-09-22.json
organization_name,Work/Education/Training: Additional,16,historical_exact_baseline,historical_exact,exact,false,text,text,66,[],/GenNIV/General/complete/complete_workeducation3.aspx,"[""ctl00_SiteContentPlaceHolder_FormView1_dtlORGANIZATIONS_ctl00_tbxORGANIZATION_NAME"",""ctl00_SiteContentPlaceHolder_FormView1_dtlORGANIZATIONS_ctl01_tbxORGANIZATION_NAME""]","[""/GenNIV/General/complete/complete_workeducation3.aspx""]",[],historical_exact,[],historical_exact_selector_snapshot,ds160-field-control-audit-2026-09-22.json
has_specialized_skills,Work/Education/Training: Additional,16,historical_exact_baseline,historical_exact,exact,false,radio,radio,,[],/GenNIV/General/complete/complete_workeducation3.aspx,"[""ctl00_SiteContentPlaceHolder_FormView1_rblSPECIALIZED_SKILLS_IND_0"",""ctl00_SiteContentPlaceHolder_FormView1_rblSPECIALIZED_SKILLS_IND_1""]","[""/GenNIV/General/complete/complete_workeducation3.aspx""]",[],historical_exact,[],historical_exact_selector_snapshot,ds160-field-control-audit-2026-09-22.json
specialized_skills_explain,Work/Education/Training: Additional,16,historical_exact_baseline,historical_exact,exact,false,textarea,textarea,4000,[],/GenNIV/General/complete/complete_workeducation3.aspx,"[""ctl00_SiteContentPlaceHolder_FormView1_tbxSPECIALIZED_SKILLS_EXPL""]","[""/GenNIV/General/complete/complete_workeducation3.aspx""]",[],historical_exact,[],historical_exact_selector_snapshot,ds160-field-control-audit-2026-09-22.json
has_served_military,Work/Education/Training: Additional,16,historical_exact_baseline,historical_exact,exact,false,radio,radio,,[],/GenNIV/General/complete/complete_workeducation3.aspx,"[""ctl00_SiteContentPlaceHolder_FormView1_rblMILITARY_SERVICE_IND_0"",""ctl00_SiteContentPlaceHolder_FormView1_rblMILITARY_SERVICE_IND_1""]","[""/GenNIV/General/complete/complete_workeducation3.aspx""]",[],historical_exact,[],historical_exact_selector_snapshot,ds160-field-control-audit-2026-09-22.json
military_date_from,Work/Education/Training: Additional,16,historical_exact_baseline,historical_exact,exact,false,date,date,,[],/GenNIV/General/complete/complete_workeducation3.aspx,"[""ctl00_SiteContentPlaceHolder_FormView1_dtlMILITARY_SERVICE_ctl00_ddlMILITARY_SVC_FROMDay"",""ctl00_SiteContentPlaceHolder_FormView1_dtlMILITARY_SERVICE_ctl01_ddlMILITARY_SVC_FROMDay"",""ctl00_SiteContentPlaceHolder_FormView1_dtlMILITARY_SERVICE_ctl02_ddlMILITARY_SVC_FROMDay"",""ctl00_SiteContentPlaceHolder_FormView1_dtlMILITARY_SERVICE_ctl03_ddlMILITARY_SVC_FROMDay"",""ctl00_SiteContentPlaceHolder_FormView1_dtlMILITARY_SERVICE_ctl04_ddlMILITARY_SVC_FROMDay"",""ctl00_SiteContentPlaceHolder_FormView1_dtlMILITARY_SERVICE_ctl05_ddlMILITARY_SVC_FROMDay"",""ctl00_SiteContentPlaceHolder_FormView1_dtlMILITARY_SERVICE_ctl00_ddlMILITARY_SVC_FROMMonth"",""ctl00_SiteContentPlaceHolder_FormView1_dtlMILITARY_SERVICE_ctl01_ddlMILITARY_SVC_FROMMonth"",""ctl00_SiteContentPlaceHolder_FormView1_dtlMILITARY_SERVICE_ctl02_ddlMILITARY_SVC_FROMMonth"",""ctl00_SiteContentPlaceHolder_FormView1_dtlMILITARY_SERVICE_ctl03_ddlMILITARY_SVC_FROMMonth"",""ctl00_SiteContentPlaceHolder_FormView1_dtlMILITARY_SERVICE_ctl04_ddlMILITARY_SVC_FROMMonth"",""ctl00_SiteContentPlaceHolder_FormView1_dtlMILITARY_SERVICE_ctl05_ddlMILITARY_SVC_FROMMonth"",""ctl00_SiteContentPlaceHolder_FormView1_dtlMILITARY_SERVICE_ctl00_tbxMILITARY_SVC_FROMYear"",""ctl00_SiteContentPlaceHolder_FormView1_dtlMILITARY_SERVICE_ctl01_tbxMILITARY_SVC_FROMYear"",""ctl00_SiteContentPlaceHolder_FormView1_dtlMILITARY_SERVICE_ctl02_tbxMILITARY_SVC_FROMYear"",""ctl00_SiteContentPlaceHolder_FormView1_dtlMILITARY_SERVICE_ctl03_tbxMILITARY_SVC_FROMYear"",""ctl00_SiteContentPlaceHolder_FormView1_dtlMILITARY_SERVICE_ctl04_tbxMILITARY_SVC_FROMYear"",""ctl00_SiteContentPlaceHolder_FormView1_dtlMILITARY_SERVICE_ctl05_tbxMILITARY_SVC_FROMYear""]","[""/GenNIV/General/complete/complete_workeducation3.aspx""]",[],historical_exact,[],historical_exact_selector_snapshot,ds160-field-control-audit-2026-09-22.json
military_date_to,Work/Education/Training: Additional,16,historical_exact_baseline,historical_exact,exact,false,date,date,,[],/GenNIV/General/complete/complete_workeducation3.aspx,"[""ctl00_SiteContentPlaceHolder_FormView1_dtlMILITARY_SERVICE_ctl00_ddlMILITARY_SVC_TODay"",""ctl00_SiteContentPlaceHolder_FormView1_dtlMILITARY_SERVICE_ctl01_ddlMILITARY_SVC_TODay"",""ctl00_SiteContentPlaceHolder_FormView1_dtlMILITARY_SERVICE_ctl02_ddlMILITARY_SVC_TODay"",""ctl00_SiteContentPlaceHolder_FormView1_dtlMILITARY_SERVICE_ctl03_ddlMILITARY_SVC_TODay"",""ctl00_SiteContentPlaceHolder_FormView1_dtlMILITARY_SERVICE_ctl04_ddlMILITARY_SVC_TODay"",""ctl00_SiteContentPlaceHolder_FormView1_dtlMILITARY_SERVICE_ctl05_ddlMILITARY_SVC_TODay"",""ctl00_SiteContentPlaceHolder_FormView1_dtlMILITARY_SERVICE_ctl00_ddlMILITARY_SVC_TOMonth"",""ctl00_SiteContentPlaceHolder_FormView1_dtlMILITARY_SERVICE_ctl01_ddlMILITARY_SVC_TOMonth"",""ctl00_SiteContentPlaceHolder_FormView1_dtlMILITARY_SERVICE_ctl02_ddlMILITARY_SVC_TOMonth"",""ctl00_SiteContentPlaceHolder_FormView1_dtlMILITARY_SERVICE_ctl03_ddlMILITARY_SVC_TOMonth"",""ctl00_SiteContentPlaceHolder_FormView1_dtlMILITARY_SERVICE_ctl04_ddlMILITARY_SVC_TOMonth"",""ctl00_SiteContentPlaceHolder_FormView1_dtlMILITARY_SERVICE_ctl05_ddlMILITARY_SVC_TOMonth"",""ctl00_SiteContentPlaceHolder_FormView1_dtlMILITARY_SERVICE_ctl00_tbxMILITARY_SVC_TOYear"",""ctl00_SiteContentPlaceHolder_FormView1_dtlMILITARY_SERVICE_ctl01_tbxMILITARY_SVC_TOYear"",""ctl00_SiteContentPlaceHolder_FormView1_dtlMILITARY_SERVICE_ctl02_tbxMILITARY_SVC_TOYear"",""ctl00_SiteContentPlaceHolder_FormView1_dtlMILITARY_SERVICE_ctl03_tbxMILITARY_SVC_TOYear"",""ctl00_SiteContentPlaceHolder_FormView1_dtlMILITARY_SERVICE_ctl04_tbxMILITARY_SVC_TOYear"",""ctl00_SiteContentPlaceHolder_FormView1_dtlMILITARY_SERVICE_ctl05_tbxMILITARY_SVC_TOYear""]","[""/GenNIV/General/complete/complete_workeducation3.aspx""]",[],historical_exact,[],historical_exact_selector_snapshot,ds160-field-control-audit-2026-09-22.json
has_served_paramilitary,Work/Education/Training: Additional,16,historical_exact_baseline,historical_exact,exact,false,radio,radio,,[],/GenNIV/General/complete/complete_workeducation3.aspx,"[""ctl00_SiteContentPlaceHolder_FormView1_rblINSURGENT_ORG_IND_0"",""ctl00_SiteContentPlaceHolder_FormView1_rblINSURGENT_ORG_IND_1""]","[""/GenNIV/General/complete/complete_workeducation3.aspx""]",[],historical_exact,[],historical_exact_selector_snapshot,ds160-field-control-audit-2026-09-22.json
vwp_denial,Previous U.S. Travel,5,historical_exact_baseline,historical_exact,exact,false,radio,radio,,[],/GenNIV/General/complete/complete_previousustravel.aspx,"[""ctl00_SiteContentPlaceHolder_FormView1_rblVWP_DENIAL_IND_0"",""ctl00_SiteContentPlaceHolder_FormView1_rblVWP_DENIAL_IND_1""]","[""/GenNIV/General/complete/complete_previousustravel.aspx""]",[],historical_exact,[],historical_exact_selector_snapshot,ds160-field-control-audit-2026-09-22.json
vwp_denial_explain,Previous U.S. Travel,5,historical_exact_baseline,historical_exact,exact,false,textarea,textarea,4000,[],/GenNIV/General/complete/complete_previousustravel.aspx,"[""ctl00_SiteContentPlaceHolder_FormView1_tbxVWP_DENIAL_EXPL""]","[""/GenNIV/General/complete/complete_previousustravel.aspx""]",[],historical_exact,[],historical_exact_selector_snapshot,ds160-field-control-audit-2026-09-22.json
father_in_us,Family Information: Relatives,9,historical_exact_baseline,historical_exact,exact,false,radio,radio,,[],/GenNIV/General/complete/complete_family1.aspx,"[""ctl00_SiteContentPlaceHolder_FormView1_rblFATHER_LIVE_IN_US_IND_0"",""ctl00_SiteContentPlaceHolder_FormView1_rblFATHER_LIVE_IN_US_IND_1""]","[""/GenNIV/General/complete/complete_family1.aspx""]",[],historical_exact,[],historical_exact_selector_snapshot,ds160-field-control-audit-2026-09-22.json
mother_in_us,Family Information: Relatives,9,historical_exact_baseline,historical_exact,exact,false,radio,radio,,[],/GenNIV/General/complete/complete_family1.aspx,"[""ctl00_SiteContentPlaceHolder_FormView1_rblMOTHER_LIVE_IN_US_IND_0"",""ctl00_SiteContentPlaceHolder_FormView1_rblMOTHER_LIVE_IN_US_IND_1""]","[""/GenNIV/General/complete/complete_family1.aspx""]",[],historical_exact,[],historical_exact_selector_snapshot,ds160-field-control-audit-2026-09-22.json
has_communicable_disease,Security and Background: Part 1,17,historical_exact_baseline,historical_exact,exact,false,radio,radio,,[],/GenNIV/General/complete/complete_securityandbackground1.aspx,"[""ctl00_SiteContentPlaceHolder_FormView1_rblDisease_0"",""ctl00_SiteContentPlaceHolder_FormView1_rblDisease_1""]","[""/GenNIV/General/complete/complete_securityandbackground1.aspx""]",[],historical_exact,[],historical_exact_selector_snapshot,ds160-field-control-audit-2026-09-22.json
has_physical_mental_disorder,Security and Background: Part 1,17,historical_exact_baseline,historical_exact,exact,false,radio,radio,,[],/GenNIV/General/complete/complete_securityandbackground1.aspx,"[""ctl00_SiteContentPlaceHolder_FormView1_rblDisorder_0"",""ctl00_SiteContentPlaceHolder_FormView1_rblDisorder_1""]","[""/GenNIV/General/complete/complete_securityandbackground1.aspx""]",[],historical_exact,[],historical_exact_selector_snapshot,ds160-field-control-audit-2026-09-22.json
is_drug_abuser,Security and Background: Part 1,17,historical_exact_baseline,historical_exact,exact,false,radio,radio,,[],/GenNIV/General/complete/complete_securityandbackground1.aspx,"[""ctl00_SiteContentPlaceHolder_FormView1_rblDruguser_0"",""ctl00_SiteContentPlaceHolder_FormView1_rblDruguser_1""]","[""/GenNIV/General/complete/complete_securityandbackground1.aspx""]",[],historical_exact,[],historical_exact_selector_snapshot,ds160-field-control-audit-2026-09-22.json
has_arrest_conviction,Security and Background: Part 2,18,historical_exact_baseline,historical_exact,exact,false,radio,radio,,[],/GenNIV/General/complete/complete_securityandbackground2.aspx,"[""ctl00_SiteContentPlaceHolder_FormView1_rblArrested_0"",""ctl00_SiteContentPlaceHolder_FormView1_rblArrested_1""]","[""/GenNIV/General/complete/complete_securityandbackground2.aspx""]",[],historical_exact,[],historical_exact_selector_snapshot,ds160-field-control-audit-2026-09-22.json
has_violated_controlled_substance,Security and Background: Part 2,18,historical_exact_baseline,historical_exact,exact,false,radio,radio,,[],/GenNIV/General/complete/complete_securityandbackground2.aspx,"[""ctl00_SiteContentPlaceHolder_FormView1_rblControlledSubstances_0"",""ctl00_SiteContentPlaceHolder_FormView1_rblControlledSubstances_1""]","[""/GenNIV/General/complete/complete_securityandbackground2.aspx""]",[],historical_exact,[],historical_exact_selector_snapshot,ds160-field-control-audit-2026-09-22.json
has_prostitution,Security and Background: Part 2,18,historical_exact_baseline,historical_exact,exact,false,radio,radio,,[],/GenNIV/General/complete/complete_securityandbackground2.aspx,"[""ctl00_SiteContentPlaceHolder_FormView1_rblProstitution_0"",""ctl00_SiteContentPlaceHolder_FormView1_rblProstitution_1""]","[""/GenNIV/General/complete/complete_securityandbackground2.aspx""]",[],historical_exact,[],historical_exact_selector_snapshot,ds160-field-control-audit-2026-09-22.json
has_money_laundering,Security and Background: Part 2,18,historical_exact_baseline,historical_exact,exact,false,radio,radio,,[],/GenNIV/General/complete/complete_securityandbackground2.aspx,"[""ctl00_SiteContentPlaceHolder_FormView1_rblMoneyLaundering_0"",""ctl00_SiteContentPlaceHolder_FormView1_rblMoneyLaundering_1""]","[""/GenNIV/General/complete/complete_securityandbackground2.aspx""]",[],historical_exact,[],historical_exact_selector_snapshot,ds160-field-control-audit-2026-09-22.json
has_human_trafficking,Security and Background: Part 2,18,historical_exact_baseline,historical_exact,exact,false,radio,radio,,[],/GenNIV/General/complete/complete_securityandbackground2.aspx,"[""ctl00_SiteContentPlaceHolder_FormView1_rblHumanTrafficking_0"",""ctl00_SiteContentPlaceHolder_FormView1_rblHumanTrafficking_1"",""ctl00_SiteContentPlaceHolder_FormView1_rblHumanTraffickingRelated_0"",""ctl00_SiteContentPlaceHolder_FormView1_rblHumanTraffickingRelated_1""]","[""/GenNIV/General/complete/complete_securityandbackground2.aspx""]",[],historical_exact,[],historical_exact_selector_snapshot,ds160-field-control-audit-2026-09-22.json
has_aided_human_trafficking,Security and Background: Part 2,18,historical_exact_baseline,historical_exact,exact,false,radio,radio,,[],/GenNIV/General/complete/complete_securityandbackground2.aspx,"[""ctl00_SiteContentPlaceHolder_FormView1_rblAssistedSevereTrafficking_0"",""ctl00_SiteContentPlaceHolder_FormView1_rblAssistedSevereTrafficking_1""]","[""/GenNIV/General/complete/complete_securityandbackground2.aspx""]",[],historical_exact,[],historical_exact_selector_snapshot,ds160-field-control-audit-2026-09-22.json
has_trafficking_beneficiary,Security and Background: Part 2,18,historical_exact_baseline,historical_exact,exact,false,radio,radio,,[],/GenNIV/General/complete/complete_securityandbackground2.aspx,"[""ctl00_SiteContentPlaceHolder_FormView1_rblHumanTraffickingRelated_0"",""ctl00_SiteContentPlaceHolder_FormView1_rblHumanTraffickingRelated_1""]","[""/GenNIV/General/complete/complete_securityandbackground2.aspx""]",[],historical_exact,[],historical_exact_selector_snapshot,ds160-field-control-audit-2026-09-22.json
intend_illegal_activity,Security and Background: Part 3,19,historical_exact_baseline,historical_exact,exact,false,radio,radio,,[],/GenNIV/General/complete/complete_securityandbackground3.aspx,"[""ctl00_SiteContentPlaceHolder_FormView1_rblIllegalActivity_0"",""ctl00_SiteContentPlaceHolder_FormView1_rblIllegalActivity_1""]","[""/GenNIV/General/complete/complete_securityandbackground3.aspx""]",[],historical_exact,[],historical_exact_selector_snapshot,ds160-field-control-audit-2026-09-22.json
intend_terrorist_activity,Security and Background: Part 3,19,historical_exact_baseline,historical_exact,exact,false,radio,radio,,[],/GenNIV/General/complete/complete_securityandbackground3.aspx,"[""ctl00_SiteContentPlaceHolder_FormView1_rblTerroristActivity_0"",""ctl00_SiteContentPlaceHolder_FormView1_rblTerroristActivity_1""]","[""/GenNIV/General/complete/complete_securityandbackground3.aspx""]",[],historical_exact,[],historical_exact_selector_snapshot,ds160-field-control-audit-2026-09-22.json
has_provided_terrorist_support,Security and Background: Part 3,19,historical_exact_baseline,historical_exact,exact,false,radio,radio,,[],/GenNIV/General/complete/complete_securityandbackground3.aspx,"[""ctl00_SiteContentPlaceHolder_FormView1_rblTerroristSupport_0"",""ctl00_SiteContentPlaceHolder_FormView1_rblTerroristSupport_1""]","[""/GenNIV/General/complete/complete_securityandbackground3.aspx""]",[],historical_exact,[],historical_exact_selector_snapshot,ds160-field-control-audit-2026-09-22.json
is_terrorist_member,Security and Background: Part 3,19,historical_exact_baseline,historical_exact,exact,false,radio,radio,,[],/GenNIV/General/complete/complete_securityandbackground3.aspx,"[""ctl00_SiteContentPlaceHolder_FormView1_rblTerroristOrg_0"",""ctl00_SiteContentPlaceHolder_FormView1_rblTerroristOrg_1""]","[""/GenNIV/General/complete/complete_securityandbackground3.aspx""]",[],historical_exact,[],historical_exact_selector_snapshot,ds160-field-control-audit-2026-09-22.json
is_terrorist_family,Security and Background: Part 3,19,historical_exact_baseline,historical_exact,exact,false,radio,radio,,[],/GenNIV/General/complete/complete_securityandbackground3.aspx,"[""ctl00_SiteContentPlaceHolder_FormView1_rblTerroristRel_0"",""ctl00_SiteContentPlaceHolder_FormView1_rblTerroristRel_1""]","[""/GenNIV/General/complete/complete_securityandbackground3.aspx""]",[],historical_exact,[],historical_exact_selector_snapshot,ds160-field-control-audit-2026-09-22.json
has_genocide,Security and Background: Part 3,19,historical_exact_baseline,historical_exact,exact,false,radio,radio,,[],/GenNIV/General/complete/complete_securityandbackground3.aspx,"[""ctl00_SiteContentPlaceHolder_FormView1_rblGenocide_0"",""ctl00_SiteContentPlaceHolder_FormView1_rblGenocide_1""]","[""/GenNIV/General/complete/complete_securityandbackground3.aspx""]",[],historical_exact,[],historical_exact_selector_snapshot,ds160-field-control-audit-2026-09-22.json
has_torture,Security and Background: Part 3,19,historical_exact_baseline,historical_exact,exact,false,radio,radio,,[],/GenNIV/General/complete/complete_securityandbackground3.aspx,"[""ctl00_SiteContentPlaceHolder_FormView1_rblTorture_0"",""ctl00_SiteContentPlaceHolder_FormView1_rblTorture_1""]","[""/GenNIV/General/complete/complete_securityandbackground3.aspx""]",[],historical_exact,[],historical_exact_selector_snapshot,ds160-field-control-audit-2026-09-22.json
has_extrajudicial_killings,Security and Background: Part 3,19,historical_exact_baseline,historical_exact,exact,false,radio,radio,,[],/GenNIV/General/complete/complete_securityandbackground3.aspx,"[""ctl00_SiteContentPlaceHolder_FormView1_rblExViolence_0"",""ctl00_SiteContentPlaceHolder_FormView1_rblExViolence_1""]","[""/GenNIV/General/complete/complete_securityandbackground3.aspx""]",[],historical_exact,[],historical_exact_selector_snapshot,ds160-field-control-audit-2026-09-22.json
has_child_soldier,Security and Background: Part 3,19,historical_exact_baseline,historical_exact,exact,false,radio,radio,,[],/GenNIV/General/complete/complete_securityandbackground3.aspx,"[""ctl00_SiteContentPlaceHolder_FormView1_rblChildSoldier_0"",""ctl00_SiteContentPlaceHolder_FormView1_rblChildSoldier_1""]","[""/GenNIV/General/complete/complete_securityandbackground3.aspx""]",[],historical_exact,[],historical_exact_selector_snapshot,ds160-field-control-audit-2026-09-22.json
has_religious_freedom_violation,Security and Background: Part 3,19,historical_exact_baseline,historical_exact,exact,false,radio,radio,,[],/GenNIV/General/complete/complete_securityandbackground3.aspx,"[""ctl00_SiteContentPlaceHolder_FormView1_rblReligiousFreedom_0"",""ctl00_SiteContentPlaceHolder_FormView1_rblReligiousFreedom_1""]","[""/GenNIV/General/complete/complete_securityandbackground3.aspx""]",[],historical_exact,[],historical_exact_selector_snapshot,ds160-field-control-audit-2026-09-22.json
has_population_control,Security and Background: Part 3,19,historical_exact_baseline,historical_exact,exact,false,radio,radio,,[],/GenNIV/General/complete/complete_securityandbackground3.aspx,"[""ctl00_SiteContentPlaceHolder_FormView1_rblPopulationControls_0"",""ctl00_SiteContentPlaceHolder_FormView1_rblPopulationControls_1""]","[""/GenNIV/General/complete/complete_securityandbackground3.aspx""]",[],historical_exact,[],historical_exact_selector_snapshot,ds160-field-control-audit-2026-09-22.json
has_coercive_transplant,Security and Background: Part 3,19,historical_exact_baseline,historical_exact,exact,false,radio,radio,,[],/GenNIV/General/complete/complete_securityandbackground3.aspx,"[""ctl00_SiteContentPlaceHolder_FormView1_rblTransplant_0"",""ctl00_SiteContentPlaceHolder_FormView1_rblTransplant_1""]","[""/GenNIV/General/complete/complete_securityandbackground3.aspx""]",[],historical_exact,[],historical_exact_selector_snapshot,ds160-field-control-audit-2026-09-22.json
has_immigration_fraud,Security and Background: Part 4,20,historical_exact_baseline,historical_exact,exact,false,radio,radio,,[],/GenNIV/General/complete/complete_securityandbackground4.aspx,"[""ctl00_SiteContentPlaceHolder_FormView1_rblImmigrationFraud_0"",""ctl00_SiteContentPlaceHolder_FormView1_rblImmigrationFraud_1""]","[""/GenNIV/General/complete/complete_securityandbackground4.aspx""]",[],historical_exact,[],historical_exact_selector_snapshot,ds160-field-control-audit-2026-09-22.json
has_removal_order,Security and Background: Part 4,20,historical_exact_baseline,historical_exact,exact,false,radio,radio,,[],/GenNIV/General/complete/complete_securityandbackground4.aspx,"[""ctl00_SiteContentPlaceHolder_FormView1_rblDeport_0"",""ctl00_SiteContentPlaceHolder_FormView1_rblDeport_1""]","[""/GenNIV/General/complete/complete_securityandbackground4.aspx""]",[],historical_exact,[],historical_exact_selector_snapshot,ds160-field-control-audit-2026-09-22.json
has_withheld_child_custody,Security and Background: Part 5,21,historical_exact_baseline,historical_exact,exact,false,radio,radio,,[],/GenNIV/General/complete/complete_securityandbackground5.aspx,"[""ctl00_SiteContentPlaceHolder_FormView1_rblChildCustody_0"",""ctl00_SiteContentPlaceHolder_FormView1_rblChildCustody_1""]","[""/GenNIV/General/complete/complete_securityandbackground5.aspx""]",[],historical_exact,[],historical_exact_selector_snapshot,ds160-field-control-audit-2026-09-22.json
has_voted_illegally,Security and Background: Part 5,21,historical_exact_baseline,historical_exact,exact,false,radio,radio,,[],/GenNIV/General/complete/complete_securityandbackground5.aspx,"[""ctl00_SiteContentPlaceHolder_FormView1_rblVotingViolation_0"",""ctl00_SiteContentPlaceHolder_FormView1_rblVotingViolation_1""]","[""/GenNIV/General/complete/complete_securityandbackground5.aspx""]",[],historical_exact,[],historical_exact_selector_snapshot,ds160-field-control-audit-2026-09-22.json
has_renounced_citizenship,Security and Background: Part 5,21,historical_exact_baseline,historical_exact,exact,false,radio,radio,,[],/GenNIV/General/complete/complete_securityandbackground5.aspx,"[""ctl00_SiteContentPlaceHolder_FormView1_rblRenounceExp_0"",""ctl00_SiteContentPlaceHolder_FormView1_rblRenounceExp_1""]","[""/GenNIV/General/complete/complete_securityandbackground5.aspx""]",[],historical_exact,[],historical_exact_selector_snapshot,ds160-field-control-audit-2026-09-22.json
ds160_preparer_assistance,Sign and Submit,22,historical_exact_baseline,historical_exact,exact,false,radio,radio,,[],/GenNIV/General/esign/signtheapplication.aspx,"[""ctl00_SiteContentPlaceHolder_FormView3_rblPREP_IND_0"",""ctl00_SiteContentPlaceHolder_FormView3_rblPREP_IND_1""]","[""/GenNIV/General/esign/signtheapplication.aspx""]",[],historical_exact,[],historical_exact_selector_snapshot,ds160-field-control-audit-2026-09-22.json
ds160_preparer_surname,Sign and Submit,22,historical_exact_baseline,historical_exact,exact,false,text,text,33,[],/GenNIV/General/esign/signtheapplication.aspx,"[""ctl00_SiteContentPlaceHolder_FormView3_tbxPREP_SURNAME"",""ctl00_SiteContentPlaceHolder_FormView3_cbxPREP_NAME_NA""]","[""/GenNIV/General/esign/signtheapplication.aspx""]",[],historical_exact,[],historical_exact_selector_snapshot,ds160-field-control-audit-2026-09-22.json
ds160_preparer_given_names,Sign and Submit,22,historical_exact_baseline,historical_exact,exact,false,text,text,33,[],/GenNIV/General/esign/signtheapplication.aspx,"[""ctl00_SiteContentPlaceHolder_FormView3_tbxPREP_GIVEN_NAME"",""ctl00_SiteContentPlaceHolder_FormView3_cbxPREP_NAME_NA""]","[""/GenNIV/General/esign/signtheapplication.aspx""]",[],historical_exact,[],historical_exact_selector_snapshot,ds160-field-control-audit-2026-09-22.json
ds160_preparer_organization_name,Sign and Submit,22,historical_exact_baseline,historical_exact,exact,false,text,text,33,[],/GenNIV/General/esign/signtheapplication.aspx,"[""ctl00_SiteContentPlaceHolder_FormView3_tbxPREP_ORGANIZATION"",""ctl00_SiteContentPlaceHolder_FormView3_cbxPREP_ORG_NA""]","[""/GenNIV/General/esign/signtheapplication.aspx""]",[],historical_exact,[],historical_exact_selector_snapshot,ds160-field-control-audit-2026-09-22.json
ds160_preparer_street1,Sign and Submit,22,historical_exact_baseline,historical_exact,exact,false,text,text,40,[],/GenNIV/General/esign/signtheapplication.aspx,"[""ctl00_SiteContentPlaceHolder_FormView3_tbxPREP_ADDR_LN1""]","[""/GenNIV/General/esign/signtheapplication.aspx""]",[],historical_exact,[],historical_exact_selector_snapshot,ds160-field-control-audit-2026-09-22.json
ds160_preparer_street2,Sign and Submit,22,historical_exact_baseline,historical_exact,exact,false,text,text,40,[],/GenNIV/General/esign/signtheapplication.aspx,"[""ctl00_SiteContentPlaceHolder_FormView3_tbxPREP_ADDR_LN2""]","[""/GenNIV/General/esign/signtheapplication.aspx""]",[],historical_exact,[],historical_exact_selector_snapshot,ds160-field-control-audit-2026-09-22.json
ds160_preparer_city,Sign and Submit,22,historical_exact_baseline,historical_exact,exact,false,text,text,20,[],/GenNIV/General/esign/signtheapplication.aspx,"[""ctl00_SiteContentPlaceHolder_FormView3_tbxPREP_ADDR_CITY""]","[""/GenNIV/General/esign/signtheapplication.aspx""]",[],historical_exact,[],historical_exact_selector_snapshot,ds160-field-control-audit-2026-09-22.json
ds160_preparer_state_province,Sign and Submit,22,historical_exact_baseline,historical_exact,exact,false,text,text,20,[],/GenNIV/General/esign/signtheapplication.aspx,"[""ctl00_SiteContentPlaceHolder_FormView3_tbxPREP_ADDR_STATE"",""ctl00_SiteContentPlaceHolder_FormView3_cbxPREP_ADDR_STATE_NA""]","[""/GenNIV/General/esign/signtheapplication.aspx""]",[],historical_exact,[],historical_exact_selector_snapshot,ds160-field-control-audit-2026-09-22.json
ds160_preparer_postal_code,Sign and Submit,22,historical_exact_baseline,historical_exact,exact,false,text,text,10,[],/GenNIV/General/esign/signtheapplication.aspx,"[""ctl00_SiteContentPlaceHolder_FormView3_tbxPREP_ADDR_POSTAL_CD"",""ctl00_SiteContentPlaceHolder_FormView3_cbxPREP_ADDR_POSTAL_CD_NA""]","[""/GenNIV/General/esign/signtheapplication.aspx""]",[],historical_exact,[],historical_exact_selector_snapshot,ds160-field-control-audit-2026-09-22.json
ds160_preparer_country,Sign and Submit,22,historical_exact_baseline,historical_exact,exact,false,select,select,,[],/GenNIV/General/esign/signtheapplication.aspx,"[""ctl00_SiteContentPlaceHolder_FormView3_ddlCountry""]","[""/GenNIV/General/esign/signtheapplication.aspx""]",[],historical_exact,[],historical_exact_selector_snapshot,ds160-field-control-audit-2026-09-22.json
ds160_preparer_relationship,Sign and Submit,22,historical_exact_baseline,historical_exact,exact,false,text,text,75,[],/GenNIV/General/esign/signtheapplication.aspx,"[""ctl00_SiteContentPlaceHolder_FormView3_tbxPREP_REL_TO_APP""]","[""/GenNIV/General/esign/signtheapplication.aspx""]",[],historical_exact,[],historical_exact_selector_snapshot,ds160-field-control-audit-2026-09-22.json
marital_status_other_explain,Personal Information 1,1,finalized_selector_reconciliation,selector_reconciliation_finalized,aggregate-only,false,text,textarea,4000,"[""text""]",personal_information_1,"[""ctl00_SiteContentPlaceHolder_FormView1_tbxOtherMaritalStatus""]","[{""state"":""personal1-restored"",""observedAt"":""2026-09-22T16:59:44.839Z"",""controlCount"":25},{""state"":""personal1-marital-other"",""observedAt"":""2026-09-22T17:00:21.945Z"",""controlCount"":26},{""state"":""personal1-alias-yes"",""observedAt"":""2026-09-22T17:01:00.691Z"",""controlCount"":28},{""state"":""personal1-alias-marital-empty-validation"",""observedAt"":""2026-09-22T17:01:31.964Z"",""controlCount"":28},{""state"":""personal2-after-validated-personal1"",""observedAt"":""2026-09-22T17:02:09.075Z"",""controlCount"":28},{""state"":""personal-marital-partner"",""observedAt"":""2026-09-22T17:21:00.345Z"",""controlCount"":27},{""state"":""personal-married"",""observedAt"":""2026-09-22T17:23:33.176Z"",""controlCount"":27},{""state"":""personal-widowed"",""observedAt"":""2026-09-22T17:25:25.803Z"",""controlCount"":27},{""state"":""personal-divorced"",""observedAt"":""2026-09-22T17:26:44.154Z"",""controlCount"":27}]","[""marital_status_other_explain""]",direct_id_candidate,"[{""code"":""plan_selector_differs_from_runtime_selector"",""mappingKey"":""marital_status_other_explain"",""proven"":true}]",finalized_runtime_selector_reconciliation,ds160-live-reconciliation-delta-2026-09-22.json
other_given_names,Personal Information 1,1,finalized_selector_reconciliation,selector_reconciliation_finalized,aggregate-only,false,text,text,,"[""text""]",personal_information_1,"[""ctl00_SiteContentPlaceHolder_FormView1_DListAlias_ctl00_tbxGIVEN_NAME""]","[{""state"":""personal1-restored"",""observedAt"":""2026-09-22T16:59:44.839Z"",""controlCount"":25},{""state"":""personal1-marital-other"",""observedAt"":""2026-09-22T17:00:21.945Z"",""controlCount"":26},{""state"":""personal1-alias-yes"",""observedAt"":""2026-09-22T17:01:00.691Z"",""controlCount"":28},{""state"":""personal1-alias-marital-empty-validation"",""observedAt"":""2026-09-22T17:01:31.964Z"",""controlCount"":28},{""state"":""personal2-after-validated-personal1"",""observedAt"":""2026-09-22T17:02:09.075Z"",""controlCount"":28},{""state"":""personal-marital-partner"",""observedAt"":""2026-09-22T17:21:00.345Z"",""controlCount"":27},{""state"":""personal-married"",""observedAt"":""2026-09-22T17:23:33.176Z"",""controlCount"":27},{""state"":""personal-widowed"",""observedAt"":""2026-09-22T17:25:25.803Z"",""controlCount"":27},{""state"":""personal-divorced"",""observedAt"":""2026-09-22T17:26:44.154Z"",""controlCount"":27}]","[""other_given_names""]",direct_id_candidate,"[{""code"":""plan_selector_differs_from_runtime_selector"",""mappingKey"":""other_given_names"",""proven"":true}]",finalized_runtime_selector_reconciliation,ds160-live-reconciliation-delta-2026-09-22.json
other_surname,Personal Information 1,1,finalized_selector_reconciliation,selector_reconciliation_finalized,aggregate-only,false,text,text,,"[""text""]",personal_information_1,"[""ctl00_SiteContentPlaceHolder_FormView1_DListAlias_ctl00_tbxSURNAME""]","[{""state"":""personal1-restored"",""observedAt"":""2026-09-22T16:59:44.839Z"",""controlCount"":25},{""state"":""personal1-marital-other"",""observedAt"":""2026-09-22T17:00:21.945Z"",""controlCount"":26},{""state"":""personal1-alias-yes"",""observedAt"":""2026-09-22T17:01:00.691Z"",""controlCount"":28},{""state"":""personal1-alias-marital-empty-validation"",""observedAt"":""2026-09-22T17:01:31.964Z"",""controlCount"":28},{""state"":""personal2-after-validated-personal1"",""observedAt"":""2026-09-22T17:02:09.075Z"",""controlCount"":28},{""state"":""personal-marital-partner"",""observedAt"":""2026-09-22T17:21:00.345Z"",""controlCount"":27},{""state"":""personal-married"",""observedAt"":""2026-09-22T17:23:33.176Z"",""controlCount"":27},{""state"":""personal-widowed"",""observedAt"":""2026-09-22T17:25:25.803Z"",""controlCount"":27},{""state"":""personal-divorced"",""observedAt"":""2026-09-22T17:26:44.154Z"",""controlCount"":27}]","[""other_surname""]",direct_id_candidate,"[{""code"":""plan_selector_differs_from_runtime_selector"",""mappingKey"":""other_surname"",""proven"":true}]",finalized_runtime_selector_reconciliation,ds160-live-reconciliation-delta-2026-09-22.json
consular_post,Personal Information 1,1,finalized_selector_reconciliation,selector_reconciliation_finalized,aggregate-only,false,select,select,,"[""select""]",start_page,"[""ctl00_SiteContentPlaceHolder_ucLocation_ddlLocation""]","[{""state"":""start-location-selector"",""observedAt"":""2026-09-22T18:50:56.781Z"",""controlCount"":28}]","[""consular_post""]",direct_id_candidate,[],finalized_runtime_selector_reconciliation,ds160-live-reconciliation-delta-2026-09-22.json
other_nationality_country,Personal Information 2,2,finalized_selector_reconciliation,selector_reconciliation_finalized,aggregate-only,false,select,select,,"[""select""]",personal_information_2,"[""ctl00_SiteContentPlaceHolder_FormView1_dtlOTHER_NATL_ctl00_ddlOTHER_NATL""]","[{""state"":""personal2-after-explanation-keyboard-accepted"",""observedAt"":""2026-09-22T17:03:02.235Z"",""controlCount"":17},{""state"":""personal2-other-nationality-yes"",""observedAt"":""2026-09-22T17:03:42.658Z"",""controlCount"":20},{""state"":""personal2-other-passport-yes"",""observedAt"":""2026-09-22T17:04:14.622Z"",""controlCount"":21},{""state"":""personal2-other-permanent-residence-yes"",""observedAt"":""2026-09-22T17:04:56.363Z"",""controlCount"":22},{""state"":""personal-married-for-date-writeback"",""observedAt"":""2026-09-22T18:05:14.711Z"",""controlCount"":17}]","[""other_nationality_country""]",direct_id_candidate,"[{""code"":""plan_selector_differs_from_runtime_selector"",""mappingKey"":""other_nationality_country"",""proven"":true}]",finalized_runtime_selector_reconciliation,ds160-live-reconciliation-delta-2026-09-22.json
other_nationality_passport_number,Personal Information 2,2,finalized_selector_reconciliation,selector_reconciliation_finalized,aggregate-only,false,text,text,,"[""text""]",personal_information_2,"[""ctl00_SiteContentPlaceHolder_FormView1_dtlOTHER_NATL_ctl00_tbxOTHER_PPT_NUM""]","[{""state"":""personal2-after-explanation-keyboard-accepted"",""observedAt"":""2026-09-22T17:03:02.235Z"",""controlCount"":17},{""state"":""personal2-other-nationality-yes"",""observedAt"":""2026-09-22T17:03:42.658Z"",""controlCount"":20},{""state"":""personal2-other-passport-yes"",""observedAt"":""2026-09-22T17:04:14.622Z"",""controlCount"":21},{""state"":""personal2-other-permanent-residence-yes"",""observedAt"":""2026-09-22T17:04:56.363Z"",""controlCount"":22},{""state"":""personal-married-for-date-writeback"",""observedAt"":""2026-09-22T18:05:14.711Z"",""controlCount"":17}]","[""other_nationality_passport_number""]",direct_id_candidate,"[{""code"":""plan_selector_differs_from_runtime_selector"",""mappingKey"":""other_nationality_passport_number"",""proven"":true}]",finalized_runtime_selector_reconciliation,ds160-live-reconciliation-delta-2026-09-22.json
other_permanent_resident_country,Personal Information 2,2,finalized_selector_reconciliation,selector_reconciliation_finalized,aggregate-only,false,select,select,,"[""select""]",personal_information_2,"[""ctl00_SiteContentPlaceHolder_FormView1_dtlOthPermResCntry_ctl00_ddlOthPermResCntry""]","[{""state"":""personal2-after-explanation-keyboard-accepted"",""observedAt"":""2026-09-22T17:03:02.235Z"",""controlCount"":17},{""state"":""personal2-other-nationality-yes"",""observedAt"":""2026-09-22T17:03:42.658Z"",""controlCount"":20},{""state"":""personal2-other-passport-yes"",""observedAt"":""2026-09-22T17:04:14.622Z"",""controlCount"":21},{""state"":""personal2-other-permanent-residence-yes"",""observedAt"":""2026-09-22T17:04:56.363Z"",""controlCount"":22},{""state"":""personal-married-for-date-writeback"",""observedAt"":""2026-09-22T18:05:14.711Z"",""controlCount"":17}]","[""other_permanent_resident_country""]",direct_id_candidate,"[{""code"":""plan_selector_differs_from_runtime_selector"",""mappingKey"":""other_permanent_resident_country"",""proven"":true}]",finalized_runtime_selector_reconciliation,ds160-live-reconciliation-delta-2026-09-22.json
other_nationality_has_passport,Personal Information 2,2,finalized_selector_reconciliation,selector_reconciliation_finalized,aggregate-only,false,radio,radio,,"[""radio""]",personal_information_2,"[""ctl00_SiteContentPlaceHolder_FormView1_dtlOTHER_NATL_ctl00_rblOTHER_PPT_IND_0"",""ctl00_SiteContentPlaceHolder_FormView1_dtlOTHER_NATL_ctl00_rblOTHER_PPT_IND_1""]","[{""state"":""personal2-after-explanation-keyboard-accepted"",""observedAt"":""2026-09-22T17:03:02.235Z"",""controlCount"":17},{""state"":""personal2-other-nationality-yes"",""observedAt"":""2026-09-22T17:03:42.658Z"",""controlCount"":20},{""state"":""personal2-other-passport-yes"",""observedAt"":""2026-09-22T17:04:14.622Z"",""controlCount"":21},{""state"":""personal2-other-permanent-residence-yes"",""observedAt"":""2026-09-22T17:04:56.363Z"",""controlCount"":22},{""state"":""personal-married-for-date-writeback"",""observedAt"":""2026-09-22T18:05:14.711Z"",""controlCount"":17}]","[""other_nationality_has_passport""]",ambiguous_direct_id_selector_candidate,"[{""code"":""plan_selector_differs_from_runtime_selector"",""mappingKey"":""other_nationality_has_passport"",""proven"":true}]",finalized_runtime_selector_reconciliation,ds160-live-reconciliation-delta-2026-09-22.json
departure_date,Travel Information,3,finalized_selector_reconciliation,selector_reconciliation_finalized,aggregate-only,false,date,date,,"[""select"",""text""]",travel_information,"[""ctl00_SiteContentPlaceHolder_FormView1_ddlDEPARTURE_US_DTEDay"",""ctl00_SiteContentPlaceHolder_FormView1_ddlDEPARTURE_US_DTEMonth"",""ctl00_SiteContentPlaceHolder_FormView1_tbxDEPARTURE_US_DTEYear""]","[{""state"":""travel-restored"",""observedAt"":""2026-09-22T17:09:07.769Z"",""controlCount"":24},{""state"":""travel-specific-yes"",""observedAt"":""2026-09-22T17:09:37.687Z"",""controlCount"":30},{""state"":""travel-payer-other-person"",""observedAt"":""2026-09-22T17:13:10.497Z"",""controlCount"":39},{""state"":""travel-payer-other-address"",""observedAt"":""2026-09-22T17:13:39.525Z"",""controlCount"":47},{""state"":""travel-payer-company"",""observedAt"":""2026-09-22T17:13:57.524Z"",""controlCount"":41},{""state"":""payer-person-required-server-validation"",""observedAt"":""2026-09-22T17:58:57.321Z"",""controlCount"":39},{""state"":""payer-company-required-server-validation"",""observedAt"":""2026-09-22T17:59:17.312Z"",""controlCount"":41},{""state"":""payer-company-phone-filled-server-validation"",""observedAt"":""2026-09-22T17:59:42.484Z"",""controlCount"":41},{""state"":""payer-person-phone-preserved-server-validation"",""observedAt"":""2026-09-22T18:02:35.646Z"",""controlCount"":39},{""state"":""payer-person-phone-filled-server-validation"",""observedAt"":""2026-09-22T18:02:52.905Z"",""controlCount"":39}]","[""departure_date_day"",""departure_date_month"",""departure_date_year""]",direct_id_candidate,[],finalized_runtime_selector_reconciliation,ds160-live-reconciliation-delta-2026-09-22.json
payer_address_city,Travel Information,3,finalized_selector_reconciliation,selector_reconciliation_finalized,aggregate-only,false,text,text,,"[""text""]",travel_information,"[""ctl00_SiteContentPlaceHolder_FormView1_tbxCity"",""ctl00_SiteContentPlaceHolder_FormView1_tbxPayerCity""]","[{""state"":""travel-restored"",""observedAt"":""2026-09-22T17:09:07.769Z"",""controlCount"":24},{""state"":""travel-specific-yes"",""observedAt"":""2026-09-22T17:09:37.687Z"",""controlCount"":30},{""state"":""travel-payer-other-person"",""observedAt"":""2026-09-22T17:13:10.497Z"",""controlCount"":39},{""state"":""travel-payer-other-address"",""observedAt"":""2026-09-22T17:13:39.525Z"",""controlCount"":47},{""state"":""travel-payer-company"",""observedAt"":""2026-09-22T17:13:57.524Z"",""controlCount"":41},{""state"":""payer-person-required-server-validation"",""observedAt"":""2026-09-22T17:58:57.321Z"",""controlCount"":39},{""state"":""payer-company-required-server-validation"",""observedAt"":""2026-09-22T17:59:17.312Z"",""controlCount"":41},{""state"":""payer-company-phone-filled-server-validation"",""observedAt"":""2026-09-22T17:59:42.484Z"",""controlCount"":41},{""state"":""payer-person-phone-preserved-server-validation"",""observedAt"":""2026-09-22T18:02:35.646Z"",""controlCount"":39},{""state"":""payer-person-phone-filled-server-validation"",""observedAt"":""2026-09-22T18:02:52.905Z"",""controlCount"":39}]","[""payer_address_city""]",direct_id_candidate,"[{""code"":""plan_selector_differs_from_runtime_selector"",""mappingKey"":""payer_address_city"",""proven"":true}]",finalized_runtime_selector_reconciliation,ds160-live-reconciliation-delta-2026-09-22.json
payer_address_street1,Travel Information,3,finalized_selector_reconciliation,selector_reconciliation_finalized,aggregate-only,false,text,text,,"[""text""]",travel_information,"[""ctl00_SiteContentPlaceHolder_FormView1_tbxStreetAddress1"",""ctl00_SiteContentPlaceHolder_FormView1_tbxPayerStreetAddress1""]","[{""state"":""travel-restored"",""observedAt"":""2026-09-22T17:09:07.769Z"",""controlCount"":24},{""state"":""travel-specific-yes"",""observedAt"":""2026-09-22T17:09:37.687Z"",""controlCount"":30},{""state"":""travel-payer-other-person"",""observedAt"":""2026-09-22T17:13:10.497Z"",""controlCount"":39},{""state"":""travel-payer-other-address"",""observedAt"":""2026-09-22T17:13:39.525Z"",""controlCount"":47},{""state"":""travel-payer-company"",""observedAt"":""2026-09-22T17:13:57.524Z"",""controlCount"":41},{""state"":""payer-person-required-server-validation"",""observedAt"":""2026-09-22T17:58:57.321Z"",""controlCount"":39},{""state"":""payer-company-required-server-validation"",""observedAt"":""2026-09-22T17:59:17.312Z"",""controlCount"":41},{""state"":""payer-company-phone-filled-server-validation"",""observedAt"":""2026-09-22T17:59:42.484Z"",""controlCount"":41},{""state"":""payer-person-phone-preserved-server-validation"",""observedAt"":""2026-09-22T18:02:35.646Z"",""controlCount"":39},{""state"":""payer-person-phone-filled-server-validation"",""observedAt"":""2026-09-22T18:02:52.905Z"",""controlCount"":39}]","[""payer_address_street1""]",direct_id_candidate,"[{""code"":""plan_selector_differs_from_runtime_selector"",""mappingKey"":""payer_address_street1"",""proven"":true}]",finalized_runtime_selector_reconciliation,ds160-live-reconciliation-delta-2026-09-22.json
payer_address_street2,Travel Information,3,finalized_selector_reconciliation,selector_reconciliation_finalized,aggregate-only,false,text,text,,"[""text""]",travel_information,"[""ctl00_SiteContentPlaceHolder_FormView1_tbxStreetAddress2"",""ctl00_SiteContentPlaceHolder_FormView1_tbxPayerStreetAddress2""]","[{""state"":""travel-restored"",""observedAt"":""2026-09-22T17:09:07.769Z"",""controlCount"":24},{""state"":""travel-specific-yes"",""observedAt"":""2026-09-22T17:09:37.687Z"",""controlCount"":30},{""state"":""travel-payer-other-person"",""observedAt"":""2026-09-22T17:13:10.497Z"",""controlCount"":39},{""state"":""travel-payer-other-address"",""observedAt"":""2026-09-22T17:13:39.525Z"",""controlCount"":47},{""state"":""travel-payer-company"",""observedAt"":""2026-09-22T17:13:57.524Z"",""controlCount"":41},{""state"":""payer-person-required-server-validation"",""observedAt"":""2026-09-22T17:58:57.321Z"",""controlCount"":39},{""state"":""payer-company-required-server-validation"",""observedAt"":""2026-09-22T17:59:17.312Z"",""controlCount"":41},{""state"":""payer-company-phone-filled-server-validation"",""observedAt"":""2026-09-22T17:59:42.484Z"",""controlCount"":41},{""state"":""payer-person-phone-preserved-server-validation"",""observedAt"":""2026-09-22T18:02:35.646Z"",""controlCount"":39},{""state"":""payer-person-phone-filled-server-validation"",""observedAt"":""2026-09-22T18:02:52.905Z"",""controlCount"":39}]","[""payer_address_street2""]",direct_id_candidate,"[{""code"":""plan_selector_differs_from_runtime_selector"",""mappingKey"":""payer_address_street2"",""proven"":true}]",finalized_runtime_selector_reconciliation,ds160-live-reconciliation-delta-2026-09-22.json
payer_org_address_city,Travel Information,3,finalized_selector_reconciliation,selector_reconciliation_finalized,aggregate-only,false,text,text,,"[""text""]",travel_information,"[""ctl00_SiteContentPlaceHolder_FormView1_tbxCity"",""ctl00_SiteContentPlaceHolder_FormView1_tbxPayerCity""]","[{""state"":""travel-restored"",""observedAt"":""2026-09-22T17:09:07.769Z"",""controlCount"":24},{""state"":""travel-specific-yes"",""observedAt"":""2026-09-22T17:09:37.687Z"",""controlCount"":30},{""state"":""travel-payer-other-person"",""observedAt"":""2026-09-22T17:13:10.497Z"",""controlCount"":39},{""state"":""travel-payer-other-address"",""observedAt"":""2026-09-22T17:13:39.525Z"",""controlCount"":47},{""state"":""travel-payer-company"",""observedAt"":""2026-09-22T17:13:57.524Z"",""controlCount"":41},{""state"":""payer-person-required-server-validation"",""observedAt"":""2026-09-22T17:58:57.321Z"",""controlCount"":39},{""state"":""payer-company-required-server-validation"",""observedAt"":""2026-09-22T17:59:17.312Z"",""controlCount"":41},{""state"":""payer-company-phone-filled-server-validation"",""observedAt"":""2026-09-22T17:59:42.484Z"",""controlCount"":41},{""state"":""payer-person-phone-preserved-server-validation"",""observedAt"":""2026-09-22T18:02:35.646Z"",""controlCount"":39},{""state"":""payer-person-phone-filled-server-validation"",""observedAt"":""2026-09-22T18:02:52.905Z"",""controlCount"":39}]","[""payer_org_address_city""]",direct_id_candidate,"[{""code"":""plan_selector_differs_from_runtime_selector"",""mappingKey"":""payer_org_address_city"",""proven"":true}]",finalized_runtime_selector_reconciliation,ds160-live-reconciliation-delta-2026-09-22.json
payer_org_address_street1,Travel Information,3,finalized_selector_reconciliation,selector_reconciliation_finalized,aggregate-only,false,text,text,,"[""text""]",travel_information,"[""ctl00_SiteContentPlaceHolder_FormView1_tbxStreetAddress1"",""ctl00_SiteContentPlaceHolder_FormView1_tbxPayerStreetAddress1""]","[{""state"":""travel-restored"",""observedAt"":""2026-09-22T17:09:07.769Z"",""controlCount"":24},{""state"":""travel-specific-yes"",""observedAt"":""2026-09-22T17:09:37.687Z"",""controlCount"":30},{""state"":""travel-payer-other-person"",""observedAt"":""2026-09-22T17:13:10.497Z"",""controlCount"":39},{""state"":""travel-payer-other-address"",""observedAt"":""2026-09-22T17:13:39.525Z"",""controlCount"":47},{""state"":""travel-payer-company"",""observedAt"":""2026-09-22T17:13:57.524Z"",""controlCount"":41},{""state"":""payer-person-required-server-validation"",""observedAt"":""2026-09-22T17:58:57.321Z"",""controlCount"":39},{""state"":""payer-company-required-server-validation"",""observedAt"":""2026-09-22T17:59:17.312Z"",""controlCount"":41},{""state"":""payer-company-phone-filled-server-validation"",""observedAt"":""2026-09-22T17:59:42.484Z"",""controlCount"":41},{""state"":""payer-person-phone-preserved-server-validation"",""observedAt"":""2026-09-22T18:02:35.646Z"",""controlCount"":39},{""state"":""payer-person-phone-filled-server-validation"",""observedAt"":""2026-09-22T18:02:52.905Z"",""controlCount"":39}]","[""payer_org_address_street1""]",direct_id_candidate,"[{""code"":""plan_selector_differs_from_runtime_selector"",""mappingKey"":""payer_org_address_street1"",""proven"":true}]",finalized_runtime_selector_reconciliation,ds160-live-reconciliation-delta-2026-09-22.json
payer_org_address_street2,Travel Information,3,finalized_selector_reconciliation,selector_reconciliation_finalized,aggregate-only,false,text,text,,"[""text""]",travel_information,"[""ctl00_SiteContentPlaceHolder_FormView1_tbxStreetAddress2"",""ctl00_SiteContentPlaceHolder_FormView1_tbxPayerStreetAddress2""]","[{""state"":""travel-restored"",""observedAt"":""2026-09-22T17:09:07.769Z"",""controlCount"":24},{""state"":""travel-specific-yes"",""observedAt"":""2026-09-22T17:09:37.687Z"",""controlCount"":30},{""state"":""travel-payer-other-person"",""observedAt"":""2026-09-22T17:13:10.497Z"",""controlCount"":39},{""state"":""travel-payer-other-address"",""observedAt"":""2026-09-22T17:13:39.525Z"",""controlCount"":47},{""state"":""travel-payer-company"",""observedAt"":""2026-09-22T17:13:57.524Z"",""controlCount"":41},{""state"":""payer-person-required-server-validation"",""observedAt"":""2026-09-22T17:58:57.321Z"",""controlCount"":39},{""state"":""payer-company-required-server-validation"",""observedAt"":""2026-09-22T17:59:17.312Z"",""controlCount"":41},{""state"":""payer-company-phone-filled-server-validation"",""observedAt"":""2026-09-22T17:59:42.484Z"",""controlCount"":41},{""state"":""payer-person-phone-preserved-server-validation"",""observedAt"":""2026-09-22T18:02:35.646Z"",""controlCount"":39},{""state"":""payer-person-phone-filled-server-validation"",""observedAt"":""2026-09-22T18:02:52.905Z"",""controlCount"":39}]","[""payer_org_address_street2""]",direct_id_candidate,"[{""code"":""plan_selector_differs_from_runtime_selector"",""mappingKey"":""payer_org_address_street2"",""proven"":true}]",finalized_runtime_selector_reconciliation,ds160-live-reconciliation-delta-2026-09-22.json
payer_org_name,Travel Information,3,finalized_selector_reconciliation,selector_reconciliation_finalized,aggregate-only,false,text,text,,"[""text""]",travel_information,"[""ctl00_SiteContentPlaceHolder_FormView1_tbxPayingCompany""]","[{""state"":""travel-restored"",""observedAt"":""2026-09-22T17:09:07.769Z"",""controlCount"":24},{""state"":""travel-specific-yes"",""observedAt"":""2026-09-22T17:09:37.687Z"",""controlCount"":30},{""state"":""travel-payer-other-person"",""observedAt"":""2026-09-22T17:13:10.497Z"",""controlCount"":39},{""state"":""travel-payer-other-address"",""observedAt"":""2026-09-22T17:13:39.525Z"",""controlCount"":47},{""state"":""travel-payer-company"",""observedAt"":""2026-09-22T17:13:57.524Z"",""controlCount"":41},{""state"":""payer-person-required-server-validation"",""observedAt"":""2026-09-22T17:58:57.321Z"",""controlCount"":39},{""state"":""payer-company-required-server-validation"",""observedAt"":""2026-09-22T17:59:17.312Z"",""controlCount"":41},{""state"":""payer-company-phone-filled-server-validation"",""observedAt"":""2026-09-22T17:59:42.484Z"",""controlCount"":41},{""state"":""payer-person-phone-preserved-server-validation"",""observedAt"":""2026-09-22T18:02:35.646Z"",""controlCount"":39},{""state"":""payer-person-phone-filled-server-validation"",""observedAt"":""2026-09-22T18:02:52.905Z"",""controlCount"":39}]","[""payer_org_name""]",direct_id_candidate,"[{""code"":""plan_selector_differs_from_runtime_selector"",""mappingKey"":""payer_org_name"",""proven"":true}]",finalized_runtime_selector_reconciliation,ds160-live-reconciliation-delta-2026-09-22.json
payer_org_relationship,Travel Information,3,finalized_selector_reconciliation,selector_reconciliation_finalized,aggregate-only,false,text,text,,"[""text""]",travel_information,"[""ctl00_SiteContentPlaceHolder_FormView1_ddlPayerRelationship"",""ctl00_SiteContentPlaceHolder_FormView1_tbxCompanyRelation""]","[{""state"":""travel-restored"",""observedAt"":""2026-09-22T17:09:07.769Z"",""controlCount"":24},{""state"":""travel-specific-yes"",""observedAt"":""2026-09-22T17:09:37.687Z"",""controlCount"":30},{""state"":""travel-payer-other-person"",""observedAt"":""2026-09-22T17:13:10.497Z"",""controlCount"":39},{""state"":""travel-payer-other-address"",""observedAt"":""2026-09-22T17:13:39.525Z"",""controlCount"":47},{""state"":""travel-payer-company"",""observedAt"":""2026-09-22T17:13:57.524Z"",""controlCount"":41},{""state"":""payer-person-required-server-validation"",""observedAt"":""2026-09-22T17:58:57.321Z"",""controlCount"":39},{""state"":""payer-company-required-server-validation"",""observedAt"":""2026-09-22T17:59:17.312Z"",""controlCount"":41},{""state"":""payer-company-phone-filled-server-validation"",""observedAt"":""2026-09-22T17:59:42.484Z"",""controlCount"":41},{""state"":""payer-person-phone-preserved-server-validation"",""observedAt"":""2026-09-22T18:02:35.646Z"",""controlCount"":39},{""state"":""payer-person-phone-filled-server-validation"",""observedAt"":""2026-09-22T18:02:52.905Z"",""controlCount"":39}]","[""payer_org_relationship""]",direct_id_candidate,"[{""code"":""plan_selector_differs_from_runtime_selector"",""mappingKey"":""payer_org_relationship"",""proven"":true}]",finalized_runtime_selector_reconciliation,ds160-live-reconciliation-delta-2026-09-22.json
arrival_city,Travel Information,3,finalized_selector_reconciliation,selector_reconciliation_finalized,aggregate-only,false,text,text,,"[""text""]",travel_information,"[""ctl00_SiteContentPlaceHolder_FormView1_tbxArriveCity""]","[{""state"":""travel-restored"",""observedAt"":""2026-09-22T17:09:07.769Z"",""controlCount"":24},{""state"":""travel-specific-yes"",""observedAt"":""2026-09-22T17:09:37.687Z"",""controlCount"":30},{""state"":""travel-payer-other-person"",""observedAt"":""2026-09-22T17:13:10.497Z"",""controlCount"":39},{""state"":""travel-payer-other-address"",""observedAt"":""2026-09-22T17:13:39.525Z"",""controlCount"":47},{""state"":""travel-payer-company"",""observedAt"":""2026-09-22T17:13:57.524Z"",""controlCount"":41},{""state"":""payer-person-required-server-validation"",""observedAt"":""2026-09-22T17:58:57.321Z"",""controlCount"":39},{""state"":""payer-company-required-server-validation"",""observedAt"":""2026-09-22T17:59:17.312Z"",""controlCount"":41},{""state"":""payer-company-phone-filled-server-validation"",""observedAt"":""2026-09-22T17:59:42.484Z"",""controlCount"":41},{""state"":""payer-person-phone-preserved-server-validation"",""observedAt"":""2026-09-22T18:02:35.646Z"",""controlCount"":39},{""state"":""payer-person-phone-filled-server-validation"",""observedAt"":""2026-09-22T18:02:52.905Z"",""controlCount"":39}]","[""arrival_city""]",direct_id_candidate,"[{""code"":""plan_selector_differs_from_runtime_selector"",""mappingKey"":""arrival_city"",""proven"":true}]",finalized_runtime_selector_reconciliation,ds160-live-reconciliation-delta-2026-09-22.json
arrival_flight,Travel Information,3,finalized_selector_reconciliation,selector_reconciliation_finalized,aggregate-only,false,text,text,,"[""text""]",travel_information,"[""ctl00_SiteContentPlaceHolder_FormView1_tbxArriveFlight""]","[{""state"":""travel-restored"",""observedAt"":""2026-09-22T17:09:07.769Z"",""controlCount"":24},{""state"":""travel-specific-yes"",""observedAt"":""2026-09-22T17:09:37.687Z"",""controlCount"":30},{""state"":""travel-payer-other-person"",""observedAt"":""2026-09-22T17:13:10.497Z"",""controlCount"":39},{""state"":""travel-payer-other-address"",""observedAt"":""2026-09-22T17:13:39.525Z"",""controlCount"":47},{""state"":""travel-payer-company"",""observedAt"":""2026-09-22T17:13:57.524Z"",""controlCount"":41},{""state"":""payer-person-required-server-validation"",""observedAt"":""2026-09-22T17:58:57.321Z"",""controlCount"":39},{""state"":""payer-company-required-server-validation"",""observedAt"":""2026-09-22T17:59:17.312Z"",""controlCount"":41},{""state"":""payer-company-phone-filled-server-validation"",""observedAt"":""2026-09-22T17:59:42.484Z"",""controlCount"":41},{""state"":""payer-person-phone-preserved-server-validation"",""observedAt"":""2026-09-22T18:02:35.646Z"",""controlCount"":39},{""state"":""payer-person-phone-filled-server-validation"",""observedAt"":""2026-09-22T18:02:52.905Z"",""controlCount"":39}]","[""arrival_flight""]",direct_id_candidate,"[{""code"":""plan_selector_differs_from_runtime_selector"",""mappingKey"":""arrival_flight"",""proven"":true}]",finalized_runtime_selector_reconciliation,ds160-live-reconciliation-delta-2026-09-22.json
departure_city,Travel Information,3,finalized_selector_reconciliation,selector_reconciliation_finalized,aggregate-only,false,text,text,,"[""text""]",travel_information,"[""ctl00_SiteContentPlaceHolder_FormView1_tbxDepartCity""]","[{""state"":""travel-restored"",""observedAt"":""2026-09-22T17:09:07.769Z"",""controlCount"":24},{""state"":""travel-specific-yes"",""observedAt"":""2026-09-22T17:09:37.687Z"",""controlCount"":30},{""state"":""travel-payer-other-person"",""observedAt"":""2026-09-22T17:13:10.497Z"",""controlCount"":39},{""state"":""travel-payer-other-address"",""observedAt"":""2026-09-22T17:13:39.525Z"",""controlCount"":47},{""state"":""travel-payer-company"",""observedAt"":""2026-09-22T17:13:57.524Z"",""controlCount"":41},{""state"":""payer-person-required-server-validation"",""observedAt"":""2026-09-22T17:58:57.321Z"",""controlCount"":39},{""state"":""payer-company-required-server-validation"",""observedAt"":""2026-09-22T17:59:17.312Z"",""controlCount"":41},{""state"":""payer-company-phone-filled-server-validation"",""observedAt"":""2026-09-22T17:59:42.484Z"",""controlCount"":41},{""state"":""payer-person-phone-preserved-server-validation"",""observedAt"":""2026-09-22T18:02:35.646Z"",""controlCount"":39},{""state"":""payer-person-phone-filled-server-validation"",""observedAt"":""2026-09-22T18:02:52.905Z"",""controlCount"":39}]","[""departure_city""]",direct_id_candidate,"[{""code"":""plan_selector_differs_from_runtime_selector"",""mappingKey"":""departure_city"",""proven"":true}]",finalized_runtime_selector_reconciliation,ds160-live-reconciliation-delta-2026-09-22.json
departure_flight,Travel Information,3,finalized_selector_reconciliation,selector_reconciliation_finalized,aggregate-only,false,text,text,,"[""text""]",travel_information,"[""ctl00_SiteContentPlaceHolder_FormView1_tbxDepartFlight""]","[{""state"":""travel-restored"",""observedAt"":""2026-09-22T17:09:07.769Z"",""controlCount"":24},{""state"":""travel-specific-yes"",""observedAt"":""2026-09-22T17:09:37.687Z"",""controlCount"":30},{""state"":""travel-payer-other-person"",""observedAt"":""2026-09-22T17:13:10.497Z"",""controlCount"":39},{""state"":""travel-payer-other-address"",""observedAt"":""2026-09-22T17:13:39.525Z"",""controlCount"":47},{""state"":""travel-payer-company"",""observedAt"":""2026-09-22T17:13:57.524Z"",""controlCount"":41},{""state"":""payer-person-required-server-validation"",""observedAt"":""2026-09-22T17:58:57.321Z"",""controlCount"":39},{""state"":""payer-company-required-server-validation"",""observedAt"":""2026-09-22T17:59:17.312Z"",""controlCount"":41},{""state"":""payer-company-phone-filled-server-validation"",""observedAt"":""2026-09-22T17:59:42.484Z"",""controlCount"":41},{""state"":""payer-person-phone-preserved-server-validation"",""observedAt"":""2026-09-22T18:02:35.646Z"",""controlCount"":39},{""state"":""payer-person-phone-filled-server-validation"",""observedAt"":""2026-09-22T18:02:52.905Z"",""controlCount"":39}]","[""departure_flight""]",direct_id_candidate,"[{""code"":""plan_selector_differs_from_runtime_selector"",""mappingKey"":""departure_flight"",""proven"":true}]",finalized_runtime_selector_reconciliation,ds160-live-reconciliation-delta-2026-09-22.json
payer_address_country,Travel Information,3,finalized_selector_reconciliation,selector_reconciliation_finalized,aggregate-only,false,select,select,,"[""select""]",travel_information,"[""ctl00_SiteContentPlaceHolder_FormView1_ddlPayerCountry""]","[{""state"":""travel-restored"",""observedAt"":""2026-09-22T17:09:07.769Z"",""controlCount"":24},{""state"":""travel-specific-yes"",""observedAt"":""2026-09-22T17:09:37.687Z"",""controlCount"":30},{""state"":""travel-payer-other-person"",""observedAt"":""2026-09-22T17:13:10.497Z"",""controlCount"":39},{""state"":""travel-payer-other-address"",""observedAt"":""2026-09-22T17:13:39.525Z"",""controlCount"":47},{""state"":""travel-payer-company"",""observedAt"":""2026-09-22T17:13:57.524Z"",""controlCount"":41},{""state"":""payer-person-required-server-validation"",""observedAt"":""2026-09-22T17:58:57.321Z"",""controlCount"":39},{""state"":""payer-company-required-server-validation"",""observedAt"":""2026-09-22T17:59:17.312Z"",""controlCount"":41},{""state"":""payer-company-phone-filled-server-validation"",""observedAt"":""2026-09-22T17:59:42.484Z"",""controlCount"":41},{""state"":""payer-person-phone-preserved-server-validation"",""observedAt"":""2026-09-22T18:02:35.646Z"",""controlCount"":39},{""state"":""payer-person-phone-filled-server-validation"",""observedAt"":""2026-09-22T18:02:52.905Z"",""controlCount"":39}]","[""payer_address_country""]",direct_id_candidate,"[{""code"":""plan_selector_differs_from_runtime_selector"",""mappingKey"":""payer_address_country"",""proven"":true}]",finalized_runtime_selector_reconciliation,ds160-live-reconciliation-delta-2026-09-22.json
payer_address_postal,Travel Information,3,finalized_selector_reconciliation,selector_reconciliation_finalized,aggregate-only,false,text,text,,"[""text"",""checkbox""]",travel_information,"[""ctl00_SiteContentPlaceHolder_FormView1_tbxPayerPostalZIPCode"",""ctl00_SiteContentPlaceHolder_FormView1_cbxDNAPayerPostalZIPCode""]","[{""state"":""travel-restored"",""observedAt"":""2026-09-22T17:09:07.769Z"",""controlCount"":24},{""state"":""travel-specific-yes"",""observedAt"":""2026-09-22T17:09:37.687Z"",""controlCount"":30},{""state"":""travel-payer-other-person"",""observedAt"":""2026-09-22T17:13:10.497Z"",""controlCount"":39},{""state"":""travel-payer-other-address"",""observedAt"":""2026-09-22T17:13:39.525Z"",""controlCount"":47},{""state"":""travel-payer-company"",""observedAt"":""2026-09-22T17:13:57.524Z"",""controlCount"":41},{""state"":""payer-person-required-server-validation"",""observedAt"":""2026-09-22T17:58:57.321Z"",""controlCount"":39},{""state"":""payer-company-required-server-validation"",""observedAt"":""2026-09-22T17:59:17.312Z"",""controlCount"":41},{""state"":""payer-company-phone-filled-server-validation"",""observedAt"":""2026-09-22T17:59:42.484Z"",""controlCount"":41},{""state"":""payer-person-phone-preserved-server-validation"",""observedAt"":""2026-09-22T18:02:35.646Z"",""controlCount"":39},{""state"":""payer-person-phone-filled-server-validation"",""observedAt"":""2026-09-22T18:02:52.905Z"",""controlCount"":39}]","[""payer_address_postal"",""payer_address_postal_na""]",direct_id_candidate,"[{""code"":""plan_selector_differs_from_runtime_selector"",""mappingKey"":""payer_address_postal"",""proven"":true}]",finalized_runtime_selector_reconciliation,ds160-live-reconciliation-delta-2026-09-22.json
payer_address_same_as_home,Travel Information,3,finalized_selector_reconciliation,selector_reconciliation_finalized,aggregate-only,false,radio,radio,,"[""radio""]",travel_information,"[""ctl00_SiteContentPlaceHolder_FormView1_rblPayerAddrSameAsInd_0"",""ctl00_SiteContentPlaceHolder_FormView1_rblPayerAddrSameAsInd_1""]","[{""state"":""travel-restored"",""observedAt"":""2026-09-22T17:09:07.769Z"",""controlCount"":24},{""state"":""travel-specific-yes"",""observedAt"":""2026-09-22T17:09:37.687Z"",""controlCount"":30},{""state"":""travel-payer-other-person"",""observedAt"":""2026-09-22T17:13:10.497Z"",""controlCount"":39},{""state"":""travel-payer-other-address"",""observedAt"":""2026-09-22T17:13:39.525Z"",""controlCount"":47},{""state"":""travel-payer-company"",""observedAt"":""2026-09-22T17:13:57.524Z"",""controlCount"":41},{""state"":""payer-person-required-server-validation"",""observedAt"":""2026-09-22T17:58:57.321Z"",""controlCount"":39},{""state"":""payer-company-required-server-validation"",""observedAt"":""2026-09-22T17:59:17.312Z"",""controlCount"":41},{""state"":""payer-company-phone-filled-server-validation"",""observedAt"":""2026-09-22T17:59:42.484Z"",""controlCount"":41},{""state"":""payer-person-phone-preserved-server-validation"",""observedAt"":""2026-09-22T18:02:35.646Z"",""controlCount"":39},{""state"":""payer-person-phone-filled-server-validation"",""observedAt"":""2026-09-22T18:02:52.905Z"",""controlCount"":39}]","[""payer_address_same_as_home""]",ambiguous_direct_id_selector_candidate,"[{""code"":""plan_selector_differs_from_runtime_selector"",""mappingKey"":""payer_address_same_as_home"",""proven"":true}]",finalized_runtime_selector_reconciliation,ds160-live-reconciliation-delta-2026-09-22.json
payer_address_state,Travel Information,3,finalized_selector_reconciliation,selector_reconciliation_finalized,aggregate-only,false,text,text,,"[""text"",""checkbox""]",travel_information,"[""ctl00_SiteContentPlaceHolder_FormView1_tbxPayerStateProvince"",""ctl00_SiteContentPlaceHolder_FormView1_cbxDNAPayerStateProvince""]","[{""state"":""travel-restored"",""observedAt"":""2026-09-22T17:09:07.769Z"",""controlCount"":24},{""state"":""travel-specific-yes"",""observedAt"":""2026-09-22T17:09:37.687Z"",""controlCount"":30},{""state"":""travel-payer-other-person"",""observedAt"":""2026-09-22T17:13:10.497Z"",""controlCount"":39},{""state"":""travel-payer-other-address"",""observedAt"":""2026-09-22T17:13:39.525Z"",""controlCount"":47},{""state"":""travel-payer-company"",""observedAt"":""2026-09-22T17:13:57.524Z"",""controlCount"":41},{""state"":""payer-person-required-server-validation"",""observedAt"":""2026-09-22T17:58:57.321Z"",""controlCount"":39},{""state"":""payer-company-required-server-validation"",""observedAt"":""2026-09-22T17:59:17.312Z"",""controlCount"":41},{""state"":""payer-company-phone-filled-server-validation"",""observedAt"":""2026-09-22T17:59:42.484Z"",""controlCount"":41},{""state"":""payer-person-phone-preserved-server-validation"",""observedAt"":""2026-09-22T18:02:35.646Z"",""controlCount"":39},{""state"":""payer-person-phone-filled-server-validation"",""observedAt"":""2026-09-22T18:02:52.905Z"",""controlCount"":39}]","[""payer_address_state"",""payer_address_state_na""]",direct_id_candidate,"[{""code"":""plan_selector_differs_from_runtime_selector"",""mappingKey"":""payer_address_state"",""proven"":true}]",finalized_runtime_selector_reconciliation,ds160-live-reconciliation-delta-2026-09-22.json
payer_org_address_country,Travel Information,3,finalized_selector_reconciliation,selector_reconciliation_finalized,aggregate-only,false,select,select,,"[""select""]",travel_information,"[""ctl00_SiteContentPlaceHolder_FormView1_ddlPayerCountry""]","[{""state"":""travel-restored"",""observedAt"":""2026-09-22T17:09:07.769Z"",""controlCount"":24},{""state"":""travel-specific-yes"",""observedAt"":""2026-09-22T17:09:37.687Z"",""controlCount"":30},{""state"":""travel-payer-other-person"",""observedAt"":""2026-09-22T17:13:10.497Z"",""controlCount"":39},{""state"":""travel-payer-other-address"",""observedAt"":""2026-09-22T17:13:39.525Z"",""controlCount"":47},{""state"":""travel-payer-company"",""observedAt"":""2026-09-22T17:13:57.524Z"",""controlCount"":41},{""state"":""payer-person-required-server-validation"",""observedAt"":""2026-09-22T17:58:57.321Z"",""controlCount"":39},{""state"":""payer-company-required-server-validation"",""observedAt"":""2026-09-22T17:59:17.312Z"",""controlCount"":41},{""state"":""payer-company-phone-filled-server-validation"",""observedAt"":""2026-09-22T17:59:42.484Z"",""controlCount"":41},{""state"":""payer-person-phone-preserved-server-validation"",""observedAt"":""2026-09-22T18:02:35.646Z"",""controlCount"":39},{""state"":""payer-person-phone-filled-server-validation"",""observedAt"":""2026-09-22T18:02:52.905Z"",""controlCount"":39}]","[""payer_org_address_country""]",direct_id_candidate,"[{""code"":""plan_selector_differs_from_runtime_selector"",""mappingKey"":""payer_org_address_country"",""proven"":true}]",finalized_runtime_selector_reconciliation,ds160-live-reconciliation-delta-2026-09-22.json
payer_org_address_postal,Travel Information,3,finalized_selector_reconciliation,selector_reconciliation_finalized,aggregate-only,false,text,text,,"[""text"",""checkbox""]",travel_information,"[""ctl00_SiteContentPlaceHolder_FormView1_tbxPayerPostalZIPCode"",""ctl00_SiteContentPlaceHolder_FormView1_cbxDNAPayerPostalZIPCode""]","[{""state"":""travel-restored"",""observedAt"":""2026-09-22T17:09:07.769Z"",""controlCount"":24},{""state"":""travel-specific-yes"",""observedAt"":""2026-09-22T17:09:37.687Z"",""controlCount"":30},{""state"":""travel-payer-other-person"",""observedAt"":""2026-09-22T17:13:10.497Z"",""controlCount"":39},{""state"":""travel-payer-other-address"",""observedAt"":""2026-09-22T17:13:39.525Z"",""controlCount"":47},{""state"":""travel-payer-company"",""observedAt"":""2026-09-22T17:13:57.524Z"",""controlCount"":41},{""state"":""payer-person-required-server-validation"",""observedAt"":""2026-09-22T17:58:57.321Z"",""controlCount"":39},{""state"":""payer-company-required-server-validation"",""observedAt"":""2026-09-22T17:59:17.312Z"",""controlCount"":41},{""state"":""payer-company-phone-filled-server-validation"",""observedAt"":""2026-09-22T17:59:42.484Z"",""controlCount"":41},{""state"":""payer-person-phone-preserved-server-validation"",""observedAt"":""2026-09-22T18:02:35.646Z"",""controlCount"":39},{""state"":""payer-person-phone-filled-server-validation"",""observedAt"":""2026-09-22T18:02:52.905Z"",""controlCount"":39}]","[""payer_org_address_postal"",""payer_org_address_postal_na""]",direct_id_candidate,"[{""code"":""plan_selector_differs_from_runtime_selector"",""mappingKey"":""payer_org_address_postal"",""proven"":true}]",finalized_runtime_selector_reconciliation,ds160-live-reconciliation-delta-2026-09-22.json
payer_org_address_state,Travel Information,3,finalized_selector_reconciliation,selector_reconciliation_finalized,aggregate-only,false,text,text,,"[""text"",""checkbox""]",travel_information,"[""ctl00_SiteContentPlaceHolder_FormView1_tbxPayerStateProvince"",""ctl00_SiteContentPlaceHolder_FormView1_cbxDNAPayerStateProvince""]","[{""state"":""travel-restored"",""observedAt"":""2026-09-22T17:09:07.769Z"",""controlCount"":24},{""state"":""travel-specific-yes"",""observedAt"":""2026-09-22T17:09:37.687Z"",""controlCount"":30},{""state"":""travel-payer-other-person"",""observedAt"":""2026-09-22T17:13:10.497Z"",""controlCount"":39},{""state"":""travel-payer-other-address"",""observedAt"":""2026-09-22T17:13:39.525Z"",""controlCount"":47},{""state"":""travel-payer-company"",""observedAt"":""2026-09-22T17:13:57.524Z"",""controlCount"":41},{""state"":""payer-person-required-server-validation"",""observedAt"":""2026-09-22T17:58:57.321Z"",""controlCount"":39},{""state"":""payer-company-required-server-validation"",""observedAt"":""2026-09-22T17:59:17.312Z"",""controlCount"":41},{""state"":""payer-company-phone-filled-server-validation"",""observedAt"":""2026-09-22T17:59:42.484Z"",""controlCount"":41},{""state"":""payer-person-phone-preserved-server-validation"",""observedAt"":""2026-09-22T18:02:35.646Z"",""controlCount"":39},{""state"":""payer-person-phone-filled-server-validation"",""observedAt"":""2026-09-22T18:02:52.905Z"",""controlCount"":39}]","[""payer_org_address_state"",""payer_org_address_state_na""]",direct_id_candidate,"[{""code"":""plan_selector_differs_from_runtime_selector"",""mappingKey"":""payer_org_address_state"",""proven"":true}]",finalized_runtime_selector_reconciliation,ds160-live-reconciliation-delta-2026-09-22.json
payer_org_phone,Travel Information,3,finalized_selector_reconciliation,selector_reconciliation_finalized,aggregate-only,false,text,text,,"[""text""]",travel_information,"[""ctl00_SiteContentPlaceHolder_FormView1_tbxPayerPhone""]","[{""state"":""travel-restored"",""observedAt"":""2026-09-22T17:09:07.769Z"",""controlCount"":24},{""state"":""travel-specific-yes"",""observedAt"":""2026-09-22T17:09:37.687Z"",""controlCount"":30},{""state"":""travel-payer-other-person"",""observedAt"":""2026-09-22T17:13:10.497Z"",""controlCount"":39},{""state"":""travel-payer-other-address"",""observedAt"":""2026-09-22T17:13:39.525Z"",""controlCount"":47},{""state"":""travel-payer-company"",""observedAt"":""2026-09-22T17:13:57.524Z"",""controlCount"":41},{""state"":""payer-person-required-server-validation"",""observedAt"":""2026-09-22T17:58:57.321Z"",""controlCount"":39},{""state"":""payer-company-required-server-validation"",""observedAt"":""2026-09-22T17:59:17.312Z"",""controlCount"":41},{""state"":""payer-company-phone-filled-server-validation"",""observedAt"":""2026-09-22T17:59:42.484Z"",""controlCount"":41},{""state"":""payer-person-phone-preserved-server-validation"",""observedAt"":""2026-09-22T18:02:35.646Z"",""controlCount"":39},{""state"":""payer-person-phone-filled-server-validation"",""observedAt"":""2026-09-22T18:02:52.905Z"",""controlCount"":39}]","[""payer_org_phone""]",direct_id_candidate,"[{""code"":""plan_selector_differs_from_runtime_selector"",""mappingKey"":""payer_org_phone"",""proven"":true}]",finalized_runtime_selector_reconciliation,ds160-live-reconciliation-delta-2026-09-22.json
payer_phone,Travel Information,3,finalized_selector_reconciliation,selector_reconciliation_finalized,aggregate-only,false,text,text,,"[""text""]",travel_information,"[""ctl00_SiteContentPlaceHolder_FormView1_tbxPayerPhone""]","[{""state"":""travel-restored"",""observedAt"":""2026-09-22T17:09:07.769Z"",""controlCount"":24},{""state"":""travel-specific-yes"",""observedAt"":""2026-09-22T17:09:37.687Z"",""controlCount"":30},{""state"":""travel-payer-other-person"",""observedAt"":""2026-09-22T17:13:10.497Z"",""controlCount"":39},{""state"":""travel-payer-other-address"",""observedAt"":""2026-09-22T17:13:39.525Z"",""controlCount"":47},{""state"":""travel-payer-company"",""observedAt"":""2026-09-22T17:13:57.524Z"",""controlCount"":41},{""state"":""payer-person-required-server-validation"",""observedAt"":""2026-09-22T17:58:57.321Z"",""controlCount"":39},{""state"":""payer-company-required-server-validation"",""observedAt"":""2026-09-22T17:59:17.312Z"",""controlCount"":41},{""state"":""payer-company-phone-filled-server-validation"",""observedAt"":""2026-09-22T17:59:42.484Z"",""controlCount"":41},{""state"":""payer-person-phone-preserved-server-validation"",""observedAt"":""2026-09-22T18:02:35.646Z"",""controlCount"":39},{""state"":""payer-person-phone-filled-server-validation"",""observedAt"":""2026-09-22T18:02:52.905Z"",""controlCount"":39}]","[""payer_phone""]",direct_id_candidate,"[{""code"":""plan_selector_differs_from_runtime_selector"",""mappingKey"":""payer_phone"",""proven"":true}]",finalized_runtime_selector_reconciliation,ds160-live-reconciliation-delta-2026-09-22.json
companion_relationship,Travel Companions,4,finalized_selector_reconciliation,selector_reconciliation_finalized,aggregate-only,false,select,select,,"[""select""]",travel_companions,"[""ctl00_SiteContentPlaceHolder_FormView1_dlTravelCompanions_ctl00_ddlTCRelationship""]","[{""state"":""specific-travel-filled-next"",""observedAt"":""2026-09-22T17:10:51.141Z"",""controlCount"":12},{""state"":""companions-individuals"",""observedAt"":""2026-09-22T17:11:28.813Z"",""controlCount"":12},{""state"":""companions-group-yes"",""observedAt"":""2026-09-22T17:11:44.194Z"",""controlCount"":9}]","[""companion_relationship""]",direct_id_candidate,"[{""code"":""plan_selector_differs_from_runtime_selector"",""mappingKey"":""companion_relationship"",""proven"":true}]",finalized_runtime_selector_reconciliation,ds160-live-reconciliation-delta-2026-09-22.json
companion_surname,Travel Companions,4,finalized_selector_reconciliation,selector_reconciliation_finalized,aggregate-only,false,text,text,,"[""text""]",travel_companions,"[""ctl00_SiteContentPlaceHolder_FormView1_dlTravelCompanions_ctl00_tbxSurname""]","[{""state"":""specific-travel-filled-next"",""observedAt"":""2026-09-22T17:10:51.141Z"",""controlCount"":12},{""state"":""companions-individuals"",""observedAt"":""2026-09-22T17:11:28.813Z"",""controlCount"":12},{""state"":""companions-group-yes"",""observedAt"":""2026-09-22T17:11:44.194Z"",""controlCount"":9}]","[""companion_surname""]",direct_id_candidate,"[{""code"":""plan_selector_differs_from_runtime_selector"",""mappingKey"":""companion_surname"",""proven"":true}]",finalized_runtime_selector_reconciliation,ds160-live-reconciliation-delta-2026-09-22.json
companion_given_names,Travel Companions,4,finalized_selector_reconciliation,selector_reconciliation_finalized,aggregate-only,false,text,text,,"[""text""]",travel_companions,"[""ctl00_SiteContentPlaceHolder_FormView1_dlTravelCompanions_ctl00_tbxGivenName""]","[{""state"":""specific-travel-filled-next"",""observedAt"":""2026-09-22T17:10:51.141Z"",""controlCount"":12},{""state"":""companions-individuals"",""observedAt"":""2026-09-22T17:11:28.813Z"",""controlCount"":12},{""state"":""companions-group-yes"",""observedAt"":""2026-09-22T17:11:44.194Z"",""controlCount"":9}]","[""companion_given_names""]",direct_id_candidate,"[{""code"":""plan_selector_differs_from_runtime_selector"",""mappingKey"":""companion_given_names"",""proven"":true}]",finalized_runtime_selector_reconciliation,ds160-live-reconciliation-delta-2026-09-22.json
visa_number_unknown,Previous U.S. Travel,5,finalized_selector_reconciliation,selector_reconciliation_finalized,aggregate-only,false,checkbox,checkbox,,"[""checkbox""]",previous_us_travel,"[""ctl00_SiteContentPlaceHolder_FormView1_cbxPREV_VISA_FOIL_NUMBER_NA"",""ctl00_SiteContentPlaceHolder_FormView1_dtlUS_DRIVER_LICENSE_ctl00_cbxUS_DRIVER_LICENSE_NA""]","[{""state"":""previous-us-travel-restored"",""observedAt"":""2026-09-22T17:14:15.933Z"",""controlCount"":12},{""state"":""previous-us-visits-yes"",""observedAt"":""2026-09-22T17:15:53.357Z"",""controlCount"":21},{""state"":""previous-visa-yes"",""observedAt"":""2026-09-22T17:16:21.388Z"",""controlCount"":37},{""state"":""previous-drivers-license-yes"",""observedAt"":""2026-09-22T17:16:37.832Z"",""controlCount"":40},{""state"":""previous-visa-lost-yes"",""observedAt"":""2026-09-22T17:16:50.316Z"",""controlCount"":42},{""state"":""previous-visa-cancelled-yes"",""observedAt"":""2026-09-22T17:17:03.356Z"",""controlCount"":43},{""state"":""previous-visa-refused-yes"",""observedAt"":""2026-09-22T17:17:16.357Z"",""controlCount"":44},{""state"":""previous-immigrant-petition-yes"",""observedAt"":""2026-09-22T17:17:37.451Z"",""controlCount"":45},{""state"":""address-and-phone-restored"",""observedAt"":""2026-09-22T17:18:01.222Z"",""controlCount"":45}]","[""visa_number_unknown""]",direct_id_candidate,[],finalized_runtime_selector_reconciliation,ds160-live-reconciliation-delta-2026-09-22.json
immigrant_petition_explain,Previous U.S. Travel,5,finalized_selector_reconciliation,selector_reconciliation_finalized,aggregate-only,false,textarea,textarea,,"[""text""]",previous_us_travel,"[""ctl00_SiteContentPlaceHolder_FormView1_tbxPREV_VISA_LOST_EXPL"",""ctl00_SiteContentPlaceHolder_FormView1_tbxPREV_VISA_CANCELLED_EXPL"",""ctl00_SiteContentPlaceHolder_FormView1_tbxPREV_VISA_REFUSED_EXPL"",""ctl00_SiteContentPlaceHolder_FormView1_tbxIV_PETITION_EXPL""]","[{""state"":""previous-us-travel-restored"",""observedAt"":""2026-09-22T17:14:15.933Z"",""controlCount"":12},{""state"":""previous-us-visits-yes"",""observedAt"":""2026-09-22T17:15:53.357Z"",""controlCount"":21},{""state"":""previous-visa-yes"",""observedAt"":""2026-09-22T17:16:21.388Z"",""controlCount"":37},{""state"":""previous-drivers-license-yes"",""observedAt"":""2026-09-22T17:16:37.832Z"",""controlCount"":40},{""state"":""previous-visa-lost-yes"",""observedAt"":""2026-09-22T17:16:50.316Z"",""controlCount"":42},{""state"":""previous-visa-cancelled-yes"",""observedAt"":""2026-09-22T17:17:03.356Z"",""controlCount"":43},{""state"":""previous-visa-refused-yes"",""observedAt"":""2026-09-22T17:17:16.357Z"",""controlCount"":44},{""state"":""previous-immigrant-petition-yes"",""observedAt"":""2026-09-22T17:17:37.451Z"",""controlCount"":45},{""state"":""address-and-phone-restored"",""observedAt"":""2026-09-22T17:18:01.222Z"",""controlCount"":45}]","[""immigrant_petition_explain""]",direct_id_candidate,"[{""code"":""plan_selector_differs_from_runtime_selector"",""mappingKey"":""immigrant_petition_explain"",""proven"":true}]",finalized_runtime_selector_reconciliation,ds160-live-reconciliation-delta-2026-09-22.json
previous_visit_date_arrived,Previous U.S. Travel,5,finalized_selector_reconciliation,selector_reconciliation_finalized,aggregate-only,false,date,date,,"[""select"",""text""]",previous_us_travel,"[""ctl00_SiteContentPlaceHolder_FormView1_dtlPREV_US_VISIT_ctl00_ddlPREV_US_VISIT_DTEDay"",""ctl00_SiteContentPlaceHolder_FormView1_dtlPREV_US_VISIT_ctl00_tbxPREV_US_VISIT_DTEYear"",""ctl00_SiteContentPlaceHolder_FormView1_dtlPREV_US_VISIT_ctl00_ddlPREV_US_VISIT_DTEMonth""]","[{""state"":""previous-us-travel-restored"",""observedAt"":""2026-09-22T17:14:15.933Z"",""controlCount"":12},{""state"":""previous-us-visits-yes"",""observedAt"":""2026-09-22T17:15:53.357Z"",""controlCount"":21},{""state"":""previous-visa-yes"",""observedAt"":""2026-09-22T17:16:21.388Z"",""controlCount"":37},{""state"":""previous-drivers-license-yes"",""observedAt"":""2026-09-22T17:16:37.832Z"",""controlCount"":40},{""state"":""previous-visa-lost-yes"",""observedAt"":""2026-09-22T17:16:50.316Z"",""controlCount"":42},{""state"":""previous-visa-cancelled-yes"",""observedAt"":""2026-09-22T17:17:03.356Z"",""controlCount"":43},{""state"":""previous-visa-refused-yes"",""observedAt"":""2026-09-22T17:17:16.357Z"",""controlCount"":44},{""state"":""previous-immigrant-petition-yes"",""observedAt"":""2026-09-22T17:17:37.451Z"",""controlCount"":45},{""state"":""address-and-phone-restored"",""observedAt"":""2026-09-22T17:18:01.222Z"",""controlCount"":45}]","[""previous_visit_date_arrived_day"",""previous_visit_date_arrived_month"",""previous_visit_date_arrived_year""]",direct_id_candidate,"[{""code"":""plan_selector_differs_from_runtime_selector"",""mappingKey"":""previous_visit_date_arrived_day"",""proven"":true},{""code"":""plan_selector_differs_from_runtime_selector"",""mappingKey"":""previous_visit_date_arrived_month"",""proven"":true},{""code"":""plan_selector_differs_from_runtime_selector"",""mappingKey"":""previous_visit_date_arrived_year"",""proven"":true}]",finalized_runtime_selector_reconciliation,ds160-live-reconciliation-delta-2026-09-22.json
refusal_explain,Previous U.S. Travel,5,finalized_selector_reconciliation,selector_reconciliation_finalized,aggregate-only,false,textarea,textarea,,"[""text""]",previous_us_travel,"[""ctl00_SiteContentPlaceHolder_FormView1_tbxPREV_VISA_LOST_EXPL"",""ctl00_SiteContentPlaceHolder_FormView1_tbxPREV_VISA_CANCELLED_EXPL"",""ctl00_SiteContentPlaceHolder_FormView1_tbxPREV_VISA_REFUSED_EXPL"",""ctl00_SiteContentPlaceHolder_FormView1_tbxIV_PETITION_EXPL""]","[{""state"":""previous-us-travel-restored"",""observedAt"":""2026-09-22T17:14:15.933Z"",""controlCount"":12},{""state"":""previous-us-visits-yes"",""observedAt"":""2026-09-22T17:15:53.357Z"",""controlCount"":21},{""state"":""previous-visa-yes"",""observedAt"":""2026-09-22T17:16:21.388Z"",""controlCount"":37},{""state"":""previous-drivers-license-yes"",""observedAt"":""2026-09-22T17:16:37.832Z"",""controlCount"":40},{""state"":""previous-visa-lost-yes"",""observedAt"":""2026-09-22T17:16:50.316Z"",""controlCount"":42},{""state"":""previous-visa-cancelled-yes"",""observedAt"":""2026-09-22T17:17:03.356Z"",""controlCount"":43},{""state"":""previous-visa-refused-yes"",""observedAt"":""2026-09-22T17:17:16.357Z"",""controlCount"":44},{""state"":""previous-immigrant-petition-yes"",""observedAt"":""2026-09-22T17:17:37.451Z"",""controlCount"":45},{""state"":""address-and-phone-restored"",""observedAt"":""2026-09-22T17:18:01.222Z"",""controlCount"":45}]","[""refusal_explain""]",direct_id_candidate,"[{""code"":""plan_selector_differs_from_runtime_selector"",""mappingKey"":""refusal_explain"",""proven"":true}]",finalized_runtime_selector_reconciliation,ds160-live-reconciliation-delta-2026-09-22.json
us_drivers_license_number,Previous U.S. Travel,5,finalized_selector_reconciliation,selector_reconciliation_finalized,aggregate-only,false,text,text,,"[""text"",""checkbox""]",previous_us_travel,"[""ctl00_SiteContentPlaceHolder_FormView1_dtlUS_DRIVER_LICENSE_ctl00_tbxUS_DRIVER_LICENSE"",""ctl00_SiteContentPlaceHolder_FormView1_cbxPREV_VISA_FOIL_NUMBER_NA"",""ctl00_SiteContentPlaceHolder_FormView1_dtlUS_DRIVER_LICENSE_ctl00_cbxUS_DRIVER_LICENSE_NA""]","[{""state"":""previous-us-travel-restored"",""observedAt"":""2026-09-22T17:14:15.933Z"",""controlCount"":12},{""state"":""previous-us-visits-yes"",""observedAt"":""2026-09-22T17:15:53.357Z"",""controlCount"":21},{""state"":""previous-visa-yes"",""observedAt"":""2026-09-22T17:16:21.388Z"",""controlCount"":37},{""state"":""previous-drivers-license-yes"",""observedAt"":""2026-09-22T17:16:37.832Z"",""controlCount"":40},{""state"":""previous-visa-lost-yes"",""observedAt"":""2026-09-22T17:16:50.316Z"",""controlCount"":42},{""state"":""previous-visa-cancelled-yes"",""observedAt"":""2026-09-22T17:17:03.356Z"",""controlCount"":43},{""state"":""previous-visa-refused-yes"",""observedAt"":""2026-09-22T17:17:16.357Z"",""controlCount"":44},{""state"":""previous-immigrant-petition-yes"",""observedAt"":""2026-09-22T17:17:37.451Z"",""controlCount"":45},{""state"":""address-and-phone-restored"",""observedAt"":""2026-09-22T17:18:01.222Z"",""controlCount"":45}]","[""us_drivers_license_number"",""us_drivers_license_number_unknown""]",direct_id_candidate,"[{""code"":""plan_selector_differs_from_runtime_selector"",""mappingKey"":""us_drivers_license_number"",""proven"":true}]",finalized_runtime_selector_reconciliation,ds160-live-reconciliation-delta-2026-09-22.json
visa_cancelled_or_revoked_explain,Previous U.S. Travel,5,finalized_selector_reconciliation,selector_reconciliation_finalized,aggregate-only,false,textarea,textarea,,"[""text""]",previous_us_travel,"[""ctl00_SiteContentPlaceHolder_FormView1_tbxPREV_VISA_LOST_EXPL"",""ctl00_SiteContentPlaceHolder_FormView1_tbxPREV_VISA_CANCELLED_EXPL"",""ctl00_SiteContentPlaceHolder_FormView1_tbxPREV_VISA_REFUSED_EXPL"",""ctl00_SiteContentPlaceHolder_FormView1_tbxIV_PETITION_EXPL""]","[{""state"":""previous-us-travel-restored"",""observedAt"":""2026-09-22T17:14:15.933Z"",""controlCount"":12},{""state"":""previous-us-visits-yes"",""observedAt"":""2026-09-22T17:15:53.357Z"",""controlCount"":21},{""state"":""previous-visa-yes"",""observedAt"":""2026-09-22T17:16:21.388Z"",""controlCount"":37},{""state"":""previous-drivers-license-yes"",""observedAt"":""2026-09-22T17:16:37.832Z"",""controlCount"":40},{""state"":""previous-visa-lost-yes"",""observedAt"":""2026-09-22T17:16:50.316Z"",""controlCount"":42},{""state"":""previous-visa-cancelled-yes"",""observedAt"":""2026-09-22T17:17:03.356Z"",""controlCount"":43},{""state"":""previous-visa-refused-yes"",""observedAt"":""2026-09-22T17:17:16.357Z"",""controlCount"":44},{""state"":""previous-immigrant-petition-yes"",""observedAt"":""2026-09-22T17:17:37.451Z"",""controlCount"":45},{""state"":""address-and-phone-restored"",""observedAt"":""2026-09-22T17:18:01.222Z"",""controlCount"":45}]","[""visa_cancelled_or_revoked_explain""]",direct_id_candidate,"[{""code"":""plan_selector_differs_from_runtime_selector"",""mappingKey"":""visa_cancelled_or_revoked_explain"",""proven"":true}]",finalized_runtime_selector_reconciliation,ds160-live-reconciliation-delta-2026-09-22.json
visa_lost_or_stolen_explain,Previous U.S. Travel,5,finalized_selector_reconciliation,selector_reconciliation_finalized,aggregate-only,false,textarea,textarea,,"[""text""]",previous_us_travel,"[""ctl00_SiteContentPlaceHolder_FormView1_tbxPREV_VISA_LOST_EXPL"",""ctl00_SiteContentPlaceHolder_FormView1_tbxPREV_VISA_CANCELLED_EXPL"",""ctl00_SiteContentPlaceHolder_FormView1_tbxPREV_VISA_REFUSED_EXPL"",""ctl00_SiteContentPlaceHolder_FormView1_tbxIV_PETITION_EXPL""]","[{""state"":""previous-us-travel-restored"",""observedAt"":""2026-09-22T17:14:15.933Z"",""controlCount"":12},{""state"":""previous-us-visits-yes"",""observedAt"":""2026-09-22T17:15:53.357Z"",""controlCount"":21},{""state"":""previous-visa-yes"",""observedAt"":""2026-09-22T17:16:21.388Z"",""controlCount"":37},{""state"":""previous-drivers-license-yes"",""observedAt"":""2026-09-22T17:16:37.832Z"",""controlCount"":40},{""state"":""previous-visa-lost-yes"",""observedAt"":""2026-09-22T17:16:50.316Z"",""controlCount"":42},{""state"":""previous-visa-cancelled-yes"",""observedAt"":""2026-09-22T17:17:03.356Z"",""controlCount"":43},{""state"":""previous-visa-refused-yes"",""observedAt"":""2026-09-22T17:17:16.357Z"",""controlCount"":44},{""state"":""previous-immigrant-petition-yes"",""observedAt"":""2026-09-22T17:17:37.451Z"",""controlCount"":45},{""state"":""address-and-phone-restored"",""observedAt"":""2026-09-22T17:18:01.222Z"",""controlCount"":45}]","[""visa_lost_or_stolen_explain""]",direct_id_candidate,"[{""code"":""plan_selector_differs_from_runtime_selector"",""mappingKey"":""visa_lost_or_stolen_explain"",""proven"":true}]",finalized_runtime_selector_reconciliation,ds160-live-reconciliation-delta-2026-09-22.json
has_been_ten_printed,Previous U.S. Travel,5,finalized_selector_reconciliation,selector_reconciliation_finalized,aggregate-only,false,radio,radio,,"[""radio""]",previous_us_travel,"[""ctl00_SiteContentPlaceHolder_FormView1_rblPREV_VISA_TEN_PRINT_IND_0"",""ctl00_SiteContentPlaceHolder_FormView1_rblPREV_VISA_TEN_PRINT_IND_1""]","[{""state"":""previous-us-travel-restored"",""observedAt"":""2026-09-22T17:14:15.933Z"",""controlCount"":12},{""state"":""previous-us-visits-yes"",""observedAt"":""2026-09-22T17:15:53.357Z"",""controlCount"":21},{""state"":""previous-visa-yes"",""observedAt"":""2026-09-22T17:16:21.388Z"",""controlCount"":37},{""state"":""previous-drivers-license-yes"",""observedAt"":""2026-09-22T17:16:37.832Z"",""controlCount"":40},{""state"":""previous-visa-lost-yes"",""observedAt"":""2026-09-22T17:16:50.316Z"",""controlCount"":42},{""state"":""previous-visa-cancelled-yes"",""observedAt"":""2026-09-22T17:17:03.356Z"",""controlCount"":43},{""state"":""previous-visa-refused-yes"",""observedAt"":""2026-09-22T17:17:16.357Z"",""controlCount"":44},{""state"":""previous-immigrant-petition-yes"",""observedAt"":""2026-09-22T17:17:37.451Z"",""controlCount"":45},{""state"":""address-and-phone-restored"",""observedAt"":""2026-09-22T17:18:01.222Z"",""controlCount"":45}]","[""has_been_ten_printed""]",ambiguous_direct_id_selector_candidate,"[{""code"":""plan_selector_differs_from_runtime_selector"",""mappingKey"":""has_been_ten_printed"",""proven"":true}]",finalized_runtime_selector_reconciliation,ds160-live-reconciliation-delta-2026-09-22.json
has_us_drivers_license,Previous U.S. Travel,5,finalized_selector_reconciliation,selector_reconciliation_finalized,aggregate-only,false,radio,radio,,"[""radio""]",previous_us_travel,"[""ctl00_SiteContentPlaceHolder_FormView1_rblPREV_US_DRIVER_LIC_IND_0"",""ctl00_SiteContentPlaceHolder_FormView1_rblPREV_US_DRIVER_LIC_IND_1""]","[{""state"":""previous-us-travel-restored"",""observedAt"":""2026-09-22T17:14:15.933Z"",""controlCount"":12},{""state"":""previous-us-visits-yes"",""observedAt"":""2026-09-22T17:15:53.357Z"",""controlCount"":21},{""state"":""previous-visa-yes"",""observedAt"":""2026-09-22T17:16:21.388Z"",""controlCount"":37},{""state"":""previous-drivers-license-yes"",""observedAt"":""2026-09-22T17:16:37.832Z"",""controlCount"":40},{""state"":""previous-visa-lost-yes"",""observedAt"":""2026-09-22T17:16:50.316Z"",""controlCount"":42},{""state"":""previous-visa-cancelled-yes"",""observedAt"":""2026-09-22T17:17:03.356Z"",""controlCount"":43},{""state"":""previous-visa-refused-yes"",""observedAt"":""2026-09-22T17:17:16.357Z"",""controlCount"":44},{""state"":""previous-immigrant-petition-yes"",""observedAt"":""2026-09-22T17:17:37.451Z"",""controlCount"":45},{""state"":""address-and-phone-restored"",""observedAt"":""2026-09-22T17:18:01.222Z"",""controlCount"":45}]","[""has_us_drivers_license""]",ambiguous_direct_id_selector_candidate,"[{""code"":""plan_selector_differs_from_runtime_selector"",""mappingKey"":""has_us_drivers_license"",""proven"":true}]",finalized_runtime_selector_reconciliation,ds160-live-reconciliation-delta-2026-09-22.json
last_visa_issue_day,Previous U.S. Travel,5,finalized_selector_reconciliation,selector_reconciliation_finalized,aggregate-only,false,select,select,,"[""select""]",previous_us_travel,"[""ctl00_SiteContentPlaceHolder_FormView1_ddlPREV_VISA_ISSUED_DTEDay""]","[{""state"":""previous-us-travel-restored"",""observedAt"":""2026-09-22T17:14:15.933Z"",""controlCount"":12},{""state"":""previous-us-visits-yes"",""observedAt"":""2026-09-22T17:15:53.357Z"",""controlCount"":21},{""state"":""previous-visa-yes"",""observedAt"":""2026-09-22T17:16:21.388Z"",""controlCount"":37},{""state"":""previous-drivers-license-yes"",""observedAt"":""2026-09-22T17:16:37.832Z"",""controlCount"":40},{""state"":""previous-visa-lost-yes"",""observedAt"":""2026-09-22T17:16:50.316Z"",""controlCount"":42},{""state"":""previous-visa-cancelled-yes"",""observedAt"":""2026-09-22T17:17:03.356Z"",""controlCount"":43},{""state"":""previous-visa-refused-yes"",""observedAt"":""2026-09-22T17:17:16.357Z"",""controlCount"":44},{""state"":""previous-immigrant-petition-yes"",""observedAt"":""2026-09-22T17:17:37.451Z"",""controlCount"":45},{""state"":""address-and-phone-restored"",""observedAt"":""2026-09-22T17:18:01.222Z"",""controlCount"":45}]","[""last_visa_issue_day""]",direct_id_candidate,"[{""code"":""plan_selector_differs_from_runtime_selector"",""mappingKey"":""last_visa_issue_day"",""proven"":true}]",finalized_runtime_selector_reconciliation,ds160-live-reconciliation-delta-2026-09-22.json
last_visa_issue_month,Previous U.S. Travel,5,finalized_selector_reconciliation,selector_reconciliation_finalized,aggregate-only,false,select,select,,"[""select""]",previous_us_travel,"[""ctl00_SiteContentPlaceHolder_FormView1_ddlPREV_VISA_ISSUED_DTEMonth""]","[{""state"":""previous-us-travel-restored"",""observedAt"":""2026-09-22T17:14:15.933Z"",""controlCount"":12},{""state"":""previous-us-visits-yes"",""observedAt"":""2026-09-22T17:15:53.357Z"",""controlCount"":21},{""state"":""previous-visa-yes"",""observedAt"":""2026-09-22T17:16:21.388Z"",""controlCount"":37},{""state"":""previous-drivers-license-yes"",""observedAt"":""2026-09-22T17:16:37.832Z"",""controlCount"":40},{""state"":""previous-visa-lost-yes"",""observedAt"":""2026-09-22T17:16:50.316Z"",""controlCount"":42},{""state"":""previous-visa-cancelled-yes"",""observedAt"":""2026-09-22T17:17:03.356Z"",""controlCount"":43},{""state"":""previous-visa-refused-yes"",""observedAt"":""2026-09-22T17:17:16.357Z"",""controlCount"":44},{""state"":""previous-immigrant-petition-yes"",""observedAt"":""2026-09-22T17:17:37.451Z"",""controlCount"":45},{""state"":""address-and-phone-restored"",""observedAt"":""2026-09-22T17:18:01.222Z"",""controlCount"":45}]","[""last_visa_issue_month""]",direct_id_candidate,"[{""code"":""plan_selector_differs_from_runtime_selector"",""mappingKey"":""last_visa_issue_month"",""proven"":true}]",finalized_runtime_selector_reconciliation,ds160-live-reconciliation-delta-2026-09-22.json
last_visa_issue_year,Previous U.S. Travel,5,finalized_selector_reconciliation,selector_reconciliation_finalized,aggregate-only,false,text,text,,"[""text""]",previous_us_travel,"[""ctl00_SiteContentPlaceHolder_FormView1_tbxPREV_VISA_ISSUED_DTEYear""]","[{""state"":""previous-us-travel-restored"",""observedAt"":""2026-09-22T17:14:15.933Z"",""controlCount"":12},{""state"":""previous-us-visits-yes"",""observedAt"":""2026-09-22T17:15:53.357Z"",""controlCount"":21},{""state"":""previous-visa-yes"",""observedAt"":""2026-09-22T17:16:21.388Z"",""controlCount"":37},{""state"":""previous-drivers-license-yes"",""observedAt"":""2026-09-22T17:16:37.832Z"",""controlCount"":40},{""state"":""previous-visa-lost-yes"",""observedAt"":""2026-09-22T17:16:50.316Z"",""controlCount"":42},{""state"":""previous-visa-cancelled-yes"",""observedAt"":""2026-09-22T17:17:03.356Z"",""controlCount"":43},{""state"":""previous-visa-refused-yes"",""observedAt"":""2026-09-22T17:17:16.357Z"",""controlCount"":44},{""state"":""previous-immigrant-petition-yes"",""observedAt"":""2026-09-22T17:17:37.451Z"",""controlCount"":45},{""state"":""address-and-phone-restored"",""observedAt"":""2026-09-22T17:18:01.222Z"",""controlCount"":45}]","[""last_visa_issue_year""]",direct_id_candidate,"[{""code"":""plan_selector_differs_from_runtime_selector"",""mappingKey"":""last_visa_issue_year"",""proven"":true}]",finalized_runtime_selector_reconciliation,ds160-live-reconciliation-delta-2026-09-22.json
previous_visit_length_of_stay,Previous U.S. Travel,5,finalized_selector_reconciliation,selector_reconciliation_finalized,aggregate-only,false,text,text,,"[""text""]",previous_us_travel,"[""ctl00_SiteContentPlaceHolder_FormView1_dtlPREV_US_VISIT_ctl00_tbxPREV_US_VISIT_LOS""]","[{""state"":""previous-us-travel-restored"",""observedAt"":""2026-09-22T17:14:15.933Z"",""controlCount"":12},{""state"":""previous-us-visits-yes"",""observedAt"":""2026-09-22T17:15:53.357Z"",""controlCount"":21},{""state"":""previous-visa-yes"",""observedAt"":""2026-09-22T17:16:21.388Z"",""controlCount"":37},{""state"":""previous-drivers-license-yes"",""observedAt"":""2026-09-22T17:16:37.832Z"",""controlCount"":40},{""state"":""previous-visa-lost-yes"",""observedAt"":""2026-09-22T17:16:50.316Z"",""controlCount"":42},{""state"":""previous-visa-cancelled-yes"",""observedAt"":""2026-09-22T17:17:03.356Z"",""controlCount"":43},{""state"":""previous-visa-refused-yes"",""observedAt"":""2026-09-22T17:17:16.357Z"",""controlCount"":44},{""state"":""previous-immigrant-petition-yes"",""observedAt"":""2026-09-22T17:17:37.451Z"",""controlCount"":45},{""state"":""address-and-phone-restored"",""observedAt"":""2026-09-22T17:18:01.222Z"",""controlCount"":45}]","[""previous_visit_length_of_stay""]",direct_id_candidate,"[{""code"":""plan_selector_differs_from_runtime_selector"",""mappingKey"":""previous_visit_length_of_stay"",""proven"":true}]",finalized_runtime_selector_reconciliation,ds160-live-reconciliation-delta-2026-09-22.json
previous_visit_length_of_stay_unit,Previous U.S. Travel,5,finalized_selector_reconciliation,selector_reconciliation_finalized,aggregate-only,false,select,select,,"[""select""]",previous_us_travel,"[""ctl00_SiteContentPlaceHolder_FormView1_dtlPREV_US_VISIT_ctl00_ddlPREV_US_VISIT_LOS_CD""]","[{""state"":""previous-us-travel-restored"",""observedAt"":""2026-09-22T17:14:15.933Z"",""controlCount"":12},{""state"":""previous-us-visits-yes"",""observedAt"":""2026-09-22T17:15:53.357Z"",""controlCount"":21},{""state"":""previous-visa-yes"",""observedAt"":""2026-09-22T17:16:21.388Z"",""controlCount"":37},{""state"":""previous-drivers-license-yes"",""observedAt"":""2026-09-22T17:16:37.832Z"",""controlCount"":40},{""state"":""previous-visa-lost-yes"",""observedAt"":""2026-09-22T17:16:50.316Z"",""controlCount"":42},{""state"":""previous-visa-cancelled-yes"",""observedAt"":""2026-09-22T17:17:03.356Z"",""controlCount"":43},{""state"":""previous-visa-refused-yes"",""observedAt"":""2026-09-22T17:17:16.357Z"",""controlCount"":44},{""state"":""previous-immigrant-petition-yes"",""observedAt"":""2026-09-22T17:17:37.451Z"",""controlCount"":45},{""state"":""address-and-phone-restored"",""observedAt"":""2026-09-22T17:18:01.222Z"",""controlCount"":45}]","[""previous_visit_length_of_stay_unit""]",direct_id_candidate,"[{""code"":""plan_selector_differs_from_runtime_selector"",""mappingKey"":""previous_visit_length_of_stay_unit"",""proven"":true}]",finalized_runtime_selector_reconciliation,ds160-live-reconciliation-delta-2026-09-22.json
additional_email,Address and Phone,6,finalized_selector_reconciliation,selector_reconciliation_finalized,aggregate-only,false,text,text,,"[""text""]",address_and_phone,"[""ctl00_SiteContentPlaceHolder_FormView1_dtlAddEmail_ctl00_tbxAddEmailInfo""]","[{""state"":""address-phone-ready"",""observedAt"":""2026-09-22T17:18:36.013Z"",""controlCount"":36},{""state"":""address-additional-phone-yes"",""observedAt"":""2026-09-22T17:19:02.656Z"",""controlCount"":37},{""state"":""address-additional-email-yes"",""observedAt"":""2026-09-22T17:19:14.320Z"",""controlCount"":38},{""state"":""address-additional-social-yes"",""observedAt"":""2026-09-22T17:19:27.060Z"",""controlCount"":40}]","[""additional_email""]",direct_id_candidate,"[{""code"":""plan_selector_differs_from_runtime_selector"",""mappingKey"":""additional_email"",""proven"":true}]",finalized_runtime_selector_reconciliation,ds160-live-reconciliation-delta-2026-09-22.json
additional_phone,Address and Phone,6,finalized_selector_reconciliation,selector_reconciliation_finalized,aggregate-only,false,text,text,,"[""text""]",address_and_phone,"[""ctl00_SiteContentPlaceHolder_FormView1_dtlAddPhone_ctl00_tbxAddPhoneInfo""]","[{""state"":""address-phone-ready"",""observedAt"":""2026-09-22T17:18:36.013Z"",""controlCount"":36},{""state"":""address-additional-phone-yes"",""observedAt"":""2026-09-22T17:19:02.656Z"",""controlCount"":37},{""state"":""address-additional-email-yes"",""observedAt"":""2026-09-22T17:19:14.320Z"",""controlCount"":38},{""state"":""address-additional-social-yes"",""observedAt"":""2026-09-22T17:19:27.060Z"",""controlCount"":40}]","[""additional_phone""]",direct_id_candidate,"[{""code"":""plan_selector_differs_from_runtime_selector"",""mappingKey"":""additional_phone"",""proven"":true}]",finalized_runtime_selector_reconciliation,ds160-live-reconciliation-delta-2026-09-22.json
secondary_phone,Address and Phone,6,finalized_selector_reconciliation,selector_reconciliation_finalized,aggregate-only,false,text,text,,"[""text"",""checkbox""]",address_and_phone,"[""ctl00_SiteContentPlaceHolder_FormView1_tbxAPP_MOBILE_TEL"",""ctl00_SiteContentPlaceHolder_FormView1_cbexAPP_MOBILE_TEL_NA""]","[{""state"":""address-phone-ready"",""observedAt"":""2026-09-22T17:18:36.013Z"",""controlCount"":36},{""state"":""address-additional-phone-yes"",""observedAt"":""2026-09-22T17:19:02.656Z"",""controlCount"":37},{""state"":""address-additional-email-yes"",""observedAt"":""2026-09-22T17:19:14.320Z"",""controlCount"":38},{""state"":""address-additional-social-yes"",""observedAt"":""2026-09-22T17:19:27.060Z"",""controlCount"":40}]","[""secondary_phone"",""secondary_phone_na""]",direct_id_candidate,"[{""code"":""plan_selector_differs_from_runtime_selector"",""mappingKey"":""secondary_phone"",""proven"":true}]",finalized_runtime_selector_reconciliation,ds160-live-reconciliation-delta-2026-09-22.json
mailing_address_city,Address and Phone,6,finalized_selector_reconciliation,selector_reconciliation_finalized,aggregate-only,false,text,text,,"[""text""]",address_and_phone,"[""ctl00_SiteContentPlaceHolder_FormView1_tbxMAILING_ADDR_CITY""]","[{""state"":""address-phone-ready"",""observedAt"":""2026-09-22T17:18:36.013Z"",""controlCount"":36},{""state"":""address-additional-phone-yes"",""observedAt"":""2026-09-22T17:19:02.656Z"",""controlCount"":37},{""state"":""address-additional-email-yes"",""observedAt"":""2026-09-22T17:19:14.320Z"",""controlCount"":38},{""state"":""address-additional-social-yes"",""observedAt"":""2026-09-22T17:19:27.060Z"",""controlCount"":40}]","[""mailing_address_city""]",direct_id_candidate,"[{""code"":""plan_selector_differs_from_runtime_selector"",""mappingKey"":""mailing_address_city"",""proven"":true}]",finalized_runtime_selector_reconciliation,ds160-live-reconciliation-delta-2026-09-22.json
mailing_address_country,Address and Phone,6,finalized_selector_reconciliation,selector_reconciliation_finalized,aggregate-only,false,select,select,,"[""select""]",address_and_phone,"[""ctl00_SiteContentPlaceHolder_FormView1_ddlMailCountry""]","[{""state"":""address-phone-ready"",""observedAt"":""2026-09-22T17:18:36.013Z"",""controlCount"":36},{""state"":""address-additional-phone-yes"",""observedAt"":""2026-09-22T17:19:02.656Z"",""controlCount"":37},{""state"":""address-additional-email-yes"",""observedAt"":""2026-09-22T17:19:14.320Z"",""controlCount"":38},{""state"":""address-additional-social-yes"",""observedAt"":""2026-09-22T17:19:27.060Z"",""controlCount"":40}]","[""mailing_address_country""]",direct_id_candidate,"[{""code"":""plan_selector_differs_from_runtime_selector"",""mappingKey"":""mailing_address_country"",""proven"":true}]",finalized_runtime_selector_reconciliation,ds160-live-reconciliation-delta-2026-09-22.json
mailing_address_line1,Address and Phone,6,finalized_selector_reconciliation,selector_reconciliation_finalized,aggregate-only,false,text,text,,"[""text""]",address_and_phone,"[""ctl00_SiteContentPlaceHolder_FormView1_tbxMAILING_ADDR_LN1""]","[{""state"":""address-phone-ready"",""observedAt"":""2026-09-22T17:18:36.013Z"",""controlCount"":36},{""state"":""address-additional-phone-yes"",""observedAt"":""2026-09-22T17:19:02.656Z"",""controlCount"":37},{""state"":""address-additional-email-yes"",""observedAt"":""2026-09-22T17:19:14.320Z"",""controlCount"":38},{""state"":""address-additional-social-yes"",""observedAt"":""2026-09-22T17:19:27.060Z"",""controlCount"":40}]","[""mailing_address_line1""]",direct_id_candidate,"[{""code"":""plan_selector_differs_from_runtime_selector"",""mappingKey"":""mailing_address_line1"",""proven"":true}]",finalized_runtime_selector_reconciliation,ds160-live-reconciliation-delta-2026-09-22.json
mailing_address_line2,Address and Phone,6,finalized_selector_reconciliation,selector_reconciliation_finalized,aggregate-only,false,text,text,,"[""text""]",address_and_phone,"[""ctl00_SiteContentPlaceHolder_FormView1_tbxMAILING_ADDR_LN2""]","[{""state"":""address-phone-ready"",""observedAt"":""2026-09-22T17:18:36.013Z"",""controlCount"":36},{""state"":""address-additional-phone-yes"",""observedAt"":""2026-09-22T17:19:02.656Z"",""controlCount"":37},{""state"":""address-additional-email-yes"",""observedAt"":""2026-09-22T17:19:14.320Z"",""controlCount"":38},{""state"":""address-additional-social-yes"",""observedAt"":""2026-09-22T17:19:27.060Z"",""controlCount"":40}]","[""mailing_address_line2""]",direct_id_candidate,"[{""code"":""plan_selector_differs_from_runtime_selector"",""mappingKey"":""mailing_address_line2"",""proven"":true}]",finalized_runtime_selector_reconciliation,ds160-live-reconciliation-delta-2026-09-22.json
mailing_address_postal,Address and Phone,6,finalized_selector_reconciliation,selector_reconciliation_finalized,aggregate-only,false,text,text,,"[""text"",""checkbox""]",address_and_phone,"[""ctl00_SiteContentPlaceHolder_FormView1_tbxMAILING_ADDR_POSTAL_CD"",""ctl00_SiteContentPlaceHolder_FormView1_cbexMAILING_ADDR_POSTAL_CD_NA""]","[{""state"":""address-phone-ready"",""observedAt"":""2026-09-22T17:18:36.013Z"",""controlCount"":36},{""state"":""address-additional-phone-yes"",""observedAt"":""2026-09-22T17:19:02.656Z"",""controlCount"":37},{""state"":""address-additional-email-yes"",""observedAt"":""2026-09-22T17:19:14.320Z"",""controlCount"":38},{""state"":""address-additional-social-yes"",""observedAt"":""2026-09-22T17:19:27.060Z"",""controlCount"":40}]","[""mailing_address_postal"",""mailing_address_postal_na""]",direct_id_candidate,"[{""code"":""plan_selector_differs_from_runtime_selector"",""mappingKey"":""mailing_address_postal"",""proven"":true}]",finalized_runtime_selector_reconciliation,ds160-live-reconciliation-delta-2026-09-22.json
mailing_address_state,Address and Phone,6,finalized_selector_reconciliation,selector_reconciliation_finalized,aggregate-only,false,text,text,,"[""text"",""checkbox""]",address_and_phone,"[""ctl00_SiteContentPlaceHolder_FormView1_tbxMAILING_ADDR_STATE"",""ctl00_SiteContentPlaceHolder_FormView1_cbexMAILING_ADDR_STATE_NA""]","[{""state"":""address-phone-ready"",""observedAt"":""2026-09-22T17:18:36.013Z"",""controlCount"":36},{""state"":""address-additional-phone-yes"",""observedAt"":""2026-09-22T17:19:02.656Z"",""controlCount"":37},{""state"":""address-additional-email-yes"",""observedAt"":""2026-09-22T17:19:14.320Z"",""controlCount"":38},{""state"":""address-additional-social-yes"",""observedAt"":""2026-09-22T17:19:27.060Z"",""controlCount"":40}]","[""mailing_address_state"",""mailing_address_state_na""]",direct_id_candidate,"[{""code"":""plan_selector_differs_from_runtime_selector"",""mappingKey"":""mailing_address_state"",""proven"":true}]",finalized_runtime_selector_reconciliation,ds160-live-reconciliation-delta-2026-09-22.json
other_social_media_identifier,Address and Phone,6,finalized_selector_reconciliation,selector_reconciliation_finalized,aggregate-only,false,text,text,,"[""text""]",address_and_phone,"[""ctl00_SiteContentPlaceHolder_FormView1_dtlAddSocial_ctl00_tbxAddSocialHand""]","[{""state"":""address-phone-ready"",""observedAt"":""2026-09-22T17:18:36.013Z"",""controlCount"":36},{""state"":""address-additional-phone-yes"",""observedAt"":""2026-09-22T17:19:02.656Z"",""controlCount"":37},{""state"":""address-additional-email-yes"",""observedAt"":""2026-09-22T17:19:14.320Z"",""controlCount"":38},{""state"":""address-additional-social-yes"",""observedAt"":""2026-09-22T17:19:27.060Z"",""controlCount"":40}]","[""other_social_media_identifier""]",direct_id_candidate,"[{""code"":""plan_selector_differs_from_runtime_selector"",""mappingKey"":""other_social_media_identifier"",""proven"":true}]",finalized_runtime_selector_reconciliation,ds160-live-reconciliation-delta-2026-09-22.json
other_social_media_name,Address and Phone,6,finalized_selector_reconciliation,selector_reconciliation_finalized,aggregate-only,false,text,text,,"[""text""]",address_and_phone,"[""ctl00_SiteContentPlaceHolder_FormView1_dtlAddSocial_ctl00_tbxAddSocialPlat""]","[{""state"":""address-phone-ready"",""observedAt"":""2026-09-22T17:18:36.013Z"",""controlCount"":36},{""state"":""address-additional-phone-yes"",""observedAt"":""2026-09-22T17:19:02.656Z"",""controlCount"":37},{""state"":""address-additional-email-yes"",""observedAt"":""2026-09-22T17:19:14.320Z"",""controlCount"":38},{""state"":""address-additional-social-yes"",""observedAt"":""2026-09-22T17:19:27.060Z"",""controlCount"":40}]","[""other_social_media_name""]",direct_id_candidate,"[{""code"":""plan_selector_differs_from_runtime_selector"",""mappingKey"":""other_social_media_name"",""proven"":true}]",finalized_runtime_selector_reconciliation,ds160-live-reconciliation-delta-2026-09-22.json
passport_document_type_explain,Passport Information,7,finalized_selector_reconciliation,selector_reconciliation_finalized,aggregate-only,false,text,textarea,4000,"[""text""]",passport,"[""ctl00_SiteContentPlaceHolder_FormView1_tbxPptOtherExpl""]","[{""state"":""retrieved-passport"",""observedAt"":""2026-09-22T16:55:32.379Z"",""controlCount"":24},{""state"":""passport-lost-yes"",""observedAt"":""2026-09-22T16:56:04.374Z"",""controlCount"":28},{""state"":""passport-lost-number-unknown"",""observedAt"":""2026-09-22T16:56:53.907Z"",""controlCount"":28},{""state"":""passport-document-other"",""observedAt"":""2026-09-22T16:58:13.363Z"",""controlCount"":25}]","[""passport_document_type_explain""]",direct_id_candidate,"[{""code"":""plan_selector_differs_from_runtime_selector"",""mappingKey"":""passport_document_type_explain"",""proven"":true}]",finalized_runtime_selector_reconciliation,ds160-live-reconciliation-delta-2026-09-22.json
lost_passport_country,Passport Information,7,finalized_selector_reconciliation,selector_reconciliation_finalized,aggregate-only,false,select,select,,"[""select""]",passport,"[""ctl00_SiteContentPlaceHolder_FormView1_ddlPPT_ISSUED_CNTRY"",""ctl00_SiteContentPlaceHolder_FormView1_dtlLostPPT_ctl00_ddlLOST_PPT_NATL""]","[{""state"":""retrieved-passport"",""observedAt"":""2026-09-22T16:55:32.379Z"",""controlCount"":24},{""state"":""passport-lost-yes"",""observedAt"":""2026-09-22T16:56:04.374Z"",""controlCount"":28},{""state"":""passport-lost-number-unknown"",""observedAt"":""2026-09-22T16:56:53.907Z"",""controlCount"":28},{""state"":""passport-document-other"",""observedAt"":""2026-09-22T16:58:13.363Z"",""controlCount"":25}]","[""lost_passport_country""]",direct_id_candidate,"[{""code"":""plan_selector_differs_from_runtime_selector"",""mappingKey"":""lost_passport_country"",""proven"":true}]",finalized_runtime_selector_reconciliation,ds160-live-reconciliation-delta-2026-09-22.json
lost_passport_explain,Passport Information,7,finalized_selector_reconciliation,selector_reconciliation_finalized,aggregate-only,false,textarea,textarea,4000,"[""text""]",passport,"[""ctl00_SiteContentPlaceHolder_FormView1_dtlLostPPT_ctl00_tbxLOST_PPT_EXPL"",""ctl00_SiteContentPlaceHolder_FormView1_tbxPptOtherExpl""]","[{""state"":""retrieved-passport"",""observedAt"":""2026-09-22T16:55:32.379Z"",""controlCount"":24},{""state"":""passport-lost-yes"",""observedAt"":""2026-09-22T16:56:04.374Z"",""controlCount"":28},{""state"":""passport-lost-number-unknown"",""observedAt"":""2026-09-22T16:56:53.907Z"",""controlCount"":28},{""state"":""passport-document-other"",""observedAt"":""2026-09-22T16:58:13.363Z"",""controlCount"":25}]","[""lost_passport_explain""]",direct_id_candidate,"[{""code"":""plan_selector_differs_from_runtime_selector"",""mappingKey"":""lost_passport_explain"",""proven"":true}]",finalized_runtime_selector_reconciliation,ds160-live-reconciliation-delta-2026-09-22.json
us_relative_relationship,Family Information: Relatives,9,finalized_selector_reconciliation,selector_reconciliation_finalized,aggregate-only,false,select,select,,"[""select""]",family_relatives,"[""ctl00_SiteContentPlaceHolder_FormView1_dlUSRelatives_ctl00_ddlUS_REL_TYPE""]","[{""state"":""family-relatives-restored"",""observedAt"":""2026-09-22T17:19:42.743Z"",""controlCount"":33},{""state"":""family-immediate-relative-live"",""observedAt"":""2026-09-22T17:52:37.067Z"",""controlCount"":33}]","[""us_relative_relationship""]",direct_id_candidate,"[{""code"":""plan_selector_differs_from_runtime_selector"",""mappingKey"":""us_relative_relationship"",""proven"":true}]",finalized_runtime_selector_reconciliation,ds160-live-reconciliation-delta-2026-09-22.json
deceased_spouse_city_of_birth,Family Information: Deceased Spouse,10,finalized_selector_reconciliation,selector_reconciliation_finalized,aggregate-only,false,text,text,20,"[""text"",""checkbox""]",family_spouse,"[""ctl00_SiteContentPlaceHolder_FormView1_tbxSpousePOBCity"",""ctl00_SiteContentPlaceHolder_FormView1_cbxSPOUSE_POB_CITY_NA""]","[{""state"":""family-deceased-spouse-visible"",""observedAt"":""2026-09-22T17:26:18.257Z"",""controlCount"":13}]","[""deceased_spouse_city_of_birth"",""deceased_spouse_city_of_birth_unknown""]",direct_id_candidate,"[{""code"":""plan_selector_differs_from_runtime_selector"",""mappingKey"":""deceased_spouse_city_of_birth"",""proven"":true}]",finalized_runtime_selector_reconciliation,ds160-live-reconciliation-delta-2026-09-22.json
deceased_spouse_country_of_birth,Family Information: Deceased Spouse,10,finalized_selector_reconciliation,selector_reconciliation_finalized,aggregate-only,false,select,select,,"[""select""]",family_spouse,"[""ctl00_SiteContentPlaceHolder_FormView1_ddlSpousePOBCountry""]","[{""state"":""family-deceased-spouse-visible"",""observedAt"":""2026-09-22T17:26:18.257Z"",""controlCount"":13}]","[""deceased_spouse_country_of_birth""]",direct_id_candidate,"[{""code"":""plan_selector_differs_from_runtime_selector"",""mappingKey"":""deceased_spouse_country_of_birth"",""proven"":true}]",finalized_runtime_selector_reconciliation,ds160-live-reconciliation-delta-2026-09-22.json
deceased_spouse_date_of_birth,Family Information: Deceased Spouse,10,finalized_selector_reconciliation,selector_reconciliation_finalized,aggregate-only,false,date,date,,"[""select"",""text""]",family_spouse,"[""ctl00_SiteContentPlaceHolder_FormView1_ddlDOBDay"",""ctl00_SiteContentPlaceHolder_FormView1_ddlDOBMonth"",""ctl00_SiteContentPlaceHolder_FormView1_tbxDOBYear""]","[{""state"":""family-deceased-spouse-visible"",""observedAt"":""2026-09-22T17:26:18.257Z"",""controlCount"":13}]","[""deceased_spouse_date_of_birth_day"",""deceased_spouse_date_of_birth_month"",""deceased_spouse_date_of_birth_year""]",direct_id_candidate,"[{""code"":""plan_selector_differs_from_runtime_selector"",""mappingKey"":""deceased_spouse_date_of_birth_day"",""proven"":true},{""code"":""plan_selector_differs_from_runtime_selector"",""mappingKey"":""deceased_spouse_date_of_birth_month"",""proven"":true},{""code"":""plan_selector_differs_from_runtime_selector"",""mappingKey"":""deceased_spouse_date_of_birth_year"",""proven"":true}]",finalized_runtime_selector_reconciliation,ds160-live-reconciliation-delta-2026-09-22.json
deceased_spouse_given_names,Family Information: Deceased Spouse,10,finalized_selector_reconciliation,selector_reconciliation_finalized,aggregate-only,false,text,text,33,"[""text""]",family_spouse,"[""ctl00_SiteContentPlaceHolder_FormView1_tbxGIVEN_NAME""]","[{""state"":""family-deceased-spouse-visible"",""observedAt"":""2026-09-22T17:26:18.257Z"",""controlCount"":13}]","[""deceased_spouse_given_names""]",direct_id_candidate,"[{""code"":""plan_selector_differs_from_runtime_selector"",""mappingKey"":""deceased_spouse_given_names"",""proven"":true}]",finalized_runtime_selector_reconciliation,ds160-live-reconciliation-delta-2026-09-22.json
deceased_spouse_nationality,Family Information: Deceased Spouse,10,finalized_selector_reconciliation,selector_reconciliation_finalized,aggregate-only,false,select,select,,"[""select""]",family_spouse,"[""ctl00_SiteContentPlaceHolder_FormView1_ddlSpouseNatDropDownList""]","[{""state"":""family-deceased-spouse-visible"",""observedAt"":""2026-09-22T17:26:18.257Z"",""controlCount"":13}]","[""deceased_spouse_nationality""]",direct_id_candidate,"[{""code"":""plan_selector_differs_from_runtime_selector"",""mappingKey"":""deceased_spouse_nationality"",""proven"":true}]",finalized_runtime_selector_reconciliation,ds160-live-reconciliation-delta-2026-09-22.json
deceased_spouse_surname,Family Information: Deceased Spouse,10,finalized_selector_reconciliation,selector_reconciliation_finalized,aggregate-only,false,text,text,33,"[""text""]",family_spouse,"[""ctl00_SiteContentPlaceHolder_FormView1_tbxSURNAME""]","[{""state"":""family-deceased-spouse-visible"",""observedAt"":""2026-09-22T17:26:18.257Z"",""controlCount"":13}]","[""deceased_spouse_surname""]",direct_id_candidate,"[{""code"":""plan_selector_differs_from_runtime_selector"",""mappingKey"":""deceased_spouse_surname"",""proven"":true}]",finalized_runtime_selector_reconciliation,ds160-live-reconciliation-delta-2026-09-22.json
former_spouse_country_marriage_terminated,Family Information: Former Spouse,10,finalized_selector_reconciliation,selector_reconciliation_finalized,aggregate-only,false,select,select,,"[""select""]",family_spouse,"[""ctl00_SiteContentPlaceHolder_FormView1_DListSpouse_ctl00_ddlMarriageEnded_CNTRY"",""ctl00_SiteContentPlaceHolder_FormView1_DListSpouse_ctl01_ddlMarriageEnded_CNTRY"",""ctl00_SiteContentPlaceHolder_FormView1_DListSpouse_ctl02_ddlMarriageEnded_CNTRY""]","[{""state"":""family-former-spouse-visible"",""observedAt"":""2026-09-22T17:27:45.466Z"",""controlCount"":25},{""state"":""former-spouse-two-rows"",""observedAt"":""2026-09-22T17:28:55.236Z"",""controlCount"":25},{""state"":""former-spouse-number-blur"",""observedAt"":""2026-09-22T17:30:13.225Z"",""controlCount"":25},{""state"":""former-spouse-count-three-next"",""observedAt"":""2026-09-22T17:31:11.384Z"",""controlCount"":25},{""state"":""former-spouse-two-rows-confirmed"",""observedAt"":""2026-09-22T17:31:38.943Z"",""controlCount"":45},{""state"":""former-spouse-three-rows-confirmed"",""observedAt"":""2026-09-22T17:32:13.419Z"",""controlCount"":65},{""state"":""former-spouse-three-duplicate-rejected"",""observedAt"":""2026-09-22T17:33:11.411Z"",""controlCount"":65},{""state"":""former-spouse-same-identity-different-marriage-validation"",""observedAt"":""2026-09-22T17:54:16.173Z"",""controlCount"":65},{""state"":""former-spouse-same-name-dob-all-other-details-different"",""observedAt"":""2026-09-22T17:55:00.573Z"",""controlCount"":65}]","[""former_spouse_country_marriage_terminated""]",ambiguous_direct_id_selector_candidate,"[{""code"":""plan_selector_differs_from_runtime_selector"",""mappingKey"":""former_spouse_country_marriage_terminated"",""proven"":true}]",finalized_runtime_selector_reconciliation,ds160-live-reconciliation-delta-2026-09-22.json
former_spouse_city_of_birth,Family Information: Former Spouse,10,finalized_selector_reconciliation,selector_reconciliation_finalized,aggregate-only,false,text,text,20,"[""text"",""checkbox""]",family_spouse,"[""ctl00_SiteContentPlaceHolder_FormView1_DListSpouse_ctl00_tbxSpousePOBCity"",""ctl00_SiteContentPlaceHolder_FormView1_DListSpouse_ctl01_tbxSpousePOBCity"",""ctl00_SiteContentPlaceHolder_FormView1_DListSpouse_ctl02_tbxSpousePOBCity"",""ctl00_SiteContentPlaceHolder_FormView1_DListSpouse_ctl00_cbxSPOUSE_POB_CITY_NA"",""ctl00_SiteContentPlaceHolder_FormView1_DListSpouse_ctl01_cbxSPOUSE_POB_CITY_NA"",""ctl00_SiteContentPlaceHolder_FormView1_DListSpouse_ctl02_cbxSPOUSE_POB_CITY_NA""]","[{""state"":""family-former-spouse-visible"",""observedAt"":""2026-09-22T17:27:45.466Z"",""controlCount"":25},{""state"":""former-spouse-two-rows"",""observedAt"":""2026-09-22T17:28:55.236Z"",""controlCount"":25},{""state"":""former-spouse-number-blur"",""observedAt"":""2026-09-22T17:30:13.225Z"",""controlCount"":25},{""state"":""former-spouse-count-three-next"",""observedAt"":""2026-09-22T17:31:11.384Z"",""controlCount"":25},{""state"":""former-spouse-two-rows-confirmed"",""observedAt"":""2026-09-22T17:31:38.943Z"",""controlCount"":45},{""state"":""former-spouse-three-rows-confirmed"",""observedAt"":""2026-09-22T17:32:13.419Z"",""controlCount"":65},{""state"":""former-spouse-three-duplicate-rejected"",""observedAt"":""2026-09-22T17:33:11.411Z"",""controlCount"":65},{""state"":""former-spouse-same-identity-different-marriage-validation"",""observedAt"":""2026-09-22T17:54:16.173Z"",""controlCount"":65},{""state"":""former-spouse-same-name-dob-all-other-details-different"",""observedAt"":""2026-09-22T17:55:00.573Z"",""controlCount"":65}]","[""former_spouse_city_of_birth"",""former_spouse_city_of_birth_unknown""]",ambiguous_direct_id_selector_candidate,"[{""code"":""plan_selector_differs_from_runtime_selector"",""mappingKey"":""former_spouse_city_of_birth"",""proven"":true},{""code"":""plan_selector_differs_from_runtime_selector"",""mappingKey"":""former_spouse_city_of_birth_unknown"",""proven"":true}]",finalized_runtime_selector_reconciliation,ds160-live-reconciliation-delta-2026-09-22.json
former_spouse_country_of_birth,Family Information: Former Spouse,10,finalized_selector_reconciliation,selector_reconciliation_finalized,aggregate-only,false,select,select,,"[""select""]",family_spouse,"[""ctl00_SiteContentPlaceHolder_FormView1_DListSpouse_ctl00_ddlSpousePOBCountry"",""ctl00_SiteContentPlaceHolder_FormView1_DListSpouse_ctl01_ddlSpousePOBCountry"",""ctl00_SiteContentPlaceHolder_FormView1_DListSpouse_ctl02_ddlSpousePOBCountry""]","[{""state"":""family-former-spouse-visible"",""observedAt"":""2026-09-22T17:27:45.466Z"",""controlCount"":25},{""state"":""former-spouse-two-rows"",""observedAt"":""2026-09-22T17:28:55.236Z"",""controlCount"":25},{""state"":""former-spouse-number-blur"",""observedAt"":""2026-09-22T17:30:13.225Z"",""controlCount"":25},{""state"":""former-spouse-count-three-next"",""observedAt"":""2026-09-22T17:31:11.384Z"",""controlCount"":25},{""state"":""former-spouse-two-rows-confirmed"",""observedAt"":""2026-09-22T17:31:38.943Z"",""controlCount"":45},{""state"":""former-spouse-three-rows-confirmed"",""observedAt"":""2026-09-22T17:32:13.419Z"",""controlCount"":65},{""state"":""former-spouse-three-duplicate-rejected"",""observedAt"":""2026-09-22T17:33:11.411Z"",""controlCount"":65},{""state"":""former-spouse-same-identity-different-marriage-validation"",""observedAt"":""2026-09-22T17:54:16.173Z"",""controlCount"":65},{""state"":""former-spouse-same-name-dob-all-other-details-different"",""observedAt"":""2026-09-22T17:55:00.573Z"",""controlCount"":65}]","[""former_spouse_country_of_birth""]",ambiguous_direct_id_selector_candidate,"[{""code"":""plan_selector_differs_from_runtime_selector"",""mappingKey"":""former_spouse_country_of_birth"",""proven"":true}]",finalized_runtime_selector_reconciliation,ds160-live-reconciliation-delta-2026-09-22.json
former_spouse_date_marriage_ended,Family Information: Former Spouse,10,finalized_selector_reconciliation,selector_reconciliation_finalized,aggregate-only,false,date,date,,"[""select"",""text""]",family_spouse,"[""ctl00_SiteContentPlaceHolder_FormView1_DListSpouse_ctl00_ddlDomEndDay"",""ctl00_SiteContentPlaceHolder_FormView1_DListSpouse_ctl01_ddlDomEndDay"",""ctl00_SiteContentPlaceHolder_FormView1_DListSpouse_ctl02_ddlDomEndDay"",""ctl00_SiteContentPlaceHolder_FormView1_DListSpouse_ctl00_ddlDomEndMonth"",""ctl00_SiteContentPlaceHolder_FormView1_DListSpouse_ctl01_ddlDomEndMonth"",""ctl00_SiteContentPlaceHolder_FormView1_DListSpouse_ctl02_ddlDomEndMonth"",""ctl00_SiteContentPlaceHolder_FormView1_DListSpouse_ctl00_txtDomEndYear"",""ctl00_SiteContentPlaceHolder_FormView1_DListSpouse_ctl01_txtDomEndYear"",""ctl00_SiteContentPlaceHolder_FormView1_DListSpouse_ctl02_txtDomEndYear""]","[{""state"":""family-former-spouse-visible"",""observedAt"":""2026-09-22T17:27:45.466Z"",""controlCount"":25},{""state"":""former-spouse-two-rows"",""observedAt"":""2026-09-22T17:28:55.236Z"",""controlCount"":25},{""state"":""former-spouse-number-blur"",""observedAt"":""2026-09-22T17:30:13.225Z"",""controlCount"":25},{""state"":""former-spouse-count-three-next"",""observedAt"":""2026-09-22T17:31:11.384Z"",""controlCount"":25},{""state"":""former-spouse-two-rows-confirmed"",""observedAt"":""2026-09-22T17:31:38.943Z"",""controlCount"":45},{""state"":""former-spouse-three-rows-confirmed"",""observedAt"":""2026-09-22T17:32:13.419Z"",""controlCount"":65},{""state"":""former-spouse-three-duplicate-rejected"",""observedAt"":""2026-09-22T17:33:11.411Z"",""controlCount"":65},{""state"":""former-spouse-same-identity-different-marriage-validation"",""observedAt"":""2026-09-22T17:54:16.173Z"",""controlCount"":65},{""state"":""former-spouse-same-name-dob-all-other-details-different"",""observedAt"":""2026-09-22T17:55:00.573Z"",""controlCount"":65}]","[""former_spouse_date_marriage_ended_day"",""former_spouse_date_marriage_ended_month"",""former_spouse_date_marriage_ended_year""]",ambiguous_direct_id_selector_candidate,"[{""code"":""plan_selector_differs_from_runtime_selector"",""mappingKey"":""former_spouse_date_marriage_ended_day"",""proven"":true},{""code"":""plan_selector_differs_from_runtime_selector"",""mappingKey"":""former_spouse_date_marriage_ended_month"",""proven"":true},{""code"":""plan_selector_differs_from_runtime_selector"",""mappingKey"":""former_spouse_date_marriage_ended_year"",""proven"":true}]",finalized_runtime_selector_reconciliation,ds160-live-reconciliation-delta-2026-09-22.json
former_spouse_date_of_birth,Family Information: Former Spouse,10,finalized_selector_reconciliation,selector_reconciliation_finalized,aggregate-only,false,date,date,,"[""select"",""text""]",family_spouse,"[""ctl00_SiteContentPlaceHolder_FormView1_DListSpouse_ctl00_ddlDOBDay"",""ctl00_SiteContentPlaceHolder_FormView1_DListSpouse_ctl01_ddlDOBDay"",""ctl00_SiteContentPlaceHolder_FormView1_DListSpouse_ctl02_ddlDOBDay"",""ctl00_SiteContentPlaceHolder_FormView1_DListSpouse_ctl00_ddlDOBMonth"",""ctl00_SiteContentPlaceHolder_FormView1_DListSpouse_ctl01_ddlDOBMonth"",""ctl00_SiteContentPlaceHolder_FormView1_DListSpouse_ctl02_ddlDOBMonth"",""ctl00_SiteContentPlaceHolder_FormView1_DListSpouse_ctl00_tbxDOBYear"",""ctl00_SiteContentPlaceHolder_FormView1_DListSpouse_ctl01_tbxDOBYear"",""ctl00_SiteContentPlaceHolder_FormView1_DListSpouse_ctl02_tbxDOBYear""]","[{""state"":""family-former-spouse-visible"",""observedAt"":""2026-09-22T17:27:45.466Z"",""controlCount"":25},{""state"":""former-spouse-two-rows"",""observedAt"":""2026-09-22T17:28:55.236Z"",""controlCount"":25},{""state"":""former-spouse-number-blur"",""observedAt"":""2026-09-22T17:30:13.225Z"",""controlCount"":25},{""state"":""former-spouse-count-three-next"",""observedAt"":""2026-09-22T17:31:11.384Z"",""controlCount"":25},{""state"":""former-spouse-two-rows-confirmed"",""observedAt"":""2026-09-22T17:31:38.943Z"",""controlCount"":45},{""state"":""former-spouse-three-rows-confirmed"",""observedAt"":""2026-09-22T17:32:13.419Z"",""controlCount"":65},{""state"":""former-spouse-three-duplicate-rejected"",""observedAt"":""2026-09-22T17:33:11.411Z"",""controlCount"":65},{""state"":""former-spouse-same-identity-different-marriage-validation"",""observedAt"":""2026-09-22T17:54:16.173Z"",""controlCount"":65},{""state"":""former-spouse-same-name-dob-all-other-details-different"",""observedAt"":""2026-09-22T17:55:00.573Z"",""controlCount"":65}]","[""former_spouse_date_of_birth_day"",""former_spouse_date_of_birth_month"",""former_spouse_date_of_birth_year""]",ambiguous_direct_id_selector_candidate,"[{""code"":""plan_selector_differs_from_runtime_selector"",""mappingKey"":""former_spouse_date_of_birth_day"",""proven"":true},{""code"":""plan_selector_differs_from_runtime_selector"",""mappingKey"":""former_spouse_date_of_birth_month"",""proven"":true},{""code"":""plan_selector_differs_from_runtime_selector"",""mappingKey"":""former_spouse_date_of_birth_year"",""proven"":true}]",finalized_runtime_selector_reconciliation,ds160-live-reconciliation-delta-2026-09-22.json
former_spouse_date_of_marriage,Family Information: Former Spouse,10,finalized_selector_reconciliation,selector_reconciliation_finalized,aggregate-only,false,date,date,,"[""select"",""text""]",family_spouse,"[""ctl00_SiteContentPlaceHolder_FormView1_DListSpouse_ctl00_ddlDomDay"",""ctl00_SiteContentPlaceHolder_FormView1_DListSpouse_ctl01_ddlDomDay"",""ctl00_SiteContentPlaceHolder_FormView1_DListSpouse_ctl02_ddlDomDay"",""ctl00_SiteContentPlaceHolder_FormView1_DListSpouse_ctl00_ddlDomMonth"",""ctl00_SiteContentPlaceHolder_FormView1_DListSpouse_ctl01_ddlDomMonth"",""ctl00_SiteContentPlaceHolder_FormView1_DListSpouse_ctl02_ddlDomMonth"",""ctl00_SiteContentPlaceHolder_FormView1_DListSpouse_ctl00_txtDomYear"",""ctl00_SiteContentPlaceHolder_FormView1_DListSpouse_ctl01_txtDomYear"",""ctl00_SiteContentPlaceHolder_FormView1_DListSpouse_ctl02_txtDomYear""]","[{""state"":""family-former-spouse-visible"",""observedAt"":""2026-09-22T17:27:45.466Z"",""controlCount"":25},{""state"":""former-spouse-two-rows"",""observedAt"":""2026-09-22T17:28:55.236Z"",""controlCount"":25},{""state"":""former-spouse-number-blur"",""observedAt"":""2026-09-22T17:30:13.225Z"",""controlCount"":25},{""state"":""former-spouse-count-three-next"",""observedAt"":""2026-09-22T17:31:11.384Z"",""controlCount"":25},{""state"":""former-spouse-two-rows-confirmed"",""observedAt"":""2026-09-22T17:31:38.943Z"",""controlCount"":45},{""state"":""former-spouse-three-rows-confirmed"",""observedAt"":""2026-09-22T17:32:13.419Z"",""controlCount"":65},{""state"":""former-spouse-three-duplicate-rejected"",""observedAt"":""2026-09-22T17:33:11.411Z"",""controlCount"":65},{""state"":""former-spouse-same-identity-different-marriage-validation"",""observedAt"":""2026-09-22T17:54:16.173Z"",""controlCount"":65},{""state"":""former-spouse-same-name-dob-all-other-details-different"",""observedAt"":""2026-09-22T17:55:00.573Z"",""controlCount"":65}]","[""former_spouse_date_of_marriage_day"",""former_spouse_date_of_marriage_month"",""former_spouse_date_of_marriage_year""]",ambiguous_direct_id_selector_candidate,"[{""code"":""plan_selector_differs_from_runtime_selector"",""mappingKey"":""former_spouse_date_of_marriage_day"",""proven"":true},{""code"":""plan_selector_differs_from_runtime_selector"",""mappingKey"":""former_spouse_date_of_marriage_month"",""proven"":true},{""code"":""plan_selector_differs_from_runtime_selector"",""mappingKey"":""former_spouse_date_of_marriage_year"",""proven"":true}]",finalized_runtime_selector_reconciliation,ds160-live-reconciliation-delta-2026-09-22.json
former_spouse_given_names,Family Information: Former Spouse,10,finalized_selector_reconciliation,selector_reconciliation_finalized,aggregate-only,false,text,text,33,"[""text""]",family_spouse,"[""ctl00_SiteContentPlaceHolder_FormView1_DListSpouse_ctl00_tbxGIVEN_NAME"",""ctl00_SiteContentPlaceHolder_FormView1_DListSpouse_ctl01_tbxGIVEN_NAME"",""ctl00_SiteContentPlaceHolder_FormView1_DListSpouse_ctl02_tbxGIVEN_NAME""]","[{""state"":""family-former-spouse-visible"",""observedAt"":""2026-09-22T17:27:45.466Z"",""controlCount"":25},{""state"":""former-spouse-two-rows"",""observedAt"":""2026-09-22T17:28:55.236Z"",""controlCount"":25},{""state"":""former-spouse-number-blur"",""observedAt"":""2026-09-22T17:30:13.225Z"",""controlCount"":25},{""state"":""former-spouse-count-three-next"",""observedAt"":""2026-09-22T17:31:11.384Z"",""controlCount"":25},{""state"":""former-spouse-two-rows-confirmed"",""observedAt"":""2026-09-22T17:31:38.943Z"",""controlCount"":45},{""state"":""former-spouse-three-rows-confirmed"",""observedAt"":""2026-09-22T17:32:13.419Z"",""controlCount"":65},{""state"":""former-spouse-three-duplicate-rejected"",""observedAt"":""2026-09-22T17:33:11.411Z"",""controlCount"":65},{""state"":""former-spouse-same-identity-different-marriage-validation"",""observedAt"":""2026-09-22T17:54:16.173Z"",""controlCount"":65},{""state"":""former-spouse-same-name-dob-all-other-details-different"",""observedAt"":""2026-09-22T17:55:00.573Z"",""controlCount"":65}]","[""former_spouse_given_names""]",ambiguous_direct_id_selector_candidate,"[{""code"":""plan_selector_differs_from_runtime_selector"",""mappingKey"":""former_spouse_given_names"",""proven"":true}]",finalized_runtime_selector_reconciliation,ds160-live-reconciliation-delta-2026-09-22.json
former_spouse_how_marriage_ended,Family Information: Former Spouse,10,finalized_selector_reconciliation,selector_reconciliation_finalized,aggregate-only,false,textarea,textarea,4000,"[""text""]",family_spouse,"[""ctl00_SiteContentPlaceHolder_FormView1_DListSpouse_ctl00_tbxHowMarriageEnded"",""ctl00_SiteContentPlaceHolder_FormView1_DListSpouse_ctl01_tbxHowMarriageEnded"",""ctl00_SiteContentPlaceHolder_FormView1_DListSpouse_ctl02_tbxHowMarriageEnded""]","[{""state"":""family-former-spouse-visible"",""observedAt"":""2026-09-22T17:27:45.466Z"",""controlCount"":25},{""state"":""former-spouse-two-rows"",""observedAt"":""2026-09-22T17:28:55.236Z"",""controlCount"":25},{""state"":""former-spouse-number-blur"",""observedAt"":""2026-09-22T17:30:13.225Z"",""controlCount"":25},{""state"":""former-spouse-count-three-next"",""observedAt"":""2026-09-22T17:31:11.384Z"",""controlCount"":25},{""state"":""former-spouse-two-rows-confirmed"",""observedAt"":""2026-09-22T17:31:38.943Z"",""controlCount"":45},{""state"":""former-spouse-three-rows-confirmed"",""observedAt"":""2026-09-22T17:32:13.419Z"",""controlCount"":65},{""state"":""former-spouse-three-duplicate-rejected"",""observedAt"":""2026-09-22T17:33:11.411Z"",""controlCount"":65},{""state"":""former-spouse-same-identity-different-marriage-validation"",""observedAt"":""2026-09-22T17:54:16.173Z"",""controlCount"":65},{""state"":""former-spouse-same-name-dob-all-other-details-different"",""observedAt"":""2026-09-22T17:55:00.573Z"",""controlCount"":65}]","[""former_spouse_how_marriage_ended""]",ambiguous_direct_id_selector_candidate,"[{""code"":""plan_selector_differs_from_runtime_selector"",""mappingKey"":""former_spouse_how_marriage_ended"",""proven"":true}]",finalized_runtime_selector_reconciliation,ds160-live-reconciliation-delta-2026-09-22.json
former_spouse_nationality,Family Information: Former Spouse,10,finalized_selector_reconciliation,selector_reconciliation_finalized,aggregate-only,false,select,select,,"[""select""]",family_spouse,"[""ctl00_SiteContentPlaceHolder_FormView1_DListSpouse_ctl00_ddlSpouseNatDropDownList"",""ctl00_SiteContentPlaceHolder_FormView1_DListSpouse_ctl01_ddlSpouseNatDropDownList"",""ctl00_SiteContentPlaceHolder_FormView1_DListSpouse_ctl02_ddlSpouseNatDropDownList""]","[{""state"":""family-former-spouse-visible"",""observedAt"":""2026-09-22T17:27:45.466Z"",""controlCount"":25},{""state"":""former-spouse-two-rows"",""observedAt"":""2026-09-22T17:28:55.236Z"",""controlCount"":25},{""state"":""former-spouse-number-blur"",""observedAt"":""2026-09-22T17:30:13.225Z"",""controlCount"":25},{""state"":""former-spouse-count-three-next"",""observedAt"":""2026-09-22T17:31:11.384Z"",""controlCount"":25},{""state"":""former-spouse-two-rows-confirmed"",""observedAt"":""2026-09-22T17:31:38.943Z"",""controlCount"":45},{""state"":""former-spouse-three-rows-confirmed"",""observedAt"":""2026-09-22T17:32:13.419Z"",""controlCount"":65},{""state"":""former-spouse-three-duplicate-rejected"",""observedAt"":""2026-09-22T17:33:11.411Z"",""controlCount"":65},{""state"":""former-spouse-same-identity-different-marriage-validation"",""observedAt"":""2026-09-22T17:54:16.173Z"",""controlCount"":65},{""state"":""former-spouse-same-name-dob-all-other-details-different"",""observedAt"":""2026-09-22T17:55:00.573Z"",""controlCount"":65}]","[""former_spouse_nationality""]",ambiguous_direct_id_selector_candidate,"[{""code"":""plan_selector_differs_from_runtime_selector"",""mappingKey"":""former_spouse_nationality"",""proven"":true}]",finalized_runtime_selector_reconciliation,ds160-live-reconciliation-delta-2026-09-22.json
former_spouse_surname,Family Information: Former Spouse,10,finalized_selector_reconciliation,selector_reconciliation_finalized,aggregate-only,false,text,text,33,"[""text""]",family_spouse,"[""ctl00_SiteContentPlaceHolder_FormView1_DListSpouse_ctl00_tbxSURNAME"",""ctl00_SiteContentPlaceHolder_FormView1_DListSpouse_ctl01_tbxSURNAME"",""ctl00_SiteContentPlaceHolder_FormView1_DListSpouse_ctl02_tbxSURNAME""]","[{""state"":""family-former-spouse-visible"",""observedAt"":""2026-09-22T17:27:45.466Z"",""controlCount"":25},{""state"":""former-spouse-two-rows"",""observedAt"":""2026-09-22T17:28:55.236Z"",""controlCount"":25},{""state"":""former-spouse-number-blur"",""observedAt"":""2026-09-22T17:30:13.225Z"",""controlCount"":25},{""state"":""former-spouse-count-three-next"",""observedAt"":""2026-09-22T17:31:11.384Z"",""controlCount"":25},{""state"":""former-spouse-two-rows-confirmed"",""observedAt"":""2026-09-22T17:31:38.943Z"",""controlCount"":45},{""state"":""former-spouse-three-rows-confirmed"",""observedAt"":""2026-09-22T17:32:13.419Z"",""controlCount"":65},{""state"":""former-spouse-three-duplicate-rejected"",""observedAt"":""2026-09-22T17:33:11.411Z"",""controlCount"":65},{""state"":""former-spouse-same-identity-different-marriage-validation"",""observedAt"":""2026-09-22T17:54:16.173Z"",""controlCount"":65},{""state"":""former-spouse-same-name-dob-all-other-details-different"",""observedAt"":""2026-09-22T17:55:00.573Z"",""controlCount"":65}]","[""former_spouse_surname""]",ambiguous_direct_id_selector_candidate,"[{""code"":""plan_selector_differs_from_runtime_selector"",""mappingKey"":""former_spouse_surname"",""proven"":true}]",finalized_runtime_selector_reconciliation,ds160-live-reconciliation-delta-2026-09-22.json
number_of_former_spouses,Family Information: Former Spouse,10,finalized_selector_reconciliation,selector_reconciliation_finalized,aggregate-only,false,text,text,2,"[""text""]",family_spouse,"[""ctl00_SiteContentPlaceHolder_FormView1_tbxNumberOfPrevSpouses""]","[{""state"":""family-former-spouse-visible"",""observedAt"":""2026-09-22T17:27:45.466Z"",""controlCount"":25},{""state"":""former-spouse-two-rows"",""observedAt"":""2026-09-22T17:28:55.236Z"",""controlCount"":25},{""state"":""former-spouse-number-blur"",""observedAt"":""2026-09-22T17:30:13.225Z"",""controlCount"":25},{""state"":""former-spouse-count-three-next"",""observedAt"":""2026-09-22T17:31:11.384Z"",""controlCount"":25},{""state"":""former-spouse-two-rows-confirmed"",""observedAt"":""2026-09-22T17:31:38.943Z"",""controlCount"":45},{""state"":""former-spouse-three-rows-confirmed"",""observedAt"":""2026-09-22T17:32:13.419Z"",""controlCount"":65},{""state"":""former-spouse-three-duplicate-rejected"",""observedAt"":""2026-09-22T17:33:11.411Z"",""controlCount"":65},{""state"":""former-spouse-same-identity-different-marriage-validation"",""observedAt"":""2026-09-22T17:54:16.173Z"",""controlCount"":65},{""state"":""former-spouse-same-name-dob-all-other-details-different"",""observedAt"":""2026-09-22T17:55:00.573Z"",""controlCount"":65}]","[""number_of_former_spouses""]",direct_id_candidate,"[{""code"":""plan_selector_differs_from_runtime_selector"",""mappingKey"":""number_of_former_spouses"",""proven"":true}]",finalized_runtime_selector_reconciliation,ds160-live-reconciliation-delta-2026-09-22.json
partner_city_of_birth,Family Information: Partner,10,finalized_selector_reconciliation,selector_reconciliation_finalized,aggregate-only,false,text,text,20,"[""text"",""checkbox""]",family_spouse,"[""ctl00_SiteContentPlaceHolder_FormView1_tbxSpousePOBCity"",""ctl00_SiteContentPlaceHolder_FormView1_cbexSPOUSE_POB_CITY_NA""]","[{""state"":""family-partner-visible"",""observedAt"":""2026-09-22T17:22:05.965Z"",""controlCount"":16},{""state"":""family-partner-other-address"",""observedAt"":""2026-09-22T17:22:55.661Z"",""controlCount"":24},{""state"":""family-spouse-visible"",""observedAt"":""2026-09-22T17:24:24.424Z"",""controlCount"":16},{""state"":""family-spouse-other-address"",""observedAt"":""2026-09-22T17:24:50.500Z"",""controlCount"":24}]","[""partner_city_of_birth"",""partner_city_of_birth_na""]",direct_id_candidate,"[{""code"":""plan_selector_differs_from_runtime_selector"",""mappingKey"":""partner_city_of_birth"",""proven"":true}]",finalized_runtime_selector_reconciliation,ds160-live-reconciliation-delta-2026-09-22.json
partner_country_of_birth,Family Information: Partner,10,finalized_selector_reconciliation,selector_reconciliation_finalized,aggregate-only,false,select,select,,"[""select""]",family_spouse,"[""ctl00_SiteContentPlaceHolder_FormView1_ddlSpousePOBCountry""]","[{""state"":""family-partner-visible"",""observedAt"":""2026-09-22T17:22:05.965Z"",""controlCount"":16},{""state"":""family-partner-other-address"",""observedAt"":""2026-09-22T17:22:55.661Z"",""controlCount"":24},{""state"":""family-spouse-visible"",""observedAt"":""2026-09-22T17:24:24.424Z"",""controlCount"":16},{""state"":""family-spouse-other-address"",""observedAt"":""2026-09-22T17:24:50.500Z"",""controlCount"":24}]","[""partner_country_of_birth""]",direct_id_candidate,"[{""code"":""plan_selector_differs_from_runtime_selector"",""mappingKey"":""partner_country_of_birth"",""proven"":true}]",finalized_runtime_selector_reconciliation,ds160-live-reconciliation-delta-2026-09-22.json
partner_date_of_birth,Family Information: Partner,10,finalized_selector_reconciliation,selector_reconciliation_finalized,aggregate-only,false,date,date,,"[""select"",""text""]",family_spouse,"[""ctl00_SiteContentPlaceHolder_FormView1_ddlDOBDay"",""ctl00_SiteContentPlaceHolder_FormView1_ddlDOBMonth"",""ctl00_SiteContentPlaceHolder_FormView1_tbxDOBYear""]","[{""state"":""family-partner-visible"",""observedAt"":""2026-09-22T17:22:05.965Z"",""controlCount"":16},{""state"":""family-partner-other-address"",""observedAt"":""2026-09-22T17:22:55.661Z"",""controlCount"":24},{""state"":""family-spouse-visible"",""observedAt"":""2026-09-22T17:24:24.424Z"",""controlCount"":16},{""state"":""family-spouse-other-address"",""observedAt"":""2026-09-22T17:24:50.500Z"",""controlCount"":24}]","[""partner_date_of_birth_day"",""partner_date_of_birth_month"",""partner_date_of_birth_year""]",direct_id_candidate,"[{""code"":""plan_selector_differs_from_runtime_selector"",""mappingKey"":""partner_date_of_birth_day"",""proven"":true},{""code"":""plan_selector_differs_from_runtime_selector"",""mappingKey"":""partner_date_of_birth_month"",""proven"":true},{""code"":""plan_selector_differs_from_runtime_selector"",""mappingKey"":""partner_date_of_birth_year"",""proven"":true}]",finalized_runtime_selector_reconciliation,ds160-live-reconciliation-delta-2026-09-22.json
partner_nationality,Family Information: Partner,10,finalized_selector_reconciliation,selector_reconciliation_finalized,aggregate-only,false,select,select,,"[""select""]",family_spouse,"[""ctl00_SiteContentPlaceHolder_FormView1_ddlSpouseNatDropDownList""]","[{""state"":""family-partner-visible"",""observedAt"":""2026-09-22T17:22:05.965Z"",""controlCount"":16},{""state"":""family-partner-other-address"",""observedAt"":""2026-09-22T17:22:55.661Z"",""controlCount"":24},{""state"":""family-spouse-visible"",""observedAt"":""2026-09-22T17:24:24.424Z"",""controlCount"":16},{""state"":""family-spouse-other-address"",""observedAt"":""2026-09-22T17:24:50.500Z"",""controlCount"":24}]","[""partner_nationality""]",direct_id_candidate,"[{""code"":""plan_selector_differs_from_runtime_selector"",""mappingKey"":""partner_nationality"",""proven"":true}]",finalized_runtime_selector_reconciliation,ds160-live-reconciliation-delta-2026-09-22.json
partner_address_city,Family Information: Partner,10,finalized_selector_reconciliation,selector_reconciliation_finalized,aggregate-only,false,text,text,20,"[""text""]",family_spouse,"[""ctl00_SiteContentPlaceHolder_FormView1_tbxSpousePOBCity"",""ctl00_SiteContentPlaceHolder_FormView1_tbxSPOUSE_ADDR_CITY""]","[{""state"":""family-partner-visible"",""observedAt"":""2026-09-22T17:22:05.965Z"",""controlCount"":16},{""state"":""family-partner-other-address"",""observedAt"":""2026-09-22T17:22:55.661Z"",""controlCount"":24},{""state"":""family-spouse-visible"",""observedAt"":""2026-09-22T17:24:24.424Z"",""controlCount"":16},{""state"":""family-spouse-other-address"",""observedAt"":""2026-09-22T17:24:50.500Z"",""controlCount"":24}]","[""partner_address_city""]",direct_id_candidate,"[{""code"":""plan_selector_differs_from_runtime_selector"",""mappingKey"":""partner_address_city"",""proven"":true}]",finalized_runtime_selector_reconciliation,ds160-live-reconciliation-delta-2026-09-22.json
partner_address_country,Family Information: Partner,10,finalized_selector_reconciliation,selector_reconciliation_finalized,aggregate-only,false,select,select,,"[""select""]",family_spouse,"[""ctl00_SiteContentPlaceHolder_FormView1_ddlSpousePOBCountry"",""ctl00_SiteContentPlaceHolder_FormView1_ddlSPOUSE_ADDR_CNTRY""]","[{""state"":""family-partner-visible"",""observedAt"":""2026-09-22T17:22:05.965Z"",""controlCount"":16},{""state"":""family-partner-other-address"",""observedAt"":""2026-09-22T17:22:55.661Z"",""controlCount"":24},{""state"":""family-spouse-visible"",""observedAt"":""2026-09-22T17:24:24.424Z"",""controlCount"":16},{""state"":""family-spouse-other-address"",""observedAt"":""2026-09-22T17:24:50.500Z"",""controlCount"":24}]","[""partner_address_country""]",direct_id_candidate,"[{""code"":""plan_selector_differs_from_runtime_selector"",""mappingKey"":""partner_address_country"",""proven"":true}]",finalized_runtime_selector_reconciliation,ds160-live-reconciliation-delta-2026-09-22.json
partner_address_state,Family Information: Partner,10,finalized_selector_reconciliation,selector_reconciliation_finalized,aggregate-only,false,text,text,20,"[""text"",""checkbox""]",family_spouse,"[""ctl00_SiteContentPlaceHolder_FormView1_tbxSPOUSE_ADDR_STATE"",""ctl00_SiteContentPlaceHolder_FormView1_cbexSPOUSE_ADDR_STATE_NA""]","[{""state"":""family-partner-visible"",""observedAt"":""2026-09-22T17:22:05.965Z"",""controlCount"":16},{""state"":""family-partner-other-address"",""observedAt"":""2026-09-22T17:22:55.661Z"",""controlCount"":24},{""state"":""family-spouse-visible"",""observedAt"":""2026-09-22T17:24:24.424Z"",""controlCount"":16},{""state"":""family-spouse-other-address"",""observedAt"":""2026-09-22T17:24:50.500Z"",""controlCount"":24}]","[""partner_address_state"",""partner_address_state_na""]",direct_id_candidate,"[{""code"":""plan_selector_differs_from_runtime_selector"",""mappingKey"":""partner_address_state"",""proven"":true}]",finalized_runtime_selector_reconciliation,ds160-live-reconciliation-delta-2026-09-22.json
partner_address_street1,Family Information: Partner,10,finalized_selector_reconciliation,selector_reconciliation_finalized,aggregate-only,false,text,text,40,"[""text""]",family_spouse,"[""ctl00_SiteContentPlaceHolder_FormView1_tbxSPOUSE_ADDR_LN1""]","[{""state"":""family-partner-visible"",""observedAt"":""2026-09-22T17:22:05.965Z"",""controlCount"":16},{""state"":""family-partner-other-address"",""observedAt"":""2026-09-22T17:22:55.661Z"",""controlCount"":24},{""state"":""family-spouse-visible"",""observedAt"":""2026-09-22T17:24:24.424Z"",""controlCount"":16},{""state"":""family-spouse-other-address"",""observedAt"":""2026-09-22T17:24:50.500Z"",""controlCount"":24}]","[""partner_address_street1""]",direct_id_candidate,"[{""code"":""plan_selector_differs_from_runtime_selector"",""mappingKey"":""partner_address_street1"",""proven"":true}]",finalized_runtime_selector_reconciliation,ds160-live-reconciliation-delta-2026-09-22.json
partner_address_street2,Family Information: Partner,10,finalized_selector_reconciliation,selector_reconciliation_finalized,aggregate-only,false,text,text,40,"[""text""]",family_spouse,"[""ctl00_SiteContentPlaceHolder_FormView1_tbxSPOUSE_ADDR_LN2""]","[{""state"":""family-partner-visible"",""observedAt"":""2026-09-22T17:22:05.965Z"",""controlCount"":16},{""state"":""family-partner-other-address"",""observedAt"":""2026-09-22T17:22:55.661Z"",""controlCount"":24},{""state"":""family-spouse-visible"",""observedAt"":""2026-09-22T17:24:24.424Z"",""controlCount"":16},{""state"":""family-spouse-other-address"",""observedAt"":""2026-09-22T17:24:50.500Z"",""controlCount"":24}]","[""partner_address_street2""]",direct_id_candidate,"[{""code"":""plan_selector_differs_from_runtime_selector"",""mappingKey"":""partner_address_street2"",""proven"":true}]",finalized_runtime_selector_reconciliation,ds160-live-reconciliation-delta-2026-09-22.json
partner_address_type,Family Information: Partner,10,finalized_selector_reconciliation,selector_reconciliation_finalized,aggregate-only,false,select,select,,"[""select""]",family_spouse,"[""ctl00_SiteContentPlaceHolder_FormView1_ddlSpouseAddressType""]","[{""state"":""family-partner-visible"",""observedAt"":""2026-09-22T17:22:05.965Z"",""controlCount"":16},{""state"":""family-partner-other-address"",""observedAt"":""2026-09-22T17:22:55.661Z"",""controlCount"":24},{""state"":""family-spouse-visible"",""observedAt"":""2026-09-22T17:24:24.424Z"",""controlCount"":16},{""state"":""family-spouse-other-address"",""observedAt"":""2026-09-22T17:24:50.500Z"",""controlCount"":24}]","[""partner_address_type""]",direct_id_candidate,"[{""code"":""plan_selector_differs_from_runtime_selector"",""mappingKey"":""partner_address_type"",""proven"":true}]",finalized_runtime_selector_reconciliation,ds160-live-reconciliation-delta-2026-09-22.json
partner_address_zip,Family Information: Partner,10,finalized_selector_reconciliation,selector_reconciliation_finalized,aggregate-only,false,text,text,10,"[""text"",""checkbox""]",family_spouse,"[""ctl00_SiteContentPlaceHolder_FormView1_tbxSPOUSE_ADDR_POSTAL_CD"",""ctl00_SiteContentPlaceHolder_FormView1_cbexSPOUSE_ADDR_POSTAL_CD_NA""]","[{""state"":""family-partner-visible"",""observedAt"":""2026-09-22T17:22:05.965Z"",""controlCount"":16},{""state"":""family-partner-other-address"",""observedAt"":""2026-09-22T17:22:55.661Z"",""controlCount"":24},{""state"":""family-spouse-visible"",""observedAt"":""2026-09-22T17:24:24.424Z"",""controlCount"":16},{""state"":""family-spouse-other-address"",""observedAt"":""2026-09-22T17:24:50.500Z"",""controlCount"":24}]","[""partner_address_zip"",""partner_address_zip_na""]",direct_id_candidate,"[{""code"":""plan_selector_differs_from_runtime_selector"",""mappingKey"":""partner_address_zip"",""proven"":true}]",finalized_runtime_selector_reconciliation,ds160-live-reconciliation-delta-2026-09-22.json
partner_given_names,Family Information: Partner,10,finalized_selector_reconciliation,selector_reconciliation_finalized,aggregate-only,false,text,text,33,"[""text""]",family_spouse,"[""ctl00_SiteContentPlaceHolder_FormView1_tbxSpouseGivenName""]","[{""state"":""family-partner-visible"",""observedAt"":""2026-09-22T17:22:05.965Z"",""controlCount"":16},{""state"":""family-partner-other-address"",""observedAt"":""2026-09-22T17:22:55.661Z"",""controlCount"":24},{""state"":""family-spouse-visible"",""observedAt"":""2026-09-22T17:24:24.424Z"",""controlCount"":16},{""state"":""family-spouse-other-address"",""observedAt"":""2026-09-22T17:24:50.500Z"",""controlCount"":24}]","[""partner_given_names""]",direct_id_candidate,"[{""code"":""plan_selector_differs_from_runtime_selector"",""mappingKey"":""partner_given_names"",""proven"":true}]",finalized_runtime_selector_reconciliation,ds160-live-reconciliation-delta-2026-09-22.json
partner_surname,Family Information: Partner,10,finalized_selector_reconciliation,selector_reconciliation_finalized,aggregate-only,false,text,text,33,"[""text""]",family_spouse,"[""ctl00_SiteContentPlaceHolder_FormView1_tbxSpouseSurname""]","[{""state"":""family-partner-visible"",""observedAt"":""2026-09-22T17:22:05.965Z"",""controlCount"":16},{""state"":""family-partner-other-address"",""observedAt"":""2026-09-22T17:22:55.661Z"",""controlCount"":24},{""state"":""family-spouse-visible"",""observedAt"":""2026-09-22T17:24:24.424Z"",""controlCount"":16},{""state"":""family-spouse-other-address"",""observedAt"":""2026-09-22T17:24:50.500Z"",""controlCount"":24}]","[""partner_surname""]",direct_id_candidate,"[{""code"":""plan_selector_differs_from_runtime_selector"",""mappingKey"":""partner_surname"",""proven"":true}]",finalized_runtime_selector_reconciliation,ds160-live-reconciliation-delta-2026-09-22.json
spouse_country_of_birth,Family Information: Spouse,10,finalized_selector_reconciliation,selector_reconciliation_finalized,aggregate-only,false,select,select,,"[""select""]",family_spouse,"[""ctl00_SiteContentPlaceHolder_FormView1_ddlSpousePOBCountry""]","[{""state"":""family-partner-visible"",""observedAt"":""2026-09-22T17:22:05.965Z"",""controlCount"":16},{""state"":""family-partner-other-address"",""observedAt"":""2026-09-22T17:22:55.661Z"",""controlCount"":24},{""state"":""family-spouse-visible"",""observedAt"":""2026-09-22T17:24:24.424Z"",""controlCount"":16},{""state"":""family-spouse-other-address"",""observedAt"":""2026-09-22T17:24:50.500Z"",""controlCount"":24}]","[""spouse_country_of_birth""]",direct_id_candidate,"[{""code"":""plan_selector_differs_from_runtime_selector"",""mappingKey"":""spouse_country_of_birth"",""proven"":true}]",finalized_runtime_selector_reconciliation,ds160-live-reconciliation-delta-2026-09-22.json
spouse_nationality,Family Information: Spouse,10,finalized_selector_reconciliation,selector_reconciliation_finalized,aggregate-only,false,select,select,,"[""select""]",family_spouse,"[""ctl00_SiteContentPlaceHolder_FormView1_ddlSpouseNatDropDownList""]","[{""state"":""family-partner-visible"",""observedAt"":""2026-09-22T17:22:05.965Z"",""controlCount"":16},{""state"":""family-partner-other-address"",""observedAt"":""2026-09-22T17:22:55.661Z"",""controlCount"":24},{""state"":""family-spouse-visible"",""observedAt"":""2026-09-22T17:24:24.424Z"",""controlCount"":16},{""state"":""family-spouse-other-address"",""observedAt"":""2026-09-22T17:24:50.500Z"",""controlCount"":24}]","[""spouse_nationality""]",direct_id_candidate,"[{""code"":""plan_selector_differs_from_runtime_selector"",""mappingKey"":""spouse_nationality"",""proven"":true}]",finalized_runtime_selector_reconciliation,ds160-live-reconciliation-delta-2026-09-22.json
spouse_address_country,Family Information: Spouse,10,finalized_selector_reconciliation,selector_reconciliation_finalized,aggregate-only,false,select,select,,"[""select""]",family_spouse,"[""ctl00_SiteContentPlaceHolder_FormView1_ddlSpousePOBCountry"",""ctl00_SiteContentPlaceHolder_FormView1_ddlSPOUSE_ADDR_CNTRY""]","[{""state"":""family-partner-visible"",""observedAt"":""2026-09-22T17:22:05.965Z"",""controlCount"":16},{""state"":""family-partner-other-address"",""observedAt"":""2026-09-22T17:22:55.661Z"",""controlCount"":24},{""state"":""family-spouse-visible"",""observedAt"":""2026-09-22T17:24:24.424Z"",""controlCount"":16},{""state"":""family-spouse-other-address"",""observedAt"":""2026-09-22T17:24:50.500Z"",""controlCount"":24}]","[""spouse_address_country""]",direct_id_candidate,"[{""code"":""plan_selector_differs_from_runtime_selector"",""mappingKey"":""spouse_address_country"",""proven"":true}]",finalized_runtime_selector_reconciliation,ds160-live-reconciliation-delta-2026-09-22.json
spouse_date_of_birth,Family Information: Spouse,10,finalized_selector_reconciliation,selector_reconciliation_finalized,aggregate-only,false,date,date,,"[""select"",""text""]",family_spouse,"[""ctl00_SiteContentPlaceHolder_FormView1_ddlDOBDay"",""ctl00_SiteContentPlaceHolder_FormView1_ddlDOBMonth"",""ctl00_SiteContentPlaceHolder_FormView1_tbxDOBYear""]","[{""state"":""family-partner-visible"",""observedAt"":""2026-09-22T17:22:05.965Z"",""controlCount"":16},{""state"":""family-partner-other-address"",""observedAt"":""2026-09-22T17:22:55.661Z"",""controlCount"":24},{""state"":""family-spouse-visible"",""observedAt"":""2026-09-22T17:24:24.424Z"",""controlCount"":16},{""state"":""family-spouse-other-address"",""observedAt"":""2026-09-22T17:24:50.500Z"",""controlCount"":24}]","[""spouse_date_of_birth_day"",""spouse_date_of_birth_month"",""spouse_date_of_birth_year""]",direct_id_candidate,"[{""code"":""plan_selector_key_missing_from_runtime_page_map"",""mappingKey"":""spouse_date_of_birth"",""proven"":true}]",finalized_runtime_selector_reconciliation,ds160-live-reconciliation-delta-2026-09-22.json
occupation_other_explain,Work/Education/Training: Present,14,finalized_selector_reconciliation,selector_reconciliation_finalized,aggregate-only,false,text,textarea,4000,"[""text""]",work_education_present,"[""ctl00_SiteContentPlaceHolder_FormView1_tbxExplainOtherPresentOccupation""]","[{""state"":""work-present-restored"",""observedAt"":""2026-09-22T17:05:12.800Z"",""controlCount"":6},{""state"":""work-occupation-other"",""observedAt"":""2026-09-22T17:05:35.574Z"",""controlCount"":6},{""state"":""work-student-keyboard-transition"",""observedAt"":""2026-09-22T17:06:23.321Z"",""controlCount"":6},{""state"":""work-other-next-response"",""observedAt"":""2026-09-22T17:07:24.118Z"",""controlCount"":24},{""state"":""former-three-distinct-next"",""observedAt"":""2026-09-22T17:34:45.275Z"",""controlCount"":6},{""state"":""work-not-employed-server-validation"",""observedAt"":""2026-09-22T17:51:46.140Z"",""controlCount"":7},{""state"":""former-spouse-same-name-different-birthyear-validation"",""observedAt"":""2026-09-22T17:53:47.233Z"",""controlCount"":7},{""state"":""former-spouse-different-given-name-same-surname-dob-accepted"",""observedAt"":""2026-09-22T17:55:19.593Z"",""controlCount"":7},{""state"":""spouse-year-only-date-validation"",""observedAt"":""2026-09-22T18:06:34.030Z"",""controlCount"":7},{""state"":""spouse-full-date-filled-next-accepted"",""observedAt"":""2026-09-22T18:07:14.702Z"",""controlCount"":7}]","[""occupation_other_explain""]",direct_id_candidate,"[{""code"":""plan_selector_differs_from_runtime_selector"",""mappingKey"":""occupation_other_explain"",""proven"":true}]",finalized_runtime_selector_reconciliation,ds160-live-reconciliation-delta-2026-09-22.json
not_employed_explain,Work/Education/Training: Present,14,finalized_selector_reconciliation,selector_reconciliation_finalized,aggregate-only,false,textarea,textarea,,"[""text""]",work_education_present,"[""ctl00_SiteContentPlaceHolder_FormView1_tbxExplainOtherPresentOccupation""]","[{""state"":""work-present-restored"",""observedAt"":""2026-09-22T17:05:12.800Z"",""controlCount"":6},{""state"":""work-occupation-other"",""observedAt"":""2026-09-22T17:05:35.574Z"",""controlCount"":6},{""state"":""work-student-keyboard-transition"",""observedAt"":""2026-09-22T17:06:23.321Z"",""controlCount"":6},{""state"":""work-other-next-response"",""observedAt"":""2026-09-22T17:07:24.118Z"",""controlCount"":24},{""state"":""former-three-distinct-next"",""observedAt"":""2026-09-22T17:34:45.275Z"",""controlCount"":6},{""state"":""work-not-employed-server-validation"",""observedAt"":""2026-09-22T17:51:46.140Z"",""controlCount"":7},{""state"":""former-spouse-same-name-different-birthyear-validation"",""observedAt"":""2026-09-22T17:53:47.233Z"",""controlCount"":7},{""state"":""former-spouse-different-given-name-same-surname-dob-accepted"",""observedAt"":""2026-09-22T17:55:19.593Z"",""controlCount"":7},{""state"":""spouse-year-only-date-validation"",""observedAt"":""2026-09-22T18:06:34.030Z"",""controlCount"":7},{""state"":""spouse-full-date-filled-next-accepted"",""observedAt"":""2026-09-22T18:07:14.702Z"",""controlCount"":7}]","[""not_employed_explain""]",direct_id_candidate,"[{""code"":""plan_selector_differs_from_runtime_selector"",""mappingKey"":""not_employed_explain"",""proven"":true}]",finalized_runtime_selector_reconciliation,ds160-live-reconciliation-delta-2026-09-22.json
prev_employment_end_date,Work/Education/Training: Previous,15,finalized_selector_reconciliation,selector_reconciliation_finalized,aggregate-only,false,date,date,,"[""select"",""text""]",work_education_previous,"[""ctl00_SiteContentPlaceHolder_FormView1_dtlPrevEmpl_ctl00_ddlEmpDateToDay"",""ctl00_SiteContentPlaceHolder_FormView1_dtlPrevEmpl_ctl00_ddlEmpDateToMonth"",""ctl00_SiteContentPlaceHolder_FormView1_dtlPrevEmpl_ctl00_tbxEmpDateToYear""]","[{""state"":""work-previous-restored"",""observedAt"":""2026-09-22T17:35:24.782Z"",""controlCount"":8},{""state"":""previous-employment-yes"",""observedAt"":""2026-09-22T17:35:54.556Z"",""controlCount"":32},{""state"":""previous-education-yes"",""observedAt"":""2026-09-22T17:36:12.697Z"",""controlCount"":50},{""state"":""previous-employment-no"",""observedAt"":""2026-09-22T17:36:57.183Z"",""controlCount"":26},{""state"":""previous-education-no"",""observedAt"":""2026-09-22T17:37:16.817Z"",""controlCount"":8},{""state"":""not-employed-filled-next-accepted"",""observedAt"":""2026-09-22T17:52:20.164Z"",""controlCount"":8}]","[""prev_employment_end_date_day"",""prev_employment_end_date_month"",""prev_employment_end_date_year""]",direct_id_candidate,"[{""code"":""plan_selector_differs_from_runtime_selector"",""mappingKey"":""prev_employment_end_date_day"",""proven"":true},{""code"":""plan_selector_differs_from_runtime_selector"",""mappingKey"":""prev_employment_end_date_month"",""proven"":true},{""code"":""plan_selector_differs_from_runtime_selector"",""mappingKey"":""prev_employment_end_date_year"",""proven"":true}]",finalized_runtime_selector_reconciliation,ds160-live-reconciliation-delta-2026-09-22.json
prev_employment_start_date,Work/Education/Training: Previous,15,finalized_selector_reconciliation,selector_reconciliation_finalized,aggregate-only,false,date,date,,"[""select"",""text""]",work_education_previous,"[""ctl00_SiteContentPlaceHolder_FormView1_dtlPrevEmpl_ctl00_ddlEmpDateFromDay"",""ctl00_SiteContentPlaceHolder_FormView1_dtlPrevEmpl_ctl00_ddlEmpDateFromMonth"",""ctl00_SiteContentPlaceHolder_FormView1_dtlPrevEmpl_ctl00_tbxEmpDateFromYear""]","[{""state"":""work-previous-restored"",""observedAt"":""2026-09-22T17:35:24.782Z"",""controlCount"":8},{""state"":""previous-employment-yes"",""observedAt"":""2026-09-22T17:35:54.556Z"",""controlCount"":32},{""state"":""previous-education-yes"",""observedAt"":""2026-09-22T17:36:12.697Z"",""controlCount"":50},{""state"":""previous-employment-no"",""observedAt"":""2026-09-22T17:36:57.183Z"",""controlCount"":26},{""state"":""previous-education-no"",""observedAt"":""2026-09-22T17:37:16.817Z"",""controlCount"":8},{""state"":""not-employed-filled-next-accepted"",""observedAt"":""2026-09-22T17:52:20.164Z"",""controlCount"":8}]","[""prev_employment_start_date_day"",""prev_employment_start_date_month"",""prev_employment_start_date_year""]",direct_id_candidate,"[{""code"":""plan_selector_differs_from_runtime_selector"",""mappingKey"":""prev_employment_start_date_day"",""proven"":true},{""code"":""plan_selector_differs_from_runtime_selector"",""mappingKey"":""prev_employment_start_date_month"",""proven"":true},{""code"":""plan_selector_differs_from_runtime_selector"",""mappingKey"":""prev_employment_start_date_year"",""proven"":true}]",finalized_runtime_selector_reconciliation,ds160-live-reconciliation-delta-2026-09-22.json
prev_employer_address_street1,Work/Education/Training: Previous,15,finalized_selector_reconciliation,selector_reconciliation_finalized,aggregate-only,false,text,text,40,"[""text""]",work_education_previous,"[""ctl00_SiteContentPlaceHolder_FormView1_dtlPrevEmpl_ctl00_tbEmployerStreetAddress1"",""ctl00_SiteContentPlaceHolder_FormView1_dtlPrevEduc_ctl00_tbxSchoolAddr1""]","[{""state"":""work-previous-restored"",""observedAt"":""2026-09-22T17:35:24.782Z"",""controlCount"":8},{""state"":""previous-employment-yes"",""observedAt"":""2026-09-22T17:35:54.556Z"",""controlCount"":32},{""state"":""previous-education-yes"",""observedAt"":""2026-09-22T17:36:12.697Z"",""controlCount"":50},{""state"":""previous-employment-no"",""observedAt"":""2026-09-22T17:36:57.183Z"",""controlCount"":26},{""state"":""previous-education-no"",""observedAt"":""2026-09-22T17:37:16.817Z"",""controlCount"":8},{""state"":""not-employed-filled-next-accepted"",""observedAt"":""2026-09-22T17:52:20.164Z"",""controlCount"":8}]","[""prev_employer_address_street1""]",direct_id_candidate,"[{""code"":""plan_selector_differs_from_runtime_selector"",""mappingKey"":""prev_employer_address_street1"",""proven"":true}]",finalized_runtime_selector_reconciliation,ds160-live-reconciliation-delta-2026-09-22.json
prev_employer_address_street2,Work/Education/Training: Previous,15,finalized_selector_reconciliation,selector_reconciliation_finalized,aggregate-only,false,text,text,40,"[""text""]",work_education_previous,"[""ctl00_SiteContentPlaceHolder_FormView1_dtlPrevEmpl_ctl00_tbEmployerStreetAddress2"",""ctl00_SiteContentPlaceHolder_FormView1_dtlPrevEduc_ctl00_tbxSchoolAddr2""]","[{""state"":""work-previous-restored"",""observedAt"":""2026-09-22T17:35:24.782Z"",""controlCount"":8},{""state"":""previous-employment-yes"",""observedAt"":""2026-09-22T17:35:54.556Z"",""controlCount"":32},{""state"":""previous-education-yes"",""observedAt"":""2026-09-22T17:36:12.697Z"",""controlCount"":50},{""state"":""previous-employment-no"",""observedAt"":""2026-09-22T17:36:57.183Z"",""controlCount"":26},{""state"":""previous-education-no"",""observedAt"":""2026-09-22T17:37:16.817Z"",""controlCount"":8},{""state"":""not-employed-filled-next-accepted"",""observedAt"":""2026-09-22T17:52:20.164Z"",""controlCount"":8}]","[""prev_employer_address_street2""]",direct_id_candidate,"[{""code"":""plan_selector_differs_from_runtime_selector"",""mappingKey"":""prev_employer_address_street2"",""proven"":true}]",finalized_runtime_selector_reconciliation,ds160-live-reconciliation-delta-2026-09-22.json
prev_employer_city,Work/Education/Training: Previous,15,finalized_selector_reconciliation,selector_reconciliation_finalized,aggregate-only,false,text,text,20,"[""text""]",work_education_previous,"[""ctl00_SiteContentPlaceHolder_FormView1_dtlPrevEmpl_ctl00_tbEmployerCity"",""ctl00_SiteContentPlaceHolder_FormView1_dtlPrevEduc_ctl00_tbxSchoolCity""]","[{""state"":""work-previous-restored"",""observedAt"":""2026-09-22T17:35:24.782Z"",""controlCount"":8},{""state"":""previous-employment-yes"",""observedAt"":""2026-09-22T17:35:54.556Z"",""controlCount"":32},{""state"":""previous-education-yes"",""observedAt"":""2026-09-22T17:36:12.697Z"",""controlCount"":50},{""state"":""previous-employment-no"",""observedAt"":""2026-09-22T17:36:57.183Z"",""controlCount"":26},{""state"":""previous-education-no"",""observedAt"":""2026-09-22T17:37:16.817Z"",""controlCount"":8},{""state"":""not-employed-filled-next-accepted"",""observedAt"":""2026-09-22T17:52:20.164Z"",""controlCount"":8}]","[""prev_employer_city""]",direct_id_candidate,"[{""code"":""plan_selector_differs_from_runtime_selector"",""mappingKey"":""prev_employer_city"",""proven"":true}]",finalized_runtime_selector_reconciliation,ds160-live-reconciliation-delta-2026-09-22.json
prev_employer_country,Work/Education/Training: Previous,15,finalized_selector_reconciliation,selector_reconciliation_finalized,aggregate-only,false,select,select,,"[""select""]",work_education_previous,"[""ctl00_SiteContentPlaceHolder_FormView1_dtlPrevEmpl_ctl00_DropDownList2"",""ctl00_SiteContentPlaceHolder_FormView1_dtlPrevEduc_ctl00_ddlSchoolCountry""]","[{""state"":""work-previous-restored"",""observedAt"":""2026-09-22T17:35:24.782Z"",""controlCount"":8},{""state"":""previous-employment-yes"",""observedAt"":""2026-09-22T17:35:54.556Z"",""controlCount"":32},{""state"":""previous-education-yes"",""observedAt"":""2026-09-22T17:36:12.697Z"",""controlCount"":50},{""state"":""previous-employment-no"",""observedAt"":""2026-09-22T17:36:57.183Z"",""controlCount"":26},{""state"":""previous-education-no"",""observedAt"":""2026-09-22T17:37:16.817Z"",""controlCount"":8},{""state"":""not-employed-filled-next-accepted"",""observedAt"":""2026-09-22T17:52:20.164Z"",""controlCount"":8}]","[""prev_employer_country""]",direct_id_candidate,"[{""code"":""plan_selector_differs_from_runtime_selector"",""mappingKey"":""prev_employer_country"",""proven"":true}]",finalized_runtime_selector_reconciliation,ds160-live-reconciliation-delta-2026-09-22.json
prev_employer_phone,Work/Education/Training: Previous,15,finalized_selector_reconciliation,selector_reconciliation_finalized,aggregate-only,false,text,text,15,"[""text""]",work_education_previous,"[""ctl00_SiteContentPlaceHolder_FormView1_dtlPrevEmpl_ctl00_tbEmployerPhone""]","[{""state"":""work-previous-restored"",""observedAt"":""2026-09-22T17:35:24.782Z"",""controlCount"":8},{""state"":""previous-employment-yes"",""observedAt"":""2026-09-22T17:35:54.556Z"",""controlCount"":32},{""state"":""previous-education-yes"",""observedAt"":""2026-09-22T17:36:12.697Z"",""controlCount"":50},{""state"":""previous-employment-no"",""observedAt"":""2026-09-22T17:36:57.183Z"",""controlCount"":26},{""state"":""previous-education-no"",""observedAt"":""2026-09-22T17:37:16.817Z"",""controlCount"":8},{""state"":""not-employed-filled-next-accepted"",""observedAt"":""2026-09-22T17:52:20.164Z"",""controlCount"":8}]","[""prev_employer_phone""]",direct_id_candidate,"[{""code"":""plan_selector_differs_from_runtime_selector"",""mappingKey"":""prev_employer_phone"",""proven"":true}]",finalized_runtime_selector_reconciliation,ds160-live-reconciliation-delta-2026-09-22.json
prev_employer_postal,Work/Education/Training: Previous,15,finalized_selector_reconciliation,selector_reconciliation_finalized,aggregate-only,false,text,text,10,"[""text"",""checkbox""]",work_education_previous,"[""ctl00_SiteContentPlaceHolder_FormView1_dtlPrevEmpl_ctl00_tbxPREV_EMPL_ADDR_POSTAL_CD"",""ctl00_SiteContentPlaceHolder_FormView1_dtlPrevEduc_ctl00_tbxEDUC_INST_POSTAL_CD"",""ctl00_SiteContentPlaceHolder_FormView1_dtlPrevEmpl_ctl00_cbxPREV_EMPL_ADDR_POSTAL_CD_NA""]","[{""state"":""work-previous-restored"",""observedAt"":""2026-09-22T17:35:24.782Z"",""controlCount"":8},{""state"":""previous-employment-yes"",""observedAt"":""2026-09-22T17:35:54.556Z"",""controlCount"":32},{""state"":""previous-education-yes"",""observedAt"":""2026-09-22T17:36:12.697Z"",""controlCount"":50},{""state"":""previous-employment-no"",""observedAt"":""2026-09-22T17:36:57.183Z"",""controlCount"":26},{""state"":""previous-education-no"",""observedAt"":""2026-09-22T17:37:16.817Z"",""controlCount"":8},{""state"":""not-employed-filled-next-accepted"",""observedAt"":""2026-09-22T17:52:20.164Z"",""controlCount"":8}]","[""prev_employer_postal"",""prev_employer_postal_na""]",direct_id_candidate,"[{""code"":""plan_selector_differs_from_runtime_selector"",""mappingKey"":""prev_employer_postal"",""proven"":true}]",finalized_runtime_selector_reconciliation,ds160-live-reconciliation-delta-2026-09-22.json
prev_employer_state,Work/Education/Training: Previous,15,finalized_selector_reconciliation,selector_reconciliation_finalized,aggregate-only,false,text,text,20,"[""text"",""checkbox""]",work_education_previous,"[""ctl00_SiteContentPlaceHolder_FormView1_dtlPrevEmpl_ctl00_tbxPREV_EMPL_ADDR_STATE"",""ctl00_SiteContentPlaceHolder_FormView1_dtlPrevEduc_ctl00_tbxEDUC_INST_ADDR_STATE"",""ctl00_SiteContentPlaceHolder_FormView1_dtlPrevEmpl_ctl00_cbxPREV_EMPL_ADDR_STATE_NA""]","[{""state"":""work-previous-restored"",""observedAt"":""2026-09-22T17:35:24.782Z"",""controlCount"":8},{""state"":""previous-employment-yes"",""observedAt"":""2026-09-22T17:35:54.556Z"",""controlCount"":32},{""state"":""previous-education-yes"",""observedAt"":""2026-09-22T17:36:12.697Z"",""controlCount"":50},{""state"":""previous-employment-no"",""observedAt"":""2026-09-22T17:36:57.183Z"",""controlCount"":26},{""state"":""previous-education-no"",""observedAt"":""2026-09-22T17:37:16.817Z"",""controlCount"":8},{""state"":""not-employed-filled-next-accepted"",""observedAt"":""2026-09-22T17:52:20.164Z"",""controlCount"":8}]","[""prev_employer_state"",""prev_employer_state_na""]",direct_id_candidate,"[{""code"":""plan_selector_differs_from_runtime_selector"",""mappingKey"":""prev_employer_state"",""proven"":true}]",finalized_runtime_selector_reconciliation,ds160-live-reconciliation-delta-2026-09-22.json
prev_job_duties,Work/Education/Training: Previous,15,finalized_selector_reconciliation,selector_reconciliation_finalized,aggregate-only,false,textarea,textarea,4000,"[""text""]",work_education_previous,"[""ctl00_SiteContentPlaceHolder_FormView1_dtlPrevEmpl_ctl00_tbDescribeDuties""]","[{""state"":""work-previous-restored"",""observedAt"":""2026-09-22T17:35:24.782Z"",""controlCount"":8},{""state"":""previous-employment-yes"",""observedAt"":""2026-09-22T17:35:54.556Z"",""controlCount"":32},{""state"":""previous-education-yes"",""observedAt"":""2026-09-22T17:36:12.697Z"",""controlCount"":50},{""state"":""previous-employment-no"",""observedAt"":""2026-09-22T17:36:57.183Z"",""controlCount"":26},{""state"":""previous-education-no"",""observedAt"":""2026-09-22T17:37:16.817Z"",""controlCount"":8},{""state"":""not-employed-filled-next-accepted"",""observedAt"":""2026-09-22T17:52:20.164Z"",""controlCount"":8}]","[""prev_job_duties""]",direct_id_candidate,"[{""code"":""plan_selector_differs_from_runtime_selector"",""mappingKey"":""prev_job_duties"",""proven"":true}]",finalized_runtime_selector_reconciliation,ds160-live-reconciliation-delta-2026-09-22.json
prev_job_title,Work/Education/Training: Previous,15,finalized_selector_reconciliation,selector_reconciliation_finalized,aggregate-only,false,text,text,75,"[""text""]",work_education_previous,"[""ctl00_SiteContentPlaceHolder_FormView1_dtlPrevEmpl_ctl00_tbJobTitle""]","[{""state"":""work-previous-restored"",""observedAt"":""2026-09-22T17:35:24.782Z"",""controlCount"":8},{""state"":""previous-employment-yes"",""observedAt"":""2026-09-22T17:35:54.556Z"",""controlCount"":32},{""state"":""previous-education-yes"",""observedAt"":""2026-09-22T17:36:12.697Z"",""controlCount"":50},{""state"":""previous-employment-no"",""observedAt"":""2026-09-22T17:36:57.183Z"",""controlCount"":26},{""state"":""previous-education-no"",""observedAt"":""2026-09-22T17:37:16.817Z"",""controlCount"":8},{""state"":""not-employed-filled-next-accepted"",""observedAt"":""2026-09-22T17:52:20.164Z"",""controlCount"":8}]","[""prev_job_title""]",direct_id_candidate,"[{""code"":""plan_selector_differs_from_runtime_selector"",""mappingKey"":""prev_job_title"",""proven"":true}]",finalized_runtime_selector_reconciliation,ds160-live-reconciliation-delta-2026-09-22.json
prev_supervisor_given_names,Work/Education/Training: Previous,15,finalized_selector_reconciliation,selector_reconciliation_finalized,aggregate-only,false,text,text,33,"[""text"",""checkbox""]",work_education_previous,"[""ctl00_SiteContentPlaceHolder_FormView1_dtlPrevEmpl_ctl00_tbSupervisorGivenName"",""ctl00_SiteContentPlaceHolder_FormView1_dtlPrevEmpl_ctl00_cbxSupervisorSurname_NA"",""ctl00_SiteContentPlaceHolder_FormView1_dtlPrevEmpl_ctl00_cbxSupervisorGivenName_NA""]","[{""state"":""work-previous-restored"",""observedAt"":""2026-09-22T17:35:24.782Z"",""controlCount"":8},{""state"":""previous-employment-yes"",""observedAt"":""2026-09-22T17:35:54.556Z"",""controlCount"":32},{""state"":""previous-education-yes"",""observedAt"":""2026-09-22T17:36:12.697Z"",""controlCount"":50},{""state"":""previous-employment-no"",""observedAt"":""2026-09-22T17:36:57.183Z"",""controlCount"":26},{""state"":""previous-education-no"",""observedAt"":""2026-09-22T17:37:16.817Z"",""controlCount"":8},{""state"":""not-employed-filled-next-accepted"",""observedAt"":""2026-09-22T17:52:20.164Z"",""controlCount"":8}]","[""prev_supervisor_given_names"",""prev_supervisor_given_names_unknown""]",direct_id_candidate,"[{""code"":""plan_selector_differs_from_runtime_selector"",""mappingKey"":""prev_supervisor_given_names"",""proven"":true}]",finalized_runtime_selector_reconciliation,ds160-live-reconciliation-delta-2026-09-22.json
prev_supervisor_surname,Work/Education/Training: Previous,15,finalized_selector_reconciliation,selector_reconciliation_finalized,aggregate-only,false,text,text,33,"[""text"",""checkbox""]",work_education_previous,"[""ctl00_SiteContentPlaceHolder_FormView1_dtlPrevEmpl_ctl00_tbSupervisorSurname"",""ctl00_SiteContentPlaceHolder_FormView1_dtlPrevEmpl_ctl00_cbxSupervisorSurname_NA"",""ctl00_SiteContentPlaceHolder_FormView1_dtlPrevEmpl_ctl00_cbxSupervisorGivenName_NA""]","[{""state"":""work-previous-restored"",""observedAt"":""2026-09-22T17:35:24.782Z"",""controlCount"":8},{""state"":""previous-employment-yes"",""observedAt"":""2026-09-22T17:35:54.556Z"",""controlCount"":32},{""state"":""previous-education-yes"",""observedAt"":""2026-09-22T17:36:12.697Z"",""controlCount"":50},{""state"":""previous-employment-no"",""observedAt"":""2026-09-22T17:36:57.183Z"",""controlCount"":26},{""state"":""previous-education-no"",""observedAt"":""2026-09-22T17:37:16.817Z"",""controlCount"":8},{""state"":""not-employed-filled-next-accepted"",""observedAt"":""2026-09-22T17:52:20.164Z"",""controlCount"":8}]","[""prev_supervisor_surname"",""prev_supervisor_surname_unknown""]",direct_id_candidate,"[{""code"":""plan_selector_differs_from_runtime_selector"",""mappingKey"":""prev_supervisor_surname"",""proven"":true}]",finalized_runtime_selector_reconciliation,ds160-live-reconciliation-delta-2026-09-22.json
military_branch,Work/Education/Training: Additional,16,finalized_selector_reconciliation,selector_reconciliation_finalized,aggregate-only,false,text,text,40,"[""text""]",work_education_additional,"[""ctl00_SiteContentPlaceHolder_FormView1_dtlMILITARY_SERVICE_ctl00_tbxMILITARY_SVC_BRANCH""]","[{""state"":""additional-restored"",""observedAt"":""2026-09-22T17:37:38.347Z"",""controlCount"":17},{""state"":""additional-clan-yes"",""observedAt"":""2026-09-22T17:38:47.217Z"",""controlCount"":18},{""state"":""additional-countries-yes"",""observedAt"":""2026-09-22T17:39:08.831Z"",""controlCount"":19},{""state"":""additional-organization-yes"",""observedAt"":""2026-09-22T17:39:23.367Z"",""controlCount"":20},{""state"":""additional-skills-yes"",""observedAt"":""2026-09-22T17:39:43.374Z"",""controlCount"":21},{""state"":""additional-military-yes"",""observedAt"":""2026-09-22T17:39:57.981Z"",""controlCount"":33},{""state"":""additional-insurgent-yes"",""observedAt"":""2026-09-22T17:40:13.993Z"",""controlCount"":34}]","[""military_branch""]",direct_id_candidate,"[{""code"":""plan_selector_differs_from_runtime_selector"",""mappingKey"":""military_branch"",""proven"":true}]",finalized_runtime_selector_reconciliation,ds160-live-reconciliation-delta-2026-09-22.json
military_country,Work/Education/Training: Additional,16,finalized_selector_reconciliation,selector_reconciliation_finalized,aggregate-only,false,select,select,,"[""select""]",work_education_additional,"[""ctl00_SiteContentPlaceHolder_FormView1_dtlCountriesVisited_ctl00_ddlCOUNTRIES_VISITED"",""ctl00_SiteContentPlaceHolder_FormView1_dtlMILITARY_SERVICE_ctl00_ddlMILITARY_SVC_CNTRY""]","[{""state"":""additional-restored"",""observedAt"":""2026-09-22T17:37:38.347Z"",""controlCount"":17},{""state"":""additional-clan-yes"",""observedAt"":""2026-09-22T17:38:47.217Z"",""controlCount"":18},{""state"":""additional-countries-yes"",""observedAt"":""2026-09-22T17:39:08.831Z"",""controlCount"":19},{""state"":""additional-organization-yes"",""observedAt"":""2026-09-22T17:39:23.367Z"",""controlCount"":20},{""state"":""additional-skills-yes"",""observedAt"":""2026-09-22T17:39:43.374Z"",""controlCount"":21},{""state"":""additional-military-yes"",""observedAt"":""2026-09-22T17:39:57.981Z"",""controlCount"":33},{""state"":""additional-insurgent-yes"",""observedAt"":""2026-09-22T17:40:13.993Z"",""controlCount"":34}]","[""military_country""]",direct_id_candidate,"[{""code"":""plan_selector_differs_from_runtime_selector"",""mappingKey"":""military_country"",""proven"":true}]",finalized_runtime_selector_reconciliation,ds160-live-reconciliation-delta-2026-09-22.json
military_rank,Work/Education/Training: Additional,16,finalized_selector_reconciliation,selector_reconciliation_finalized,aggregate-only,false,text,text,40,"[""text""]",work_education_additional,"[""ctl00_SiteContentPlaceHolder_FormView1_dtlMILITARY_SERVICE_ctl00_tbxMILITARY_SVC_RANK""]","[{""state"":""additional-restored"",""observedAt"":""2026-09-22T17:37:38.347Z"",""controlCount"":17},{""state"":""additional-clan-yes"",""observedAt"":""2026-09-22T17:38:47.217Z"",""controlCount"":18},{""state"":""additional-countries-yes"",""observedAt"":""2026-09-22T17:39:08.831Z"",""controlCount"":19},{""state"":""additional-organization-yes"",""observedAt"":""2026-09-22T17:39:23.367Z"",""controlCount"":20},{""state"":""additional-skills-yes"",""observedAt"":""2026-09-22T17:39:43.374Z"",""controlCount"":21},{""state"":""additional-military-yes"",""observedAt"":""2026-09-22T17:39:57.981Z"",""controlCount"":33},{""state"":""additional-insurgent-yes"",""observedAt"":""2026-09-22T17:40:13.993Z"",""controlCount"":34}]","[""military_rank""]",direct_id_candidate,"[{""code"":""plan_selector_differs_from_runtime_selector"",""mappingKey"":""military_rank"",""proven"":true}]",finalized_runtime_selector_reconciliation,ds160-live-reconciliation-delta-2026-09-22.json
military_specialty,Work/Education/Training: Additional,16,finalized_selector_reconciliation,selector_reconciliation_finalized,aggregate-only,false,text,text,40,"[""text""]",work_education_additional,"[""ctl00_SiteContentPlaceHolder_FormView1_dtlMILITARY_SERVICE_ctl00_tbxMILITARY_SVC_SPECIALTY""]","[{""state"":""additional-restored"",""observedAt"":""2026-09-22T17:37:38.347Z"",""controlCount"":17},{""state"":""additional-clan-yes"",""observedAt"":""2026-09-22T17:38:47.217Z"",""controlCount"":18},{""state"":""additional-countries-yes"",""observedAt"":""2026-09-22T17:39:08.831Z"",""controlCount"":19},{""state"":""additional-organization-yes"",""observedAt"":""2026-09-22T17:39:23.367Z"",""controlCount"":20},{""state"":""additional-skills-yes"",""observedAt"":""2026-09-22T17:39:43.374Z"",""controlCount"":21},{""state"":""additional-military-yes"",""observedAt"":""2026-09-22T17:39:57.981Z"",""controlCount"":33},{""state"":""additional-insurgent-yes"",""observedAt"":""2026-09-22T17:40:13.993Z"",""controlCount"":34}]","[""military_specialty""]",direct_id_candidate,"[{""code"":""plan_selector_differs_from_runtime_selector"",""mappingKey"":""military_specialty"",""proven"":true}]",finalized_runtime_selector_reconciliation,ds160-live-reconciliation-delta-2026-09-22.json
paramilitary_explain,Work/Education/Training: Additional,16,finalized_selector_reconciliation,selector_reconciliation_finalized,aggregate-only,false,textarea,textarea,4000,"[""text""]",work_education_additional,"[""ctl00_SiteContentPlaceHolder_FormView1_tbxSPECIALIZED_SKILLS_EXPL"",""ctl00_SiteContentPlaceHolder_FormView1_tbxINSURGENT_ORG_EXPL""]","[{""state"":""additional-restored"",""observedAt"":""2026-09-22T17:37:38.347Z"",""controlCount"":17},{""state"":""additional-clan-yes"",""observedAt"":""2026-09-22T17:38:47.217Z"",""controlCount"":18},{""state"":""additional-countries-yes"",""observedAt"":""2026-09-22T17:39:08.831Z"",""controlCount"":19},{""state"":""additional-organization-yes"",""observedAt"":""2026-09-22T17:39:23.367Z"",""controlCount"":20},{""state"":""additional-skills-yes"",""observedAt"":""2026-09-22T17:39:43.374Z"",""controlCount"":21},{""state"":""additional-military-yes"",""observedAt"":""2026-09-22T17:39:57.981Z"",""controlCount"":33},{""state"":""additional-insurgent-yes"",""observedAt"":""2026-09-22T17:40:13.993Z"",""controlCount"":34}]","[""paramilitary_explain""]",direct_id_candidate,"[{""code"":""plan_selector_differs_from_runtime_selector"",""mappingKey"":""paramilitary_explain"",""proven"":true}]",finalized_runtime_selector_reconciliation,ds160-live-reconciliation-delta-2026-09-22.json
has_communicable_disease_explain,Security and Background: Part 1,17,finalized_selector_reconciliation,selector_reconciliation_finalized,aggregate-only,false,textarea,textarea,4000,"[""text""]",security_background_1,"[""ctl00_SiteContentPlaceHolder_FormView1_tbxDisease"",""ctl00_SiteContentPlaceHolder_FormView1_tbxDisorder"",""ctl00_SiteContentPlaceHolder_FormView1_tbxDruguser""]","[{""state"":""security1-restored"",""observedAt"":""2026-09-22T17:41:13.524Z"",""controlCount"":10},{""state"":""security1-disease-yes"",""observedAt"":""2026-09-22T17:41:31.625Z"",""controlCount"":11},{""state"":""security1-disorder-yes"",""observedAt"":""2026-09-22T17:41:32.009Z"",""controlCount"":12},{""state"":""security1-druguser-yes"",""observedAt"":""2026-09-22T17:41:32.438Z"",""controlCount"":13},{""state"":""security1-return-for-validation"",""observedAt"":""2026-09-22T17:50:20.572Z"",""controlCount"":10},{""state"":""Security and Background: Part 1-rblDisease_0"",""observedAt"":""2026-09-22T17:50:21.023Z"",""controlCount"":11},{""state"":""Security and Background: Part 1-rblDisorder_0"",""observedAt"":""2026-09-22T17:50:21.444Z"",""controlCount"":12},{""state"":""Security and Background: Part 1-rblDruguser_0"",""observedAt"":""2026-09-22T17:50:21.815Z"",""controlCount"":13},{""state"":""security1-empty-explanations-server-validation"",""observedAt"":""2026-09-22T17:50:53.112Z"",""controlCount"":13}]","[""has_communicable_disease_explain""]",direct_id_candidate,"[{""code"":""plan_selector_differs_from_runtime_selector"",""mappingKey"":""has_communicable_disease_explain"",""proven"":true}]",finalized_runtime_selector_reconciliation,ds160-live-reconciliation-delta-2026-09-22.json
has_physical_mental_disorder_explain,Security and Background: Part 1,17,finalized_selector_reconciliation,selector_reconciliation_finalized,aggregate-only,false,textarea,textarea,4000,"[""text""]",security_background_1,"[""ctl00_SiteContentPlaceHolder_FormView1_tbxDisease"",""ctl00_SiteContentPlaceHolder_FormView1_tbxDisorder"",""ctl00_SiteContentPlaceHolder_FormView1_tbxDruguser""]","[{""state"":""security1-restored"",""observedAt"":""2026-09-22T17:41:13.524Z"",""controlCount"":10},{""state"":""security1-disease-yes"",""observedAt"":""2026-09-22T17:41:31.625Z"",""controlCount"":11},{""state"":""security1-disorder-yes"",""observedAt"":""2026-09-22T17:41:32.009Z"",""controlCount"":12},{""state"":""security1-druguser-yes"",""observedAt"":""2026-09-22T17:41:32.438Z"",""controlCount"":13},{""state"":""security1-return-for-validation"",""observedAt"":""2026-09-22T17:50:20.572Z"",""controlCount"":10},{""state"":""Security and Background: Part 1-rblDisease_0"",""observedAt"":""2026-09-22T17:50:21.023Z"",""controlCount"":11},{""state"":""Security and Background: Part 1-rblDisorder_0"",""observedAt"":""2026-09-22T17:50:21.444Z"",""controlCount"":12},{""state"":""Security and Background: Part 1-rblDruguser_0"",""observedAt"":""2026-09-22T17:50:21.815Z"",""controlCount"":13},{""state"":""security1-empty-explanations-server-validation"",""observedAt"":""2026-09-22T17:50:53.112Z"",""controlCount"":13}]","[""has_physical_mental_disorder_explain""]",direct_id_candidate,"[{""code"":""plan_selector_differs_from_runtime_selector"",""mappingKey"":""has_physical_mental_disorder_explain"",""proven"":true}]",finalized_runtime_selector_reconciliation,ds160-live-reconciliation-delta-2026-09-22.json
is_drug_abuser_explain,Security and Background: Part 1,17,finalized_selector_reconciliation,selector_reconciliation_finalized,aggregate-only,false,textarea,textarea,4000,"[""text""]",security_background_1,"[""ctl00_SiteContentPlaceHolder_FormView1_tbxDisease"",""ctl00_SiteContentPlaceHolder_FormView1_tbxDisorder"",""ctl00_SiteContentPlaceHolder_FormView1_tbxDruguser""]","[{""state"":""security1-restored"",""observedAt"":""2026-09-22T17:41:13.524Z"",""controlCount"":10},{""state"":""security1-disease-yes"",""observedAt"":""2026-09-22T17:41:31.625Z"",""controlCount"":11},{""state"":""security1-disorder-yes"",""observedAt"":""2026-09-22T17:41:32.009Z"",""controlCount"":12},{""state"":""security1-druguser-yes"",""observedAt"":""2026-09-22T17:41:32.438Z"",""controlCount"":13},{""state"":""security1-return-for-validation"",""observedAt"":""2026-09-22T17:50:20.572Z"",""controlCount"":10},{""state"":""Security and Background: Part 1-rblDisease_0"",""observedAt"":""2026-09-22T17:50:21.023Z"",""controlCount"":11},{""state"":""Security and Background: Part 1-rblDisorder_0"",""observedAt"":""2026-09-22T17:50:21.444Z"",""controlCount"":12},{""state"":""Security and Background: Part 1-rblDruguser_0"",""observedAt"":""2026-09-22T17:50:21.815Z"",""controlCount"":13},{""state"":""security1-empty-explanations-server-validation"",""observedAt"":""2026-09-22T17:50:53.112Z"",""controlCount"":13}]","[""is_drug_abuser_explain""]",direct_id_candidate,"[{""code"":""plan_selector_differs_from_runtime_selector"",""mappingKey"":""is_drug_abuser_explain"",""proven"":true}]",finalized_runtime_selector_reconciliation,ds160-live-reconciliation-delta-2026-09-22.json
has_aided_human_trafficking_explain,Security and Background: Part 2,18,finalized_selector_reconciliation,selector_reconciliation_finalized,aggregate-only,false,textarea,textarea,4000,"[""text""]",security_background_2,"[""ctl00_SiteContentPlaceHolder_FormView1_tbxArrested"",""ctl00_SiteContentPlaceHolder_FormView1_tbxControlledSubstances"",""ctl00_SiteContentPlaceHolder_FormView1_tbxProstitution"",""ctl00_SiteContentPlaceHolder_FormView1_tbxMoneyLaundering"",""ctl00_SiteContentPlaceHolder_FormView1_tbxHumanTrafficking"",""ctl00_SiteContentPlaceHolder_FormView1_tbxAssistedSevereTrafficking"",""ctl00_SiteContentPlaceHolder_FormView1_tbxHumanTraffickingRelated""]","[{""state"":""Security and Background: Part 2-rblArrested_0"",""observedAt"":""2026-09-22T17:42:26.413Z"",""controlCount"":19},{""state"":""Security and Background: Part 2-rblControlledSubstances_0"",""observedAt"":""2026-09-22T17:42:26.801Z"",""controlCount"":20},{""state"":""Security and Background: Part 2-rblProstitution_0"",""observedAt"":""2026-09-22T17:42:27.198Z"",""controlCount"":21},{""state"":""Security and Background: Part 2-rblMoneyLaundering_0"",""observedAt"":""2026-09-22T17:42:27.601Z"",""controlCount"":22},{""state"":""Security and Background: Part 2-rblHumanTrafficking_0"",""observedAt"":""2026-09-22T17:42:28.029Z"",""controlCount"":23},{""state"":""Security and Background: Part 2-rblAssistedSevereTrafficking_0"",""observedAt"":""2026-09-22T17:42:28.413Z"",""controlCount"":24},{""state"":""Security and Background: Part 2-rblHumanTraffickingRelated_0"",""observedAt"":""2026-09-22T17:42:28.815Z"",""controlCount"":25},{""state"":""security2-empty-explanations-rejected"",""observedAt"":""2026-09-22T17:43:20.261Z"",""controlCount"":25},{""state"":""security1-filled-next-accepted"",""observedAt"":""2026-09-22T17:50:58.292Z"",""controlCount"":25}]","[""has_aided_human_trafficking_explain""]",direct_id_candidate,"[{""code"":""plan_selector_differs_from_runtime_selector"",""mappingKey"":""has_aided_human_trafficking_explain"",""proven"":true}]",finalized_runtime_selector_reconciliation,ds160-live-reconciliation-delta-2026-09-22.json
has_arrest_conviction_explain,Security and Background: Part 2,18,finalized_selector_reconciliation,selector_reconciliation_finalized,aggregate-only,false,textarea,textarea,4000,"[""text""]",security_background_2,"[""ctl00_SiteContentPlaceHolder_FormView1_tbxArrested"",""ctl00_SiteContentPlaceHolder_FormView1_tbxControlledSubstances"",""ctl00_SiteContentPlaceHolder_FormView1_tbxProstitution"",""ctl00_SiteContentPlaceHolder_FormView1_tbxMoneyLaundering"",""ctl00_SiteContentPlaceHolder_FormView1_tbxHumanTrafficking"",""ctl00_SiteContentPlaceHolder_FormView1_tbxAssistedSevereTrafficking"",""ctl00_SiteContentPlaceHolder_FormView1_tbxHumanTraffickingRelated""]","[{""state"":""Security and Background: Part 2-rblArrested_0"",""observedAt"":""2026-09-22T17:42:26.413Z"",""controlCount"":19},{""state"":""Security and Background: Part 2-rblControlledSubstances_0"",""observedAt"":""2026-09-22T17:42:26.801Z"",""controlCount"":20},{""state"":""Security and Background: Part 2-rblProstitution_0"",""observedAt"":""2026-09-22T17:42:27.198Z"",""controlCount"":21},{""state"":""Security and Background: Part 2-rblMoneyLaundering_0"",""observedAt"":""2026-09-22T17:42:27.601Z"",""controlCount"":22},{""state"":""Security and Background: Part 2-rblHumanTrafficking_0"",""observedAt"":""2026-09-22T17:42:28.029Z"",""controlCount"":23},{""state"":""Security and Background: Part 2-rblAssistedSevereTrafficking_0"",""observedAt"":""2026-09-22T17:42:28.413Z"",""controlCount"":24},{""state"":""Security and Background: Part 2-rblHumanTraffickingRelated_0"",""observedAt"":""2026-09-22T17:42:28.815Z"",""controlCount"":25},{""state"":""security2-empty-explanations-rejected"",""observedAt"":""2026-09-22T17:43:20.261Z"",""controlCount"":25},{""state"":""security1-filled-next-accepted"",""observedAt"":""2026-09-22T17:50:58.292Z"",""controlCount"":25}]","[""has_arrest_conviction_explain""]",direct_id_candidate,"[{""code"":""plan_selector_differs_from_runtime_selector"",""mappingKey"":""has_arrest_conviction_explain"",""proven"":true}]",finalized_runtime_selector_reconciliation,ds160-live-reconciliation-delta-2026-09-22.json
has_human_trafficking_explain,Security and Background: Part 2,18,finalized_selector_reconciliation,selector_reconciliation_finalized,aggregate-only,false,textarea,textarea,4000,"[""text""]",security_background_2,"[""ctl00_SiteContentPlaceHolder_FormView1_tbxArrested"",""ctl00_SiteContentPlaceHolder_FormView1_tbxControlledSubstances"",""ctl00_SiteContentPlaceHolder_FormView1_tbxProstitution"",""ctl00_SiteContentPlaceHolder_FormView1_tbxMoneyLaundering"",""ctl00_SiteContentPlaceHolder_FormView1_tbxHumanTrafficking"",""ctl00_SiteContentPlaceHolder_FormView1_tbxAssistedSevereTrafficking"",""ctl00_SiteContentPlaceHolder_FormView1_tbxHumanTraffickingRelated""]","[{""state"":""Security and Background: Part 2-rblArrested_0"",""observedAt"":""2026-09-22T17:42:26.413Z"",""controlCount"":19},{""state"":""Security and Background: Part 2-rblControlledSubstances_0"",""observedAt"":""2026-09-22T17:42:26.801Z"",""controlCount"":20},{""state"":""Security and Background: Part 2-rblProstitution_0"",""observedAt"":""2026-09-22T17:42:27.198Z"",""controlCount"":21},{""state"":""Security and Background: Part 2-rblMoneyLaundering_0"",""observedAt"":""2026-09-22T17:42:27.601Z"",""controlCount"":22},{""state"":""Security and Background: Part 2-rblHumanTrafficking_0"",""observedAt"":""2026-09-22T17:42:28.029Z"",""controlCount"":23},{""state"":""Security and Background: Part 2-rblAssistedSevereTrafficking_0"",""observedAt"":""2026-09-22T17:42:28.413Z"",""controlCount"":24},{""state"":""Security and Background: Part 2-rblHumanTraffickingRelated_0"",""observedAt"":""2026-09-22T17:42:28.815Z"",""controlCount"":25},{""state"":""security2-empty-explanations-rejected"",""observedAt"":""2026-09-22T17:43:20.261Z"",""controlCount"":25},{""state"":""security1-filled-next-accepted"",""observedAt"":""2026-09-22T17:50:58.292Z"",""controlCount"":25}]","[""has_human_trafficking_explain""]",direct_id_candidate,"[{""code"":""plan_selector_differs_from_runtime_selector"",""mappingKey"":""has_human_trafficking_explain"",""proven"":true}]",finalized_runtime_selector_reconciliation,ds160-live-reconciliation-delta-2026-09-22.json
has_money_laundering_explain,Security and Background: Part 2,18,finalized_selector_reconciliation,selector_reconciliation_finalized,aggregate-only,false,textarea,textarea,4000,"[""text""]",security_background_2,"[""ctl00_SiteContentPlaceHolder_FormView1_tbxArrested"",""ctl00_SiteContentPlaceHolder_FormView1_tbxControlledSubstances"",""ctl00_SiteContentPlaceHolder_FormView1_tbxProstitution"",""ctl00_SiteContentPlaceHolder_FormView1_tbxMoneyLaundering"",""ctl00_SiteContentPlaceHolder_FormView1_tbxHumanTrafficking"",""ctl00_SiteContentPlaceHolder_FormView1_tbxAssistedSevereTrafficking"",""ctl00_SiteContentPlaceHolder_FormView1_tbxHumanTraffickingRelated""]","[{""state"":""Security and Background: Part 2-rblArrested_0"",""observedAt"":""2026-09-22T17:42:26.413Z"",""controlCount"":19},{""state"":""Security and Background: Part 2-rblControlledSubstances_0"",""observedAt"":""2026-09-22T17:42:26.801Z"",""controlCount"":20},{""state"":""Security and Background: Part 2-rblProstitution_0"",""observedAt"":""2026-09-22T17:42:27.198Z"",""controlCount"":21},{""state"":""Security and Background: Part 2-rblMoneyLaundering_0"",""observedAt"":""2026-09-22T17:42:27.601Z"",""controlCount"":22},{""state"":""Security and Background: Part 2-rblHumanTrafficking_0"",""observedAt"":""2026-09-22T17:42:28.029Z"",""controlCount"":23},{""state"":""Security and Background: Part 2-rblAssistedSevereTrafficking_0"",""observedAt"":""2026-09-22T17:42:28.413Z"",""controlCount"":24},{""state"":""Security and Background: Part 2-rblHumanTraffickingRelated_0"",""observedAt"":""2026-09-22T17:42:28.815Z"",""controlCount"":25},{""state"":""security2-empty-explanations-rejected"",""observedAt"":""2026-09-22T17:43:20.261Z"",""controlCount"":25},{""state"":""security1-filled-next-accepted"",""observedAt"":""2026-09-22T17:50:58.292Z"",""controlCount"":25}]","[""has_money_laundering_explain""]",direct_id_candidate,"[{""code"":""plan_selector_differs_from_runtime_selector"",""mappingKey"":""has_money_laundering_explain"",""proven"":true}]",finalized_runtime_selector_reconciliation,ds160-live-reconciliation-delta-2026-09-22.json
has_prostitution_explain,Security and Background: Part 2,18,finalized_selector_reconciliation,selector_reconciliation_finalized,aggregate-only,false,textarea,textarea,4000,"[""text""]",security_background_2,"[""ctl00_SiteContentPlaceHolder_FormView1_tbxArrested"",""ctl00_SiteContentPlaceHolder_FormView1_tbxControlledSubstances"",""ctl00_SiteContentPlaceHolder_FormView1_tbxProstitution"",""ctl00_SiteContentPlaceHolder_FormView1_tbxMoneyLaundering"",""ctl00_SiteContentPlaceHolder_FormView1_tbxHumanTrafficking"",""ctl00_SiteContentPlaceHolder_FormView1_tbxAssistedSevereTrafficking"",""ctl00_SiteContentPlaceHolder_FormView1_tbxHumanTraffickingRelated""]","[{""state"":""Security and Background: Part 2-rblArrested_0"",""observedAt"":""2026-09-22T17:42:26.413Z"",""controlCount"":19},{""state"":""Security and Background: Part 2-rblControlledSubstances_0"",""observedAt"":""2026-09-22T17:42:26.801Z"",""controlCount"":20},{""state"":""Security and Background: Part 2-rblProstitution_0"",""observedAt"":""2026-09-22T17:42:27.198Z"",""controlCount"":21},{""state"":""Security and Background: Part 2-rblMoneyLaundering_0"",""observedAt"":""2026-09-22T17:42:27.601Z"",""controlCount"":22},{""state"":""Security and Background: Part 2-rblHumanTrafficking_0"",""observedAt"":""2026-09-22T17:42:28.029Z"",""controlCount"":23},{""state"":""Security and Background: Part 2-rblAssistedSevereTrafficking_0"",""observedAt"":""2026-09-22T17:42:28.413Z"",""controlCount"":24},{""state"":""Security and Background: Part 2-rblHumanTraffickingRelated_0"",""observedAt"":""2026-09-22T17:42:28.815Z"",""controlCount"":25},{""state"":""security2-empty-explanations-rejected"",""observedAt"":""2026-09-22T17:43:20.261Z"",""controlCount"":25},{""state"":""security1-filled-next-accepted"",""observedAt"":""2026-09-22T17:50:58.292Z"",""controlCount"":25}]","[""has_prostitution_explain""]",direct_id_candidate,"[{""code"":""plan_selector_differs_from_runtime_selector"",""mappingKey"":""has_prostitution_explain"",""proven"":true}]",finalized_runtime_selector_reconciliation,ds160-live-reconciliation-delta-2026-09-22.json
has_trafficking_beneficiary_explain,Security and Background: Part 2,18,finalized_selector_reconciliation,selector_reconciliation_finalized,aggregate-only,false,textarea,textarea,4000,"[""text""]",security_background_2,"[""ctl00_SiteContentPlaceHolder_FormView1_tbxArrested"",""ctl00_SiteContentPlaceHolder_FormView1_tbxControlledSubstances"",""ctl00_SiteContentPlaceHolder_FormView1_tbxProstitution"",""ctl00_SiteContentPlaceHolder_FormView1_tbxMoneyLaundering"",""ctl00_SiteContentPlaceHolder_FormView1_tbxHumanTrafficking"",""ctl00_SiteContentPlaceHolder_FormView1_tbxAssistedSevereTrafficking"",""ctl00_SiteContentPlaceHolder_FormView1_tbxHumanTraffickingRelated""]","[{""state"":""Security and Background: Part 2-rblArrested_0"",""observedAt"":""2026-09-22T17:42:26.413Z"",""controlCount"":19},{""state"":""Security and Background: Part 2-rblControlledSubstances_0"",""observedAt"":""2026-09-22T17:42:26.801Z"",""controlCount"":20},{""state"":""Security and Background: Part 2-rblProstitution_0"",""observedAt"":""2026-09-22T17:42:27.198Z"",""controlCount"":21},{""state"":""Security and Background: Part 2-rblMoneyLaundering_0"",""observedAt"":""2026-09-22T17:42:27.601Z"",""controlCount"":22},{""state"":""Security and Background: Part 2-rblHumanTrafficking_0"",""observedAt"":""2026-09-22T17:42:28.029Z"",""controlCount"":23},{""state"":""Security and Background: Part 2-rblAssistedSevereTrafficking_0"",""observedAt"":""2026-09-22T17:42:28.413Z"",""controlCount"":24},{""state"":""Security and Background: Part 2-rblHumanTraffickingRelated_0"",""observedAt"":""2026-09-22T17:42:28.815Z"",""controlCount"":25},{""state"":""security2-empty-explanations-rejected"",""observedAt"":""2026-09-22T17:43:20.261Z"",""controlCount"":25},{""state"":""security1-filled-next-accepted"",""observedAt"":""2026-09-22T17:50:58.292Z"",""controlCount"":25}]","[""has_trafficking_beneficiary_explain""]",direct_id_candidate,"[{""code"":""plan_selector_differs_from_runtime_selector"",""mappingKey"":""has_trafficking_beneficiary_explain"",""proven"":true}]",finalized_runtime_selector_reconciliation,ds160-live-reconciliation-delta-2026-09-22.json
has_violated_controlled_substance_explain,Security and Background: Part 2,18,finalized_selector_reconciliation,selector_reconciliation_finalized,aggregate-only,false,textarea,textarea,4000,"[""text""]",security_background_2,"[""ctl00_SiteContentPlaceHolder_FormView1_tbxArrested"",""ctl00_SiteContentPlaceHolder_FormView1_tbxControlledSubstances"",""ctl00_SiteContentPlaceHolder_FormView1_tbxProstitution"",""ctl00_SiteContentPlaceHolder_FormView1_tbxMoneyLaundering"",""ctl00_SiteContentPlaceHolder_FormView1_tbxHumanTrafficking"",""ctl00_SiteContentPlaceHolder_FormView1_tbxAssistedSevereTrafficking"",""ctl00_SiteContentPlaceHolder_FormView1_tbxHumanTraffickingRelated""]","[{""state"":""Security and Background: Part 2-rblArrested_0"",""observedAt"":""2026-09-22T17:42:26.413Z"",""controlCount"":19},{""state"":""Security and Background: Part 2-rblControlledSubstances_0"",""observedAt"":""2026-09-22T17:42:26.801Z"",""controlCount"":20},{""state"":""Security and Background: Part 2-rblProstitution_0"",""observedAt"":""2026-09-22T17:42:27.198Z"",""controlCount"":21},{""state"":""Security and Background: Part 2-rblMoneyLaundering_0"",""observedAt"":""2026-09-22T17:42:27.601Z"",""controlCount"":22},{""state"":""Security and Background: Part 2-rblHumanTrafficking_0"",""observedAt"":""2026-09-22T17:42:28.029Z"",""controlCount"":23},{""state"":""Security and Background: Part 2-rblAssistedSevereTrafficking_0"",""observedAt"":""2026-09-22T17:42:28.413Z"",""controlCount"":24},{""state"":""Security and Background: Part 2-rblHumanTraffickingRelated_0"",""observedAt"":""2026-09-22T17:42:28.815Z"",""controlCount"":25},{""state"":""security2-empty-explanations-rejected"",""observedAt"":""2026-09-22T17:43:20.261Z"",""controlCount"":25},{""state"":""security1-filled-next-accepted"",""observedAt"":""2026-09-22T17:50:58.292Z"",""controlCount"":25}]","[""has_violated_controlled_substance_explain""]",direct_id_candidate,"[{""code"":""plan_selector_differs_from_runtime_selector"",""mappingKey"":""has_violated_controlled_substance_explain"",""proven"":true}]",finalized_runtime_selector_reconciliation,ds160-live-reconciliation-delta-2026-09-22.json
has_child_soldier_explain,Security and Background: Part 3,19,finalized_selector_reconciliation,selector_reconciliation_finalized,aggregate-only,false,textarea,textarea,4000,"[""text""]",security_background_3,"[""ctl00_SiteContentPlaceHolder_FormView1_tbxIllegalActivity"",""ctl00_SiteContentPlaceHolder_FormView1_tbxTerroristActivity"",""ctl00_SiteContentPlaceHolder_FormView1_tbxTerroristSupport"",""ctl00_SiteContentPlaceHolder_FormView1_tbxTerroristOrg"",""ctl00_SiteContentPlaceHolder_FormView1_tbxTerroristRel"",""ctl00_SiteContentPlaceHolder_FormView1_tbxGenocide"",""ctl00_SiteContentPlaceHolder_FormView1_tbxTorture"",""ctl00_SiteContentPlaceHolder_FormView1_tbxExViolence"",""ctl00_SiteContentPlaceHolder_FormView1_tbxChildSoldier"",""ctl00_SiteContentPlaceHolder_FormView1_tbxReligiousFreedom"",""ctl00_SiteContentPlaceHolder_FormView1_tbxPopulationControls"",""ctl00_SiteContentPlaceHolder_FormView1_tbxTransplant""]","[{""state"":""security2-filled-next-accepted"",""observedAt"":""2026-09-22T17:44:04.736Z"",""controlCount"":28},{""state"":""Security and Background: Part 3-rblIllegalActivity_0"",""observedAt"":""2026-09-22T17:44:05.149Z"",""controlCount"":29},{""state"":""Security and Background: Part 3-rblTerroristActivity_0"",""observedAt"":""2026-09-22T17:44:05.559Z"",""controlCount"":30},{""state"":""Security and Background: Part 3-rblTerroristSupport_0"",""observedAt"":""2026-09-22T17:44:05.968Z"",""controlCount"":31},{""state"":""Security and Background: Part 3-rblTerroristOrg_0"",""observedAt"":""2026-09-22T17:44:06.396Z"",""controlCount"":32},{""state"":""Security and Background: Part 3-rblTerroristRel_0"",""observedAt"":""2026-09-22T17:44:06.808Z"",""controlCount"":33},{""state"":""Security and Background: Part 3-rblGenocide_0"",""observedAt"":""2026-09-22T17:44:07.214Z"",""controlCount"":34},{""state"":""Security and Background: Part 3-rblTorture_0"",""observedAt"":""2026-09-22T17:44:07.622Z"",""controlCount"":35},{""state"":""Security and Background: Part 3-rblExViolence_0"",""observedAt"":""2026-09-22T17:44:08.049Z"",""controlCount"":36},{""state"":""Security and Background: Part 3-rblChildSoldier_0"",""observedAt"":""2026-09-22T17:44:08.464Z"",""controlCount"":37},{""state"":""Security and Background: Part 3-rblReligiousFreedom_0"",""observedAt"":""2026-09-22T17:44:08.845Z"",""controlCount"":38},{""state"":""Security and Background: Part 3-rblPopulationControls_0"",""observedAt"":""2026-09-22T17:44:09.261Z"",""controlCount"":39},{""state"":""Security and Background: Part 3-rblTransplant_0"",""observedAt"":""2026-09-22T17:44:09.670Z"",""controlCount"":40},{""state"":""security3-empty-explanations-server-validation"",""observedAt"":""2026-09-22T17:48:02.878Z"",""controlCount"":40}]","[""has_child_soldier_explain""]",direct_id_candidate,"[{""code"":""plan_selector_differs_from_runtime_selector"",""mappingKey"":""has_child_soldier_explain"",""proven"":true}]",finalized_runtime_selector_reconciliation,ds160-live-reconciliation-delta-2026-09-22.json
has_coercive_transplant_explain,Security and Background: Part 3,19,finalized_selector_reconciliation,selector_reconciliation_finalized,aggregate-only,false,textarea,textarea,4000,"[""text""]",security_background_3,"[""ctl00_SiteContentPlaceHolder_FormView1_tbxIllegalActivity"",""ctl00_SiteContentPlaceHolder_FormView1_tbxTerroristActivity"",""ctl00_SiteContentPlaceHolder_FormView1_tbxTerroristSupport"",""ctl00_SiteContentPlaceHolder_FormView1_tbxTerroristOrg"",""ctl00_SiteContentPlaceHolder_FormView1_tbxTerroristRel"",""ctl00_SiteContentPlaceHolder_FormView1_tbxGenocide"",""ctl00_SiteContentPlaceHolder_FormView1_tbxTorture"",""ctl00_SiteContentPlaceHolder_FormView1_tbxExViolence"",""ctl00_SiteContentPlaceHolder_FormView1_tbxChildSoldier"",""ctl00_SiteContentPlaceHolder_FormView1_tbxReligiousFreedom"",""ctl00_SiteContentPlaceHolder_FormView1_tbxPopulationControls"",""ctl00_SiteContentPlaceHolder_FormView1_tbxTransplant""]","[{""state"":""security2-filled-next-accepted"",""observedAt"":""2026-09-22T17:44:04.736Z"",""controlCount"":28},{""state"":""Security and Background: Part 3-rblIllegalActivity_0"",""observedAt"":""2026-09-22T17:44:05.149Z"",""controlCount"":29},{""state"":""Security and Background: Part 3-rblTerroristActivity_0"",""observedAt"":""2026-09-22T17:44:05.559Z"",""controlCount"":30},{""state"":""Security and Background: Part 3-rblTerroristSupport_0"",""observedAt"":""2026-09-22T17:44:05.968Z"",""controlCount"":31},{""state"":""Security and Background: Part 3-rblTerroristOrg_0"",""observedAt"":""2026-09-22T17:44:06.396Z"",""controlCount"":32},{""state"":""Security and Background: Part 3-rblTerroristRel_0"",""observedAt"":""2026-09-22T17:44:06.808Z"",""controlCount"":33},{""state"":""Security and Background: Part 3-rblGenocide_0"",""observedAt"":""2026-09-22T17:44:07.214Z"",""controlCount"":34},{""state"":""Security and Background: Part 3-rblTorture_0"",""observedAt"":""2026-09-22T17:44:07.622Z"",""controlCount"":35},{""state"":""Security and Background: Part 3-rblExViolence_0"",""observedAt"":""2026-09-22T17:44:08.049Z"",""controlCount"":36},{""state"":""Security and Background: Part 3-rblChildSoldier_0"",""observedAt"":""2026-09-22T17:44:08.464Z"",""controlCount"":37},{""state"":""Security and Background: Part 3-rblReligiousFreedom_0"",""observedAt"":""2026-09-22T17:44:08.845Z"",""controlCount"":38},{""state"":""Security and Background: Part 3-rblPopulationControls_0"",""observedAt"":""2026-09-22T17:44:09.261Z"",""controlCount"":39},{""state"":""Security and Background: Part 3-rblTransplant_0"",""observedAt"":""2026-09-22T17:44:09.670Z"",""controlCount"":40},{""state"":""security3-empty-explanations-server-validation"",""observedAt"":""2026-09-22T17:48:02.878Z"",""controlCount"":40}]","[""has_coercive_transplant_explain""]",direct_id_candidate,"[{""code"":""plan_selector_differs_from_runtime_selector"",""mappingKey"":""has_coercive_transplant_explain"",""proven"":true}]",finalized_runtime_selector_reconciliation,ds160-live-reconciliation-delta-2026-09-22.json
has_extrajudicial_killings_explain,Security and Background: Part 3,19,finalized_selector_reconciliation,selector_reconciliation_finalized,aggregate-only,false,textarea,textarea,4000,"[""text""]",security_background_3,"[""ctl00_SiteContentPlaceHolder_FormView1_tbxIllegalActivity"",""ctl00_SiteContentPlaceHolder_FormView1_tbxTerroristActivity"",""ctl00_SiteContentPlaceHolder_FormView1_tbxTerroristSupport"",""ctl00_SiteContentPlaceHolder_FormView1_tbxTerroristOrg"",""ctl00_SiteContentPlaceHolder_FormView1_tbxTerroristRel"",""ctl00_SiteContentPlaceHolder_FormView1_tbxGenocide"",""ctl00_SiteContentPlaceHolder_FormView1_tbxTorture"",""ctl00_SiteContentPlaceHolder_FormView1_tbxExViolence"",""ctl00_SiteContentPlaceHolder_FormView1_tbxChildSoldier"",""ctl00_SiteContentPlaceHolder_FormView1_tbxReligiousFreedom"",""ctl00_SiteContentPlaceHolder_FormView1_tbxPopulationControls"",""ctl00_SiteContentPlaceHolder_FormView1_tbxTransplant""]","[{""state"":""security2-filled-next-accepted"",""observedAt"":""2026-09-22T17:44:04.736Z"",""controlCount"":28},{""state"":""Security and Background: Part 3-rblIllegalActivity_0"",""observedAt"":""2026-09-22T17:44:05.149Z"",""controlCount"":29},{""state"":""Security and Background: Part 3-rblTerroristActivity_0"",""observedAt"":""2026-09-22T17:44:05.559Z"",""controlCount"":30},{""state"":""Security and Background: Part 3-rblTerroristSupport_0"",""observedAt"":""2026-09-22T17:44:05.968Z"",""controlCount"":31},{""state"":""Security and Background: Part 3-rblTerroristOrg_0"",""observedAt"":""2026-09-22T17:44:06.396Z"",""controlCount"":32},{""state"":""Security and Background: Part 3-rblTerroristRel_0"",""observedAt"":""2026-09-22T17:44:06.808Z"",""controlCount"":33},{""state"":""Security and Background: Part 3-rblGenocide_0"",""observedAt"":""2026-09-22T17:44:07.214Z"",""controlCount"":34},{""state"":""Security and Background: Part 3-rblTorture_0"",""observedAt"":""2026-09-22T17:44:07.622Z"",""controlCount"":35},{""state"":""Security and Background: Part 3-rblExViolence_0"",""observedAt"":""2026-09-22T17:44:08.049Z"",""controlCount"":36},{""state"":""Security and Background: Part 3-rblChildSoldier_0"",""observedAt"":""2026-09-22T17:44:08.464Z"",""controlCount"":37},{""state"":""Security and Background: Part 3-rblReligiousFreedom_0"",""observedAt"":""2026-09-22T17:44:08.845Z"",""controlCount"":38},{""state"":""Security and Background: Part 3-rblPopulationControls_0"",""observedAt"":""2026-09-22T17:44:09.261Z"",""controlCount"":39},{""state"":""Security and Background: Part 3-rblTransplant_0"",""observedAt"":""2026-09-22T17:44:09.670Z"",""controlCount"":40},{""state"":""security3-empty-explanations-server-validation"",""observedAt"":""2026-09-22T17:48:02.878Z"",""controlCount"":40}]","[""has_extrajudicial_killings_explain""]",direct_id_candidate,"[{""code"":""plan_selector_differs_from_runtime_selector"",""mappingKey"":""has_extrajudicial_killings_explain"",""proven"":true}]",finalized_runtime_selector_reconciliation,ds160-live-reconciliation-delta-2026-09-22.json
has_genocide_explain,Security and Background: Part 3,19,finalized_selector_reconciliation,selector_reconciliation_finalized,aggregate-only,false,textarea,textarea,4000,"[""text""]",security_background_3,"[""ctl00_SiteContentPlaceHolder_FormView1_tbxIllegalActivity"",""ctl00_SiteContentPlaceHolder_FormView1_tbxTerroristActivity"",""ctl00_SiteContentPlaceHolder_FormView1_tbxTerroristSupport"",""ctl00_SiteContentPlaceHolder_FormView1_tbxTerroristOrg"",""ctl00_SiteContentPlaceHolder_FormView1_tbxTerroristRel"",""ctl00_SiteContentPlaceHolder_FormView1_tbxGenocide"",""ctl00_SiteContentPlaceHolder_FormView1_tbxTorture"",""ctl00_SiteContentPlaceHolder_FormView1_tbxExViolence"",""ctl00_SiteContentPlaceHolder_FormView1_tbxChildSoldier"",""ctl00_SiteContentPlaceHolder_FormView1_tbxReligiousFreedom"",""ctl00_SiteContentPlaceHolder_FormView1_tbxPopulationControls"",""ctl00_SiteContentPlaceHolder_FormView1_tbxTransplant""]","[{""state"":""security2-filled-next-accepted"",""observedAt"":""2026-09-22T17:44:04.736Z"",""controlCount"":28},{""state"":""Security and Background: Part 3-rblIllegalActivity_0"",""observedAt"":""2026-09-22T17:44:05.149Z"",""controlCount"":29},{""state"":""Security and Background: Part 3-rblTerroristActivity_0"",""observedAt"":""2026-09-22T17:44:05.559Z"",""controlCount"":30},{""state"":""Security and Background: Part 3-rblTerroristSupport_0"",""observedAt"":""2026-09-22T17:44:05.968Z"",""controlCount"":31},{""state"":""Security and Background: Part 3-rblTerroristOrg_0"",""observedAt"":""2026-09-22T17:44:06.396Z"",""controlCount"":32},{""state"":""Security and Background: Part 3-rblTerroristRel_0"",""observedAt"":""2026-09-22T17:44:06.808Z"",""controlCount"":33},{""state"":""Security and Background: Part 3-rblGenocide_0"",""observedAt"":""2026-09-22T17:44:07.214Z"",""controlCount"":34},{""state"":""Security and Background: Part 3-rblTorture_0"",""observedAt"":""2026-09-22T17:44:07.622Z"",""controlCount"":35},{""state"":""Security and Background: Part 3-rblExViolence_0"",""observedAt"":""2026-09-22T17:44:08.049Z"",""controlCount"":36},{""state"":""Security and Background: Part 3-rblChildSoldier_0"",""observedAt"":""2026-09-22T17:44:08.464Z"",""controlCount"":37},{""state"":""Security and Background: Part 3-rblReligiousFreedom_0"",""observedAt"":""2026-09-22T17:44:08.845Z"",""controlCount"":38},{""state"":""Security and Background: Part 3-rblPopulationControls_0"",""observedAt"":""2026-09-22T17:44:09.261Z"",""controlCount"":39},{""state"":""Security and Background: Part 3-rblTransplant_0"",""observedAt"":""2026-09-22T17:44:09.670Z"",""controlCount"":40},{""state"":""security3-empty-explanations-server-validation"",""observedAt"":""2026-09-22T17:48:02.878Z"",""controlCount"":40}]","[""has_genocide_explain""]",direct_id_candidate,"[{""code"":""plan_selector_differs_from_runtime_selector"",""mappingKey"":""has_genocide_explain"",""proven"":true}]",finalized_runtime_selector_reconciliation,ds160-live-reconciliation-delta-2026-09-22.json
has_population_control_explain,Security and Background: Part 3,19,finalized_selector_reconciliation,selector_reconciliation_finalized,aggregate-only,false,textarea,textarea,4000,"[""text""]",security_background_3,"[""ctl00_SiteContentPlaceHolder_FormView1_tbxIllegalActivity"",""ctl00_SiteContentPlaceHolder_FormView1_tbxTerroristActivity"",""ctl00_SiteContentPlaceHolder_FormView1_tbxTerroristSupport"",""ctl00_SiteContentPlaceHolder_FormView1_tbxTerroristOrg"",""ctl00_SiteContentPlaceHolder_FormView1_tbxTerroristRel"",""ctl00_SiteContentPlaceHolder_FormView1_tbxGenocide"",""ctl00_SiteContentPlaceHolder_FormView1_tbxTorture"",""ctl00_SiteContentPlaceHolder_FormView1_tbxExViolence"",""ctl00_SiteContentPlaceHolder_FormView1_tbxChildSoldier"",""ctl00_SiteContentPlaceHolder_FormView1_tbxReligiousFreedom"",""ctl00_SiteContentPlaceHolder_FormView1_tbxPopulationControls"",""ctl00_SiteContentPlaceHolder_FormView1_tbxTransplant""]","[{""state"":""security2-filled-next-accepted"",""observedAt"":""2026-09-22T17:44:04.736Z"",""controlCount"":28},{""state"":""Security and Background: Part 3-rblIllegalActivity_0"",""observedAt"":""2026-09-22T17:44:05.149Z"",""controlCount"":29},{""state"":""Security and Background: Part 3-rblTerroristActivity_0"",""observedAt"":""2026-09-22T17:44:05.559Z"",""controlCount"":30},{""state"":""Security and Background: Part 3-rblTerroristSupport_0"",""observedAt"":""2026-09-22T17:44:05.968Z"",""controlCount"":31},{""state"":""Security and Background: Part 3-rblTerroristOrg_0"",""observedAt"":""2026-09-22T17:44:06.396Z"",""controlCount"":32},{""state"":""Security and Background: Part 3-rblTerroristRel_0"",""observedAt"":""2026-09-22T17:44:06.808Z"",""controlCount"":33},{""state"":""Security and Background: Part 3-rblGenocide_0"",""observedAt"":""2026-09-22T17:44:07.214Z"",""controlCount"":34},{""state"":""Security and Background: Part 3-rblTorture_0"",""observedAt"":""2026-09-22T17:44:07.622Z"",""controlCount"":35},{""state"":""Security and Background: Part 3-rblExViolence_0"",""observedAt"":""2026-09-22T17:44:08.049Z"",""controlCount"":36},{""state"":""Security and Background: Part 3-rblChildSoldier_0"",""observedAt"":""2026-09-22T17:44:08.464Z"",""controlCount"":37},{""state"":""Security and Background: Part 3-rblReligiousFreedom_0"",""observedAt"":""2026-09-22T17:44:08.845Z"",""controlCount"":38},{""state"":""Security and Background: Part 3-rblPopulationControls_0"",""observedAt"":""2026-09-22T17:44:09.261Z"",""controlCount"":39},{""state"":""Security and Background: Part 3-rblTransplant_0"",""observedAt"":""2026-09-22T17:44:09.670Z"",""controlCount"":40},{""state"":""security3-empty-explanations-server-validation"",""observedAt"":""2026-09-22T17:48:02.878Z"",""controlCount"":40}]","[""has_population_control_explain""]",direct_id_candidate,"[{""code"":""plan_selector_differs_from_runtime_selector"",""mappingKey"":""has_population_control_explain"",""proven"":true}]",finalized_runtime_selector_reconciliation,ds160-live-reconciliation-delta-2026-09-22.json
has_provided_terrorist_support_explain,Security and Background: Part 3,19,finalized_selector_reconciliation,selector_reconciliation_finalized,aggregate-only,false,textarea,textarea,4000,"[""text""]",security_background_3,"[""ctl00_SiteContentPlaceHolder_FormView1_tbxIllegalActivity"",""ctl00_SiteContentPlaceHolder_FormView1_tbxTerroristActivity"",""ctl00_SiteContentPlaceHolder_FormView1_tbxTerroristSupport"",""ctl00_SiteContentPlaceHolder_FormView1_tbxTerroristOrg"",""ctl00_SiteContentPlaceHolder_FormView1_tbxTerroristRel"",""ctl00_SiteContentPlaceHolder_FormView1_tbxGenocide"",""ctl00_SiteContentPlaceHolder_FormView1_tbxTorture"",""ctl00_SiteContentPlaceHolder_FormView1_tbxExViolence"",""ctl00_SiteContentPlaceHolder_FormView1_tbxChildSoldier"",""ctl00_SiteContentPlaceHolder_FormView1_tbxReligiousFreedom"",""ctl00_SiteContentPlaceHolder_FormView1_tbxPopulationControls"",""ctl00_SiteContentPlaceHolder_FormView1_tbxTransplant""]","[{""state"":""security2-filled-next-accepted"",""observedAt"":""2026-09-22T17:44:04.736Z"",""controlCount"":28},{""state"":""Security and Background: Part 3-rblIllegalActivity_0"",""observedAt"":""2026-09-22T17:44:05.149Z"",""controlCount"":29},{""state"":""Security and Background: Part 3-rblTerroristActivity_0"",""observedAt"":""2026-09-22T17:44:05.559Z"",""controlCount"":30},{""state"":""Security and Background: Part 3-rblTerroristSupport_0"",""observedAt"":""2026-09-22T17:44:05.968Z"",""controlCount"":31},{""state"":""Security and Background: Part 3-rblTerroristOrg_0"",""observedAt"":""2026-09-22T17:44:06.396Z"",""controlCount"":32},{""state"":""Security and Background: Part 3-rblTerroristRel_0"",""observedAt"":""2026-09-22T17:44:06.808Z"",""controlCount"":33},{""state"":""Security and Background: Part 3-rblGenocide_0"",""observedAt"":""2026-09-22T17:44:07.214Z"",""controlCount"":34},{""state"":""Security and Background: Part 3-rblTorture_0"",""observedAt"":""2026-09-22T17:44:07.622Z"",""controlCount"":35},{""state"":""Security and Background: Part 3-rblExViolence_0"",""observedAt"":""2026-09-22T17:44:08.049Z"",""controlCount"":36},{""state"":""Security and Background: Part 3-rblChildSoldier_0"",""observedAt"":""2026-09-22T17:44:08.464Z"",""controlCount"":37},{""state"":""Security and Background: Part 3-rblReligiousFreedom_0"",""observedAt"":""2026-09-22T17:44:08.845Z"",""controlCount"":38},{""state"":""Security and Background: Part 3-rblPopulationControls_0"",""observedAt"":""2026-09-22T17:44:09.261Z"",""controlCount"":39},{""state"":""Security and Background: Part 3-rblTransplant_0"",""observedAt"":""2026-09-22T17:44:09.670Z"",""controlCount"":40},{""state"":""security3-empty-explanations-server-validation"",""observedAt"":""2026-09-22T17:48:02.878Z"",""controlCount"":40}]","[""has_provided_terrorist_support_explain""]",direct_id_candidate,"[{""code"":""plan_selector_differs_from_runtime_selector"",""mappingKey"":""has_provided_terrorist_support_explain"",""proven"":true}]",finalized_runtime_selector_reconciliation,ds160-live-reconciliation-delta-2026-09-22.json
has_religious_freedom_violation_explain,Security and Background: Part 3,19,finalized_selector_reconciliation,selector_reconciliation_finalized,aggregate-only,false,textarea,textarea,4000,"[""text""]",security_background_3,"[""ctl00_SiteContentPlaceHolder_FormView1_tbxIllegalActivity"",""ctl00_SiteContentPlaceHolder_FormView1_tbxTerroristActivity"",""ctl00_SiteContentPlaceHolder_FormView1_tbxTerroristSupport"",""ctl00_SiteContentPlaceHolder_FormView1_tbxTerroristOrg"",""ctl00_SiteContentPlaceHolder_FormView1_tbxTerroristRel"",""ctl00_SiteContentPlaceHolder_FormView1_tbxGenocide"",""ctl00_SiteContentPlaceHolder_FormView1_tbxTorture"",""ctl00_SiteContentPlaceHolder_FormView1_tbxExViolence"",""ctl00_SiteContentPlaceHolder_FormView1_tbxChildSoldier"",""ctl00_SiteContentPlaceHolder_FormView1_tbxReligiousFreedom"",""ctl00_SiteContentPlaceHolder_FormView1_tbxPopulationControls"",""ctl00_SiteContentPlaceHolder_FormView1_tbxTransplant""]","[{""state"":""security2-filled-next-accepted"",""observedAt"":""2026-09-22T17:44:04.736Z"",""controlCount"":28},{""state"":""Security and Background: Part 3-rblIllegalActivity_0"",""observedAt"":""2026-09-22T17:44:05.149Z"",""controlCount"":29},{""state"":""Security and Background: Part 3-rblTerroristActivity_0"",""observedAt"":""2026-09-22T17:44:05.559Z"",""controlCount"":30},{""state"":""Security and Background: Part 3-rblTerroristSupport_0"",""observedAt"":""2026-09-22T17:44:05.968Z"",""controlCount"":31},{""state"":""Security and Background: Part 3-rblTerroristOrg_0"",""observedAt"":""2026-09-22T17:44:06.396Z"",""controlCount"":32},{""state"":""Security and Background: Part 3-rblTerroristRel_0"",""observedAt"":""2026-09-22T17:44:06.808Z"",""controlCount"":33},{""state"":""Security and Background: Part 3-rblGenocide_0"",""observedAt"":""2026-09-22T17:44:07.214Z"",""controlCount"":34},{""state"":""Security and Background: Part 3-rblTorture_0"",""observedAt"":""2026-09-22T17:44:07.622Z"",""controlCount"":35},{""state"":""Security and Background: Part 3-rblExViolence_0"",""observedAt"":""2026-09-22T17:44:08.049Z"",""controlCount"":36},{""state"":""Security and Background: Part 3-rblChildSoldier_0"",""observedAt"":""2026-09-22T17:44:08.464Z"",""controlCount"":37},{""state"":""Security and Background: Part 3-rblReligiousFreedom_0"",""observedAt"":""2026-09-22T17:44:08.845Z"",""controlCount"":38},{""state"":""Security and Background: Part 3-rblPopulationControls_0"",""observedAt"":""2026-09-22T17:44:09.261Z"",""controlCount"":39},{""state"":""Security and Background: Part 3-rblTransplant_0"",""observedAt"":""2026-09-22T17:44:09.670Z"",""controlCount"":40},{""state"":""security3-empty-explanations-server-validation"",""observedAt"":""2026-09-22T17:48:02.878Z"",""controlCount"":40}]","[""has_religious_freedom_violation_explain""]",direct_id_candidate,"[{""code"":""plan_selector_differs_from_runtime_selector"",""mappingKey"":""has_religious_freedom_violation_explain"",""proven"":true}]",finalized_runtime_selector_reconciliation,ds160-live-reconciliation-delta-2026-09-22.json
has_torture_explain,Security and Background: Part 3,19,finalized_selector_reconciliation,selector_reconciliation_finalized,aggregate-only,false,textarea,textarea,4000,"[""text""]",security_background_3,"[""ctl00_SiteContentPlaceHolder_FormView1_tbxIllegalActivity"",""ctl00_SiteContentPlaceHolder_FormView1_tbxTerroristActivity"",""ctl00_SiteContentPlaceHolder_FormView1_tbxTerroristSupport"",""ctl00_SiteContentPlaceHolder_FormView1_tbxTerroristOrg"",""ctl00_SiteContentPlaceHolder_FormView1_tbxTerroristRel"",""ctl00_SiteContentPlaceHolder_FormView1_tbxGenocide"",""ctl00_SiteContentPlaceHolder_FormView1_tbxTorture"",""ctl00_SiteContentPlaceHolder_FormView1_tbxExViolence"",""ctl00_SiteContentPlaceHolder_FormView1_tbxChildSoldier"",""ctl00_SiteContentPlaceHolder_FormView1_tbxReligiousFreedom"",""ctl00_SiteContentPlaceHolder_FormView1_tbxPopulationControls"",""ctl00_SiteContentPlaceHolder_FormView1_tbxTransplant""]","[{""state"":""security2-filled-next-accepted"",""observedAt"":""2026-09-22T17:44:04.736Z"",""controlCount"":28},{""state"":""Security and Background: Part 3-rblIllegalActivity_0"",""observedAt"":""2026-09-22T17:44:05.149Z"",""controlCount"":29},{""state"":""Security and Background: Part 3-rblTerroristActivity_0"",""observedAt"":""2026-09-22T17:44:05.559Z"",""controlCount"":30},{""state"":""Security and Background: Part 3-rblTerroristSupport_0"",""observedAt"":""2026-09-22T17:44:05.968Z"",""controlCount"":31},{""state"":""Security and Background: Part 3-rblTerroristOrg_0"",""observedAt"":""2026-09-22T17:44:06.396Z"",""controlCount"":32},{""state"":""Security and Background: Part 3-rblTerroristRel_0"",""observedAt"":""2026-09-22T17:44:06.808Z"",""controlCount"":33},{""state"":""Security and Background: Part 3-rblGenocide_0"",""observedAt"":""2026-09-22T17:44:07.214Z"",""controlCount"":34},{""state"":""Security and Background: Part 3-rblTorture_0"",""observedAt"":""2026-09-22T17:44:07.622Z"",""controlCount"":35},{""state"":""Security and Background: Part 3-rblExViolence_0"",""observedAt"":""2026-09-22T17:44:08.049Z"",""controlCount"":36},{""state"":""Security and Background: Part 3-rblChildSoldier_0"",""observedAt"":""2026-09-22T17:44:08.464Z"",""controlCount"":37},{""state"":""Security and Background: Part 3-rblReligiousFreedom_0"",""observedAt"":""2026-09-22T17:44:08.845Z"",""controlCount"":38},{""state"":""Security and Background: Part 3-rblPopulationControls_0"",""observedAt"":""2026-09-22T17:44:09.261Z"",""controlCount"":39},{""state"":""Security and Background: Part 3-rblTransplant_0"",""observedAt"":""2026-09-22T17:44:09.670Z"",""controlCount"":40},{""state"":""security3-empty-explanations-server-validation"",""observedAt"":""2026-09-22T17:48:02.878Z"",""controlCount"":40}]","[""has_torture_explain""]",direct_id_candidate,"[{""code"":""plan_selector_differs_from_runtime_selector"",""mappingKey"":""has_torture_explain"",""proven"":true}]",finalized_runtime_selector_reconciliation,ds160-live-reconciliation-delta-2026-09-22.json
intend_illegal_activity_explain,Security and Background: Part 3,19,finalized_selector_reconciliation,selector_reconciliation_finalized,aggregate-only,false,textarea,textarea,4000,"[""text""]",security_background_3,"[""ctl00_SiteContentPlaceHolder_FormView1_tbxIllegalActivity"",""ctl00_SiteContentPlaceHolder_FormView1_tbxTerroristActivity"",""ctl00_SiteContentPlaceHolder_FormView1_tbxTerroristSupport"",""ctl00_SiteContentPlaceHolder_FormView1_tbxTerroristOrg"",""ctl00_SiteContentPlaceHolder_FormView1_tbxTerroristRel"",""ctl00_SiteContentPlaceHolder_FormView1_tbxGenocide"",""ctl00_SiteContentPlaceHolder_FormView1_tbxTorture"",""ctl00_SiteContentPlaceHolder_FormView1_tbxExViolence"",""ctl00_SiteContentPlaceHolder_FormView1_tbxChildSoldier"",""ctl00_SiteContentPlaceHolder_FormView1_tbxReligiousFreedom"",""ctl00_SiteContentPlaceHolder_FormView1_tbxPopulationControls"",""ctl00_SiteContentPlaceHolder_FormView1_tbxTransplant""]","[{""state"":""security2-filled-next-accepted"",""observedAt"":""2026-09-22T17:44:04.736Z"",""controlCount"":28},{""state"":""Security and Background: Part 3-rblIllegalActivity_0"",""observedAt"":""2026-09-22T17:44:05.149Z"",""controlCount"":29},{""state"":""Security and Background: Part 3-rblTerroristActivity_0"",""observedAt"":""2026-09-22T17:44:05.559Z"",""controlCount"":30},{""state"":""Security and Background: Part 3-rblTerroristSupport_0"",""observedAt"":""2026-09-22T17:44:05.968Z"",""controlCount"":31},{""state"":""Security and Background: Part 3-rblTerroristOrg_0"",""observedAt"":""2026-09-22T17:44:06.396Z"",""controlCount"":32},{""state"":""Security and Background: Part 3-rblTerroristRel_0"",""observedAt"":""2026-09-22T17:44:06.808Z"",""controlCount"":33},{""state"":""Security and Background: Part 3-rblGenocide_0"",""observedAt"":""2026-09-22T17:44:07.214Z"",""controlCount"":34},{""state"":""Security and Background: Part 3-rblTorture_0"",""observedAt"":""2026-09-22T17:44:07.622Z"",""controlCount"":35},{""state"":""Security and Background: Part 3-rblExViolence_0"",""observedAt"":""2026-09-22T17:44:08.049Z"",""controlCount"":36},{""state"":""Security and Background: Part 3-rblChildSoldier_0"",""observedAt"":""2026-09-22T17:44:08.464Z"",""controlCount"":37},{""state"":""Security and Background: Part 3-rblReligiousFreedom_0"",""observedAt"":""2026-09-22T17:44:08.845Z"",""controlCount"":38},{""state"":""Security and Background: Part 3-rblPopulationControls_0"",""observedAt"":""2026-09-22T17:44:09.261Z"",""controlCount"":39},{""state"":""Security and Background: Part 3-rblTransplant_0"",""observedAt"":""2026-09-22T17:44:09.670Z"",""controlCount"":40},{""state"":""security3-empty-explanations-server-validation"",""observedAt"":""2026-09-22T17:48:02.878Z"",""controlCount"":40}]","[""intend_illegal_activity_explain""]",direct_id_candidate,"[{""code"":""plan_selector_differs_from_runtime_selector"",""mappingKey"":""intend_illegal_activity_explain"",""proven"":true}]",finalized_runtime_selector_reconciliation,ds160-live-reconciliation-delta-2026-09-22.json
intend_terrorist_activity_explain,Security and Background: Part 3,19,finalized_selector_reconciliation,selector_reconciliation_finalized,aggregate-only,false,textarea,textarea,4000,"[""text""]",security_background_3,"[""ctl00_SiteContentPlaceHolder_FormView1_tbxIllegalActivity"",""ctl00_SiteContentPlaceHolder_FormView1_tbxTerroristActivity"",""ctl00_SiteContentPlaceHolder_FormView1_tbxTerroristSupport"",""ctl00_SiteContentPlaceHolder_FormView1_tbxTerroristOrg"",""ctl00_SiteContentPlaceHolder_FormView1_tbxTerroristRel"",""ctl00_SiteContentPlaceHolder_FormView1_tbxGenocide"",""ctl00_SiteContentPlaceHolder_FormView1_tbxTorture"",""ctl00_SiteContentPlaceHolder_FormView1_tbxExViolence"",""ctl00_SiteContentPlaceHolder_FormView1_tbxChildSoldier"",""ctl00_SiteContentPlaceHolder_FormView1_tbxReligiousFreedom"",""ctl00_SiteContentPlaceHolder_FormView1_tbxPopulationControls"",""ctl00_SiteContentPlaceHolder_FormView1_tbxTransplant""]","[{""state"":""security2-filled-next-accepted"",""observedAt"":""2026-09-22T17:44:04.736Z"",""controlCount"":28},{""state"":""Security and Background: Part 3-rblIllegalActivity_0"",""observedAt"":""2026-09-22T17:44:05.149Z"",""controlCount"":29},{""state"":""Security and Background: Part 3-rblTerroristActivity_0"",""observedAt"":""2026-09-22T17:44:05.559Z"",""controlCount"":30},{""state"":""Security and Background: Part 3-rblTerroristSupport_0"",""observedAt"":""2026-09-22T17:44:05.968Z"",""controlCount"":31},{""state"":""Security and Background: Part 3-rblTerroristOrg_0"",""observedAt"":""2026-09-22T17:44:06.396Z"",""controlCount"":32},{""state"":""Security and Background: Part 3-rblTerroristRel_0"",""observedAt"":""2026-09-22T17:44:06.808Z"",""controlCount"":33},{""state"":""Security and Background: Part 3-rblGenocide_0"",""observedAt"":""2026-09-22T17:44:07.214Z"",""controlCount"":34},{""state"":""Security and Background: Part 3-rblTorture_0"",""observedAt"":""2026-09-22T17:44:07.622Z"",""controlCount"":35},{""state"":""Security and Background: Part 3-rblExViolence_0"",""observedAt"":""2026-09-22T17:44:08.049Z"",""controlCount"":36},{""state"":""Security and Background: Part 3-rblChildSoldier_0"",""observedAt"":""2026-09-22T17:44:08.464Z"",""controlCount"":37},{""state"":""Security and Background: Part 3-rblReligiousFreedom_0"",""observedAt"":""2026-09-22T17:44:08.845Z"",""controlCount"":38},{""state"":""Security and Background: Part 3-rblPopulationControls_0"",""observedAt"":""2026-09-22T17:44:09.261Z"",""controlCount"":39},{""state"":""Security and Background: Part 3-rblTransplant_0"",""observedAt"":""2026-09-22T17:44:09.670Z"",""controlCount"":40},{""state"":""security3-empty-explanations-server-validation"",""observedAt"":""2026-09-22T17:48:02.878Z"",""controlCount"":40}]","[""intend_terrorist_activity_explain""]",direct_id_candidate,"[{""code"":""plan_selector_differs_from_runtime_selector"",""mappingKey"":""intend_terrorist_activity_explain"",""proven"":true}]",finalized_runtime_selector_reconciliation,ds160-live-reconciliation-delta-2026-09-22.json
is_terrorist_family_explain,Security and Background: Part 3,19,finalized_selector_reconciliation,selector_reconciliation_finalized,aggregate-only,false,textarea,textarea,4000,"[""text""]",security_background_3,"[""ctl00_SiteContentPlaceHolder_FormView1_tbxIllegalActivity"",""ctl00_SiteContentPlaceHolder_FormView1_tbxTerroristActivity"",""ctl00_SiteContentPlaceHolder_FormView1_tbxTerroristSupport"",""ctl00_SiteContentPlaceHolder_FormView1_tbxTerroristOrg"",""ctl00_SiteContentPlaceHolder_FormView1_tbxTerroristRel"",""ctl00_SiteContentPlaceHolder_FormView1_tbxGenocide"",""ctl00_SiteContentPlaceHolder_FormView1_tbxTorture"",""ctl00_SiteContentPlaceHolder_FormView1_tbxExViolence"",""ctl00_SiteContentPlaceHolder_FormView1_tbxChildSoldier"",""ctl00_SiteContentPlaceHolder_FormView1_tbxReligiousFreedom"",""ctl00_SiteContentPlaceHolder_FormView1_tbxPopulationControls"",""ctl00_SiteContentPlaceHolder_FormView1_tbxTransplant""]","[{""state"":""security2-filled-next-accepted"",""observedAt"":""2026-09-22T17:44:04.736Z"",""controlCount"":28},{""state"":""Security and Background: Part 3-rblIllegalActivity_0"",""observedAt"":""2026-09-22T17:44:05.149Z"",""controlCount"":29},{""state"":""Security and Background: Part 3-rblTerroristActivity_0"",""observedAt"":""2026-09-22T17:44:05.559Z"",""controlCount"":30},{""state"":""Security and Background: Part 3-rblTerroristSupport_0"",""observedAt"":""2026-09-22T17:44:05.968Z"",""controlCount"":31},{""state"":""Security and Background: Part 3-rblTerroristOrg_0"",""observedAt"":""2026-09-22T17:44:06.396Z"",""controlCount"":32},{""state"":""Security and Background: Part 3-rblTerroristRel_0"",""observedAt"":""2026-09-22T17:44:06.808Z"",""controlCount"":33},{""state"":""Security and Background: Part 3-rblGenocide_0"",""observedAt"":""2026-09-22T17:44:07.214Z"",""controlCount"":34},{""state"":""Security and Background: Part 3-rblTorture_0"",""observedAt"":""2026-09-22T17:44:07.622Z"",""controlCount"":35},{""state"":""Security and Background: Part 3-rblExViolence_0"",""observedAt"":""2026-09-22T17:44:08.049Z"",""controlCount"":36},{""state"":""Security and Background: Part 3-rblChildSoldier_0"",""observedAt"":""2026-09-22T17:44:08.464Z"",""controlCount"":37},{""state"":""Security and Background: Part 3-rblReligiousFreedom_0"",""observedAt"":""2026-09-22T17:44:08.845Z"",""controlCount"":38},{""state"":""Security and Background: Part 3-rblPopulationControls_0"",""observedAt"":""2026-09-22T17:44:09.261Z"",""controlCount"":39},{""state"":""Security and Background: Part 3-rblTransplant_0"",""observedAt"":""2026-09-22T17:44:09.670Z"",""controlCount"":40},{""state"":""security3-empty-explanations-server-validation"",""observedAt"":""2026-09-22T17:48:02.878Z"",""controlCount"":40}]","[""is_terrorist_family_explain""]",direct_id_candidate,"[{""code"":""plan_selector_differs_from_runtime_selector"",""mappingKey"":""is_terrorist_family_explain"",""proven"":true}]",finalized_runtime_selector_reconciliation,ds160-live-reconciliation-delta-2026-09-22.json
is_terrorist_member_explain,Security and Background: Part 3,19,finalized_selector_reconciliation,selector_reconciliation_finalized,aggregate-only,false,textarea,textarea,4000,"[""text""]",security_background_3,"[""ctl00_SiteContentPlaceHolder_FormView1_tbxIllegalActivity"",""ctl00_SiteContentPlaceHolder_FormView1_tbxTerroristActivity"",""ctl00_SiteContentPlaceHolder_FormView1_tbxTerroristSupport"",""ctl00_SiteContentPlaceHolder_FormView1_tbxTerroristOrg"",""ctl00_SiteContentPlaceHolder_FormView1_tbxTerroristRel"",""ctl00_SiteContentPlaceHolder_FormView1_tbxGenocide"",""ctl00_SiteContentPlaceHolder_FormView1_tbxTorture"",""ctl00_SiteContentPlaceHolder_FormView1_tbxExViolence"",""ctl00_SiteContentPlaceHolder_FormView1_tbxChildSoldier"",""ctl00_SiteContentPlaceHolder_FormView1_tbxReligiousFreedom"",""ctl00_SiteContentPlaceHolder_FormView1_tbxPopulationControls"",""ctl00_SiteContentPlaceHolder_FormView1_tbxTransplant""]","[{""state"":""security2-filled-next-accepted"",""observedAt"":""2026-09-22T17:44:04.736Z"",""controlCount"":28},{""state"":""Security and Background: Part 3-rblIllegalActivity_0"",""observedAt"":""2026-09-22T17:44:05.149Z"",""controlCount"":29},{""state"":""Security and Background: Part 3-rblTerroristActivity_0"",""observedAt"":""2026-09-22T17:44:05.559Z"",""controlCount"":30},{""state"":""Security and Background: Part 3-rblTerroristSupport_0"",""observedAt"":""2026-09-22T17:44:05.968Z"",""controlCount"":31},{""state"":""Security and Background: Part 3-rblTerroristOrg_0"",""observedAt"":""2026-09-22T17:44:06.396Z"",""controlCount"":32},{""state"":""Security and Background: Part 3-rblTerroristRel_0"",""observedAt"":""2026-09-22T17:44:06.808Z"",""controlCount"":33},{""state"":""Security and Background: Part 3-rblGenocide_0"",""observedAt"":""2026-09-22T17:44:07.214Z"",""controlCount"":34},{""state"":""Security and Background: Part 3-rblTorture_0"",""observedAt"":""2026-09-22T17:44:07.622Z"",""controlCount"":35},{""state"":""Security and Background: Part 3-rblExViolence_0"",""observedAt"":""2026-09-22T17:44:08.049Z"",""controlCount"":36},{""state"":""Security and Background: Part 3-rblChildSoldier_0"",""observedAt"":""2026-09-22T17:44:08.464Z"",""controlCount"":37},{""state"":""Security and Background: Part 3-rblReligiousFreedom_0"",""observedAt"":""2026-09-22T17:44:08.845Z"",""controlCount"":38},{""state"":""Security and Background: Part 3-rblPopulationControls_0"",""observedAt"":""2026-09-22T17:44:09.261Z"",""controlCount"":39},{""state"":""Security and Background: Part 3-rblTransplant_0"",""observedAt"":""2026-09-22T17:44:09.670Z"",""controlCount"":40},{""state"":""security3-empty-explanations-server-validation"",""observedAt"":""2026-09-22T17:48:02.878Z"",""controlCount"":40}]","[""is_terrorist_member_explain""]",direct_id_candidate,"[{""code"":""plan_selector_differs_from_runtime_selector"",""mappingKey"":""is_terrorist_member_explain"",""proven"":true}]",finalized_runtime_selector_reconciliation,ds160-live-reconciliation-delta-2026-09-22.json
has_immigration_fraud_explain,Security and Background: Part 4,20,finalized_selector_reconciliation,selector_reconciliation_finalized,aggregate-only,false,textarea,textarea,4000,"[""text""]",security_background_4,"[""ctl00_SiteContentPlaceHolder_FormView1_tbxImmigrationFraud"",""ctl00_SiteContentPlaceHolder_FormView1_tbxDeport_EXPL""]","[{""state"":""security3-filled-next-accepted"",""observedAt"":""2026-09-22T17:48:20.504Z"",""controlCount"":8},{""state"":""Security and Background: Part 4-rblImmigrationFraud_0"",""observedAt"":""2026-09-22T17:48:35.287Z"",""controlCount"":9},{""state"":""Security and Background: Part 4-rblDeport_0"",""observedAt"":""2026-09-22T17:48:35.719Z"",""controlCount"":10},{""state"":""security4-empty-explanations-server-validation"",""observedAt"":""2026-09-22T17:48:51.853Z"",""controlCount"":10},{""state"":""security5-filled-back-accepted"",""observedAt"":""2026-09-22T17:50:19.807Z"",""controlCount"":10}]","[""has_immigration_fraud_explain""]",direct_id_candidate,"[{""code"":""plan_selector_differs_from_runtime_selector"",""mappingKey"":""has_immigration_fraud_explain"",""proven"":true}]",finalized_runtime_selector_reconciliation,ds160-live-reconciliation-delta-2026-09-22.json
has_removal_order_explain,Security and Background: Part 4,20,finalized_selector_reconciliation,selector_reconciliation_finalized,aggregate-only,false,textarea,textarea,4000,"[""text""]",security_background_4,"[""ctl00_SiteContentPlaceHolder_FormView1_tbxImmigrationFraud"",""ctl00_SiteContentPlaceHolder_FormView1_tbxDeport_EXPL""]","[{""state"":""security3-filled-next-accepted"",""observedAt"":""2026-09-22T17:48:20.504Z"",""controlCount"":8},{""state"":""Security and Background: Part 4-rblImmigrationFraud_0"",""observedAt"":""2026-09-22T17:48:35.287Z"",""controlCount"":9},{""state"":""Security and Background: Part 4-rblDeport_0"",""observedAt"":""2026-09-22T17:48:35.719Z"",""controlCount"":10},{""state"":""security4-empty-explanations-server-validation"",""observedAt"":""2026-09-22T17:48:51.853Z"",""controlCount"":10},{""state"":""security5-filled-back-accepted"",""observedAt"":""2026-09-22T17:50:19.807Z"",""controlCount"":10}]","[""has_removal_order_explain""]",direct_id_candidate,"[{""code"":""plan_selector_differs_from_runtime_selector"",""mappingKey"":""has_removal_order_explain"",""proven"":true}]",finalized_runtime_selector_reconciliation,ds160-live-reconciliation-delta-2026-09-22.json
has_renounced_citizenship_explain,Security and Background: Part 5,21,finalized_selector_reconciliation,selector_reconciliation_finalized,aggregate-only,false,textarea,textarea,4000,"[""text""]",security_background_5,"[""ctl00_SiteContentPlaceHolder_FormView1_tbxChildCustody"",""ctl00_SiteContentPlaceHolder_FormView1_tbxVotingViolation"",""ctl00_SiteContentPlaceHolder_FormView1_tbxRenounceExp""]","[{""state"":""security4-filled-next-accepted"",""observedAt"":""2026-09-22T17:48:55.814Z"",""controlCount"":10},{""state"":""Security and Background: Part 5-rblChildCustody_0"",""observedAt"":""2026-09-22T17:48:56.269Z"",""controlCount"":11},{""state"":""Security and Background: Part 5-rblVotingViolation_0"",""observedAt"":""2026-09-22T17:48:56.686Z"",""controlCount"":12},{""state"":""Security and Background: Part 5-rblRenounceExp_0"",""observedAt"":""2026-09-22T17:48:57.079Z"",""controlCount"":13},{""state"":""security5-empty-back-validation-attempt"",""observedAt"":""2026-09-22T17:49:57.782Z"",""controlCount"":13}]","[""has_renounced_citizenship_explain""]",direct_id_candidate,"[{""code"":""plan_selector_differs_from_runtime_selector"",""mappingKey"":""has_renounced_citizenship_explain"",""proven"":true}]",finalized_runtime_selector_reconciliation,ds160-live-reconciliation-delta-2026-09-22.json
has_voted_illegally_explain,Security and Background: Part 5,21,finalized_selector_reconciliation,selector_reconciliation_finalized,aggregate-only,false,textarea,textarea,4000,"[""text""]",security_background_5,"[""ctl00_SiteContentPlaceHolder_FormView1_tbxChildCustody"",""ctl00_SiteContentPlaceHolder_FormView1_tbxVotingViolation"",""ctl00_SiteContentPlaceHolder_FormView1_tbxRenounceExp""]","[{""state"":""security4-filled-next-accepted"",""observedAt"":""2026-09-22T17:48:55.814Z"",""controlCount"":10},{""state"":""Security and Background: Part 5-rblChildCustody_0"",""observedAt"":""2026-09-22T17:48:56.269Z"",""controlCount"":11},{""state"":""Security and Background: Part 5-rblVotingViolation_0"",""observedAt"":""2026-09-22T17:48:56.686Z"",""controlCount"":12},{""state"":""Security and Background: Part 5-rblRenounceExp_0"",""observedAt"":""2026-09-22T17:48:57.079Z"",""controlCount"":13},{""state"":""security5-empty-back-validation-attempt"",""observedAt"":""2026-09-22T17:49:57.782Z"",""controlCount"":13}]","[""has_voted_illegally_explain""]",direct_id_candidate,"[{""code"":""plan_selector_differs_from_runtime_selector"",""mappingKey"":""has_voted_illegally_explain"",""proven"":true}]",finalized_runtime_selector_reconciliation,ds160-live-reconciliation-delta-2026-09-22.json
has_withheld_child_custody_explain,Security and Background: Part 5,21,finalized_selector_reconciliation,selector_reconciliation_finalized,aggregate-only,false,textarea,textarea,4000,"[""text""]",security_background_5,"[""ctl00_SiteContentPlaceHolder_FormView1_tbxChildCustody"",""ctl00_SiteContentPlaceHolder_FormView1_tbxVotingViolation"",""ctl00_SiteContentPlaceHolder_FormView1_tbxRenounceExp""]","[{""state"":""security4-filled-next-accepted"",""observedAt"":""2026-09-22T17:48:55.814Z"",""controlCount"":10},{""state"":""Security and Background: Part 5-rblChildCustody_0"",""observedAt"":""2026-09-22T17:48:56.269Z"",""controlCount"":11},{""state"":""Security and Background: Part 5-rblVotingViolation_0"",""observedAt"":""2026-09-22T17:48:56.686Z"",""controlCount"":12},{""state"":""Security and Background: Part 5-rblRenounceExp_0"",""observedAt"":""2026-09-22T17:48:57.079Z"",""controlCount"":13},{""state"":""security5-empty-back-validation-attempt"",""observedAt"":""2026-09-22T17:49:57.782Z"",""controlCount"":13}]","[""has_withheld_child_custody_explain""]",direct_id_candidate,"[{""code"":""plan_selector_differs_from_runtime_selector"",""mappingKey"":""has_withheld_child_custody_explain"",""proven"":true}]",finalized_runtime_selector_reconciliation,ds160-live-reconciliation-delta-2026-09-22.json
sex,Personal Information 1,1,sex_repair,repaired_selector_reconciliation,mismatch,false,radio,select,,[],/GenNIV/General/complete/complete_personal.aspx,"[""ctl00_SiteContentPlaceHolder_FormView1_ddlAPP_GENDER""]","[""/GenNIV/General/complete/complete_personal.aspx""]",[],repaired_selector_reconciliation,[],repaired_control_type_observed_in_raw_snapshot,ds160-field-control-audit-2026-09-22.json
