"fieldName","page","auditSnapshotStatus","currentDisposition","localTypeAtAudit","requiredMetadata","condition","controlIds","evidenceLimits"
"consular_post","Personal Information 1","aggregate-only","requires_direct_mapping_verification","select","True",,"ctl00_SiteContentPlaceHolder_FormView1_ddlTargetSiteCd","unproven_mapping_raw_catalog_hint"
"surname","Personal Information 1","exact","selector_and_dom_attributes_compared","text","True",,"ctl00_SiteContentPlaceHolder_FormView1_tbxAPP_SURNAME",""
"given_names","Personal Information 1","exact","selector_and_dom_attributes_compared","text","True",,"ctl00_SiteContentPlaceHolder_FormView1_tbxAPP_GIVEN_NAME",""
"full_name_native_alphabet","Personal Information 1","exact","selector_and_dom_attributes_compared","text","True",,"ctl00_SiteContentPlaceHolder_FormView1_tbxAPP_FULL_NAME_NATIVE;ctl00_SiteContentPlaceHolder_FormView1_cbexAPP_FULL_NAME_NATIVE_NA",""
"other_names_used","Personal Information 1","exact","selector_and_dom_attributes_compared","radio","True",,"ctl00_SiteContentPlaceHolder_FormView1_rblOtherNames_0;ctl00_SiteContentPlaceHolder_FormView1_rblOtherNames_1",""
"other_surname","Personal Information 1","aggregate-only","requires_direct_mapping_verification","text","True","other_names_used === yes","ctl00_SiteContentPlaceHolder_FormView1_DListAlias_ctl00_tbxSURNAME;ctl00_SiteContentPlaceHolder_FormView1_DListAlias_ctl01_tbxSURNAME","runner_primary_selector_did_not_resolve_to_raw_control_id;unproven_mapping_label_fallback"
"other_given_names","Personal Information 1","aggregate-only","requires_direct_mapping_verification","text","True","other_names_used === yes","ctl00_SiteContentPlaceHolder_FormView1_DListAlias_ctl00_tbxGIVEN_NAME;ctl00_SiteContentPlaceHolder_FormView1_DListAlias_ctl01_tbxGIVEN_NAME","runner_primary_selector_did_not_resolve_to_raw_control_id;unproven_mapping_label_fallback"
"has_telecode","Personal Information 1","exact","selector_and_dom_attributes_compared","radio","True",,"ctl00_SiteContentPlaceHolder_FormView1_rblTelecodeQuestion_0;ctl00_SiteContentPlaceHolder_FormView1_rblTelecodeQuestion_1",""
"telecode_surname","Personal Information 1","exact","selector_and_dom_attributes_compared","text","True","has_telecode === yes","ctl00_SiteContentPlaceHolder_FormView1_tbxAPP_TelecodeSURNAME",""
"telecode_given_names","Personal Information 1","exact","selector_and_dom_attributes_compared","text","False","has_telecode === yes","ctl00_SiteContentPlaceHolder_FormView1_tbxAPP_TelecodeGIVEN_NAME",""
"sex","Personal Information 1","mismatch","corrected_to_select_0204_browser_verified","radio","True",,"ctl00_SiteContentPlaceHolder_FormView1_ddlAPP_GENDER","type_mismatch:seed=radio,raw=select"
"marital_status","Personal Information 1","exact","selector_and_dom_attributes_compared","select","True",,"ctl00_SiteContentPlaceHolder_FormView1_ddlAPP_MARITAL_STATUS",""
"marital_status_other_explain","Personal Information 1","aggregate-only","requires_direct_mapping_verification","text","True","marital_status === other","","runner_selector_did_not_resolve_to_raw_control_id;journal_finding_has_no_concrete_raw_control_id"
"date_of_birth","Personal Information 1","exact","selector_and_dom_attributes_compared","date","True",,"ctl00_SiteContentPlaceHolder_FormView1_ddlDOBDay;ctl00_SiteContentPlaceHolder_FormView1_ddlDOBMonth;ctl00_SiteContentPlaceHolder_FormView1_tbxDOBYear",""
"city_of_birth","Personal Information 1","exact","selector_and_dom_attributes_compared","text","True",,"ctl00_SiteContentPlaceHolder_FormView1_tbxAPP_POB_CITY",""
"state_of_birth","Personal Information 1","exact","selector_and_dom_attributes_compared","text","True",,"ctl00_SiteContentPlaceHolder_FormView1_tbxAPP_POB_ST_PROVINCE;ctl00_SiteContentPlaceHolder_FormView1_cbexAPP_POB_ST_PROVINCE_NA",""
"country_of_birth","Personal Information 1","exact","selector_and_dom_attributes_compared","select","True",,"ctl00_SiteContentPlaceHolder_FormView1_ddlAPP_POB_CNTRY",""
"nationality_country","Personal Information 2","exact","selector_and_dom_attributes_compared","select","True",,"ctl00_SiteContentPlaceHolder_FormView1_ddlAPP_NATL",""
"other_nationality","Personal Information 2","exact","selector_and_dom_attributes_compared","radio","True",,"ctl00_SiteContentPlaceHolder_FormView1_rblAPP_OTH_NATL_IND_0;ctl00_SiteContentPlaceHolder_FormView1_rblAPP_OTH_NATL_IND_1",""
"other_nationality_country","Personal Information 2","aggregate-only","requires_direct_mapping_verification","select","True","other_nationality === yes","ctl00_SiteContentPlaceHolder_FormView1_dtlOTHER_NATL_ctl00_ddlOTHER_NATL;ctl00_SiteContentPlaceHolder_FormView1_dtlOTHER_NATL_ctl01_ddlOTHER_NATL","unproven_mapping_label_fallback;unproven_mapping_raw_catalog_hint"
"other_nationality_has_passport","Personal Information 2","aggregate-only","requires_direct_mapping_verification","radio","True","other_nationality === yes","ctl00_SiteContentPlaceHolder_FormView1_dtlOTHER_NATL_ctl00_rblOTHER_PPT_IND_0;ctl00_SiteContentPlaceHolder_FormView1_dtlOTHER_NATL_ctl00_rblOTHER_PPT_IND_1;ctl00_SiteContentPlaceHolder_FormView1_dtlOTHER_NATL_ctl01_rblOTHER_PPT_IND_0;ctl00_SiteContentPlaceHolder_FormView1_dtlOTHER_NATL_ctl01_rblOTHER_PPT_IND_1","unproven_mapping_raw_catalog_hint"
"other_nationality_passport_number","Personal Information 2","aggregate-only","requires_direct_mapping_verification","text","True","other_nationality_has_passport === yes","ctl00_SiteContentPlaceHolder_FormView1_dtlOTHER_NATL_ctl00_tbxOTHER_PPT_NUM","unproven_mapping_label_fallback;unproven_mapping_raw_catalog_hint"
"permanent_resident_other_country","Personal Information 2","exact","selector_and_dom_attributes_compared","radio","True",,"ctl00_SiteContentPlaceHolder_FormView1_rblPermResOtherCntryInd_0;ctl00_SiteContentPlaceHolder_FormView1_rblPermResOtherCntryInd_1",""
"other_permanent_resident_country","Personal Information 2","aggregate-only","requires_direct_mapping_verification","select","True","permanent_resident_other_country === yes","ctl00_SiteContentPlaceHolder_FormView1_dtlOthPermResCntry_ctl00_ddlOthPermResCntry;ctl00_SiteContentPlaceHolder_FormView1_dtlOthPermResCntry_ctl01_ddlOthPermResCntry","unproven_mapping_label_fallback;unproven_mapping_raw_catalog_hint"
"national_id_number","Personal Information 2","exact","selector_and_dom_attributes_compared","text","True",,"ctl00_SiteContentPlaceHolder_FormView1_tbxAPP_NATIONAL_ID;ctl00_SiteContentPlaceHolder_FormView1_cbexAPP_NATIONAL_ID_NA",""
"us_social_security_number","Personal Information 2","exact","selector_and_dom_attributes_compared","text","True",,"ctl00_SiteContentPlaceHolder_FormView1_tbxAPP_SSN1;ctl00_SiteContentPlaceHolder_FormView1_tbxAPP_SSN2;ctl00_SiteContentPlaceHolder_FormView1_tbxAPP_SSN3;ctl00_SiteContentPlaceHolder_FormView1_cbexAPP_SSN_NA",""
"us_taxpayer_id","Personal Information 2","exact","selector_and_dom_attributes_compared","text","True",,"ctl00_SiteContentPlaceHolder_FormView1_tbxAPP_TAX_ID;ctl00_SiteContentPlaceHolder_FormView1_cbexAPP_TAX_ID_NA",""
"purpose_of_trip","Travel Information","exact","selector_and_dom_attributes_compared","select","True",,"ctl00_SiteContentPlaceHolder_FormView1_dlPrincipalAppTravel_ctl00_ddlPurposeOfTrip;ctl00_SiteContentPlaceHolder_FormView1_dlPrincipalAppTravel_ctl01_ddlPurposeOfTrip",""
"purpose_of_trip_specify","Travel Information","exact","selector_and_dom_attributes_compared","select","True",,"ctl00_SiteContentPlaceHolder_FormView1_dlPrincipalAppTravel_ctl00_ddlOtherPurpose;ctl00_SiteContentPlaceHolder_FormView1_dlPrincipalAppTravel_ctl01_ddlOtherPurpose",""
"has_specific_plans","Travel Information","exact","selector_and_dom_attributes_compared","radio","True",,"ctl00_SiteContentPlaceHolder_FormView1_rblSpecificTravel_0;ctl00_SiteContentPlaceHolder_FormView1_rblSpecificTravel_1",""
"arrival_date","Travel Information","exact","selector_and_dom_attributes_compared","date","True","has_specific_plans === yes","ctl00_SiteContentPlaceHolder_FormView1_ddlTRAVEL_DTEDay;ctl00_SiteContentPlaceHolder_FormView1_ddlTRAVEL_DTEMonth;ctl00_SiteContentPlaceHolder_FormView1_tbxTRAVEL_DTEYear",""
"arrival_flight","Travel Information","aggregate-only","requires_direct_mapping_verification","text","False","has_specific_plans === yes","ctl00_SiteContentPlaceHolder_FormView1_tbxArriveFlight","unproven_mapping_raw_catalog_hint"
"arrival_city","Travel Information","aggregate-only","requires_direct_mapping_verification","text","True","has_specific_plans === yes","ctl00_SiteContentPlaceHolder_FormView1_tbxArriveCity","unproven_mapping_raw_catalog_hint"
"departure_date","Travel Information","aggregate-only","requires_direct_mapping_verification","date","True","has_specific_plans === yes","ctl00_SiteContentPlaceHolder_FormView1_ddlDEPARTURE_US_DTEDay;ctl00_SiteContentPlaceHolder_FormView1_ddlDEPARTURE_US_DTEMonth;ctl00_SiteContentPlaceHolder_FormView1_tbxDEPARTURE_US_DTEYear","no_runner_mapping_for_seed_or_derived_key;unproven_mapping_raw_catalog_hint"
"departure_flight","Travel Information","aggregate-only","requires_direct_mapping_verification","text","False","has_specific_plans === yes","ctl00_SiteContentPlaceHolder_FormView1_tbxDepartFlight","unproven_mapping_raw_catalog_hint"
"departure_city","Travel Information","aggregate-only","requires_direct_mapping_verification","text","True","has_specific_plans === yes","ctl00_SiteContentPlaceHolder_FormView1_tbxDepartCity","unproven_mapping_raw_catalog_hint"
"planned_location","Travel Information","exact","selector_and_dom_attributes_compared","text","True","has_specific_plans === yes","ctl00_SiteContentPlaceHolder_FormView1_dtlTravelLoc_ctl00_tbxSPECTRAVEL_LOCATION;ctl00_SiteContentPlaceHolder_FormView1_dtlTravelLoc_ctl01_tbxSPECTRAVEL_LOCATION",""
"intended_arrival_date","Travel Information","exact","selector_and_dom_attributes_compared","date","False","has_specific_plans === no","ctl00_SiteContentPlaceHolder_FormView1_ddlTRAVEL_DTEDay;ctl00_SiteContentPlaceHolder_FormView1_ddlTRAVEL_DTEMonth;ctl00_SiteContentPlaceHolder_FormView1_tbxTRAVEL_DTEYear",""
"intended_length_of_stay_value","Travel Information","exact","selector_and_dom_attributes_compared","text","False","has_specific_plans === no","ctl00_SiteContentPlaceHolder_FormView1_tbxTRAVEL_LOS",""
"intended_length_of_stay_unit","Travel Information","exact","selector_and_dom_attributes_compared","select","False","has_specific_plans === no","ctl00_SiteContentPlaceHolder_FormView1_ddlTRAVEL_LOS_CD",""
"us_address_street1","Travel Information","exact","selector_and_dom_attributes_compared","text","True","has_specific_plans === yes || intended_length_of_stay_unit === YEAR(S) || intended_length_of_stay_unit === MONTH(S) || intended_length_of_stay_unit === WEEK(S) || intended_length_of_stay_unit === DAY(S)","ctl00_SiteContentPlaceHolder_FormView1_tbxStreetAddress1",""
"us_address_street2","Travel Information","exact","selector_and_dom_attributes_compared","text","False","has_specific_plans === yes || intended_length_of_stay_unit === YEAR(S) || intended_length_of_stay_unit === MONTH(S) || intended_length_of_stay_unit === WEEK(S) || intended_length_of_stay_unit === DAY(S)","ctl00_SiteContentPlaceHolder_FormView1_tbxStreetAddress2",""
"us_address_city","Travel Information","exact","selector_and_dom_attributes_compared","text","True","has_specific_plans === yes || intended_length_of_stay_unit === YEAR(S) || intended_length_of_stay_unit === MONTH(S) || intended_length_of_stay_unit === WEEK(S) || intended_length_of_stay_unit === DAY(S)","ctl00_SiteContentPlaceHolder_FormView1_tbxCity",""
"us_address_state","Travel Information","exact","selector_and_dom_attributes_compared","select","True","has_specific_plans === yes || intended_length_of_stay_unit === YEAR(S) || intended_length_of_stay_unit === MONTH(S) || intended_length_of_stay_unit === WEEK(S) || intended_length_of_stay_unit === DAY(S)","ctl00_SiteContentPlaceHolder_FormView1_ddlTravelState",""
"us_address_zip","Travel Information","exact","selector_and_dom_attributes_compared","text","False","has_specific_plans === yes || intended_length_of_stay_unit === YEAR(S) || intended_length_of_stay_unit === MONTH(S) || intended_length_of_stay_unit === WEEK(S) || intended_length_of_stay_unit === DAY(S)","ctl00_SiteContentPlaceHolder_FormView1_tbZIPCode",""
"trip_payer_type","Travel Information","exact","selector_and_dom_attributes_compared","select","True",,"ctl00_SiteContentPlaceHolder_FormView1_ddlWhoIsPaying",""
"payer_surname","Travel Information","exact","selector_and_dom_attributes_compared","text","True","trip_payer_type === other_person","ctl00_SiteContentPlaceHolder_FormView1_tbxPayerSurname",""
"payer_given_names","Travel Information","exact","selector_and_dom_attributes_compared","text","True","trip_payer_type === other_person","ctl00_SiteContentPlaceHolder_FormView1_tbxPayerGivenName",""
"payer_phone","Travel Information","aggregate-only","requires_direct_mapping_verification","text","True","trip_payer_type === other_person","ctl00_SiteContentPlaceHolder_FormView1_tbxPayerPhone","unproven_mapping_raw_catalog_hint"
"payer_email","Travel Information","exact","selector_and_dom_attributes_compared","text","True","trip_payer_type === other_person","ctl00_SiteContentPlaceHolder_FormView1_tbxPAYER_EMAIL_ADDR;ctl00_SiteContentPlaceHolder_FormView1_cbxDNAPAYER_EMAIL_ADDR_NA",""
"payer_relationship","Travel Information","exact","selector_and_dom_attributes_compared","select","True","trip_payer_type === other_person","ctl00_SiteContentPlaceHolder_FormView1_ddlPayerRelationship",""
"payer_address_same_as_home","Travel Information","aggregate-only","requires_direct_mapping_verification","radio","True","trip_payer_type === other_person","ctl00_SiteContentPlaceHolder_FormView1_rblPayerAddrSameAsInd_0;ctl00_SiteContentPlaceHolder_FormView1_rblPayerAddrSameAsInd_1","unproven_mapping_raw_catalog_hint"
"payer_address_street1","Travel Information","aggregate-only","requires_direct_mapping_verification","text","True","payer_address_same_as_home === no","ctl00_SiteContentPlaceHolder_FormView1_tbxStreetAddress1;ctl00_SiteContentPlaceHolder_FormView1_tbxStreetAddress2;ctl00_SiteContentPlaceHolder_FormView1_tbxPayerStreetAddress1","unproven_mapping_label_fallback;unproven_mapping_raw_catalog_hint"
"payer_address_street2","Travel Information","aggregate-only","requires_direct_mapping_verification","text","False","payer_address_same_as_home === no","ctl00_SiteContentPlaceHolder_FormView1_tbxStreetAddress1;ctl00_SiteContentPlaceHolder_FormView1_tbxStreetAddress2;ctl00_SiteContentPlaceHolder_FormView1_tbxPayerStreetAddress2","unproven_mapping_label_fallback;unproven_mapping_raw_catalog_hint"
"payer_address_city","Travel Information","aggregate-only","requires_direct_mapping_verification","text","True","payer_address_same_as_home === no","ctl00_SiteContentPlaceHolder_FormView1_tbxCity;ctl00_SiteContentPlaceHolder_FormView1_tbxPayerCity","unproven_mapping_label_fallback;unproven_mapping_raw_catalog_hint"
"payer_address_state","Travel Information","aggregate-only","requires_direct_mapping_verification","text","True","payer_address_same_as_home === no","ctl00_SiteContentPlaceHolder_FormView1_cbxDNAPayerStateProvince;ctl00_SiteContentPlaceHolder_FormView1_tbxPayerStateProvince","unproven_mapping_raw_catalog_hint"
"payer_address_postal","Travel Information","aggregate-only","requires_direct_mapping_verification","text","True","payer_address_same_as_home === no","ctl00_SiteContentPlaceHolder_FormView1_cbxDNAPayerPostalZIPCode;ctl00_SiteContentPlaceHolder_FormView1_tbxPayerPostalZIPCode","unproven_mapping_raw_catalog_hint"
"payer_address_country","Travel Information","aggregate-only","requires_direct_mapping_verification","select","True","payer_address_same_as_home === no","ctl00_SiteContentPlaceHolder_FormView1_ddlPayerCountry","unproven_mapping_raw_catalog_hint"
"payer_org_name","Travel Information","aggregate-only","requires_direct_mapping_verification","text","True","trip_payer_type === other_company","ctl00_SiteContentPlaceHolder_FormView1_tbxPayingCompany","runner_primary_selector_did_not_resolve_to_raw_control_id;unproven_mapping_label_fallback"
"payer_org_phone","Travel Information","aggregate-only","requires_direct_mapping_verification","text","True","trip_payer_type === other_company","ctl00_SiteContentPlaceHolder_FormView1_tbxPayerPhone","unproven_mapping_raw_catalog_hint"
"payer_org_relationship","Travel Information","aggregate-only","requires_direct_mapping_verification","text","True","trip_payer_type === other_company","ctl00_SiteContentPlaceHolder_FormView1_ddlPayerRelationship","runner_primary_selector_did_not_resolve_to_raw_control_id;unproven_mapping_label_fallback"
"payer_org_address_street1","Travel Information","aggregate-only","requires_direct_mapping_verification","text","True","trip_payer_type === other_company","ctl00_SiteContentPlaceHolder_FormView1_tbxStreetAddress1;ctl00_SiteContentPlaceHolder_FormView1_tbxStreetAddress2;ctl00_SiteContentPlaceHolder_FormView1_tbxPayerStreetAddress1","unproven_mapping_label_fallback;unproven_mapping_raw_catalog_hint"
"payer_org_address_street2","Travel Information","aggregate-only","requires_direct_mapping_verification","text","False","trip_payer_type === other_company","ctl00_SiteContentPlaceHolder_FormView1_tbxStreetAddress1;ctl00_SiteContentPlaceHolder_FormView1_tbxStreetAddress2;ctl00_SiteContentPlaceHolder_FormView1_tbxPayerStreetAddress2","unproven_mapping_label_fallback;unproven_mapping_raw_catalog_hint"
"payer_org_address_city","Travel Information","aggregate-only","requires_direct_mapping_verification","text","True","trip_payer_type === other_company","ctl00_SiteContentPlaceHolder_FormView1_tbxCity;ctl00_SiteContentPlaceHolder_FormView1_tbxPayerCity","unproven_mapping_label_fallback;unproven_mapping_raw_catalog_hint"
"payer_org_address_state","Travel Information","aggregate-only","requires_direct_mapping_verification","text","True","trip_payer_type === other_company","ctl00_SiteContentPlaceHolder_FormView1_cbxDNAPayerStateProvince;ctl00_SiteContentPlaceHolder_FormView1_tbxPayerStateProvince","unproven_mapping_raw_catalog_hint"
"payer_org_address_postal","Travel Information","aggregate-only","requires_direct_mapping_verification","text","True","trip_payer_type === other_company","ctl00_SiteContentPlaceHolder_FormView1_cbxDNAPayerPostalZIPCode;ctl00_SiteContentPlaceHolder_FormView1_tbxPayerPostalZIPCode","unproven_mapping_raw_catalog_hint"
"payer_org_address_country","Travel Information","aggregate-only","requires_direct_mapping_verification","select","True","trip_payer_type === other_company","ctl00_SiteContentPlaceHolder_FormView1_ddlPayerCountry","unproven_mapping_raw_catalog_hint"
"has_companions","Travel Companions","exact","selector_and_dom_attributes_compared","radio","True",,"ctl00_SiteContentPlaceHolder_FormView1_rblOtherPersonsTravelingWithYou_0;ctl00_SiteContentPlaceHolder_FormView1_rblOtherPersonsTravelingWithYou_1",""
"companion_group_travel","Travel Companions","exact","selector_and_dom_attributes_compared","radio","True","has_companions === yes","ctl00_SiteContentPlaceHolder_FormView1_rblGroupTravel_0;ctl00_SiteContentPlaceHolder_FormView1_rblGroupTravel_1",""
"companion_group_name","Travel Companions","exact","selector_and_dom_attributes_compared","text","True","companion_group_travel === yes","ctl00_SiteContentPlaceHolder_FormView1_tbxGroupName",""
"companion_surname","Travel Companions","aggregate-only","requires_direct_mapping_verification","text","True","companion_group_travel === no","","runner_selector_did_not_resolve_to_raw_control_id;journal_finding_has_no_concrete_raw_control_id"
"companion_given_names","Travel Companions","aggregate-only","requires_direct_mapping_verification","text","True","companion_group_travel === no","ctl00_SiteContentPlaceHolder_FormView1_dlTravelCompanions_ctl00_tbxGivenName;ctl00_SiteContentPlaceHolder_FormView1_dlTravelCompanions_ctl01_tbxGivenName","runner_primary_selector_did_not_resolve_to_raw_control_id;unproven_mapping_label_fallback"
"companion_relationship","Travel Companions","aggregate-only","requires_direct_mapping_verification","select","True","companion_group_travel === no","","runner_selector_did_not_resolve_to_raw_control_id;journal_finding_has_no_concrete_raw_control_id"
"has_been_in_us","Previous U.S. Travel","exact","selector_and_dom_attributes_compared","radio","True",,"ctl00_SiteContentPlaceHolder_FormView1_rblPREV_US_TRAVEL_IND_0;ctl00_SiteContentPlaceHolder_FormView1_rblPREV_US_TRAVEL_IND_1",""
"previous_visit_date_arrived","Previous U.S. Travel","aggregate-only","requires_direct_mapping_verification","date","True","has_been_in_us === yes","ctl00_SiteContentPlaceHolder_FormView1_dtlPREV_US_VISIT_ctl00_tbxPREV_US_VISIT_DTEYear;ctl00_SiteContentPlaceHolder_FormView1_dtlPREV_US_VISIT_ctl01_tbxPREV_US_VISIT_DTEYear;ctl00_SiteContentPlaceHolder_FormView1_dtlPREV_US_VISIT_ctl02_tbxPREV_US_VISIT_DTEYear;ctl00_SiteContentPlaceHolder_FormView1_dtlPREV_US_VISIT_ctl03_tbxPREV_US_VISIT_DTEYear;ctl00_SiteContentPlaceHolder_FormView1_dtlPREV_US_VISIT_ctl04_tbxPREV_US_VISIT_DTEYear;ctl00_SiteContentPlaceHolder_FormView1_dtlPREV_US_VISIT_ctl00_ddlPREV_US_VISIT_DTEDay;ctl00_SiteContentPlaceHolder_FormView1_dtlPREV_US_VISIT_ctl01_ddlPREV_US_VISIT_DTEDay;ctl00_SiteContentPlaceHolder_FormView1_dtlPREV_US_VISIT_ctl02_ddlPREV_US_VISIT_DTEDay;ctl00_SiteContentPlaceHolder_FormView1_dtlPREV_US_VISIT_ctl03_ddlPREV_US_VISIT_DTEDay;ctl00_SiteContentPlaceHolder_FormView1_dtlPREV_US_VISIT_ctl04_ddlPREV_US_VISIT_DTEDay;ctl00_SiteContentPlaceHolder_FormView1_dtlPREV_US_VISIT_ctl00_ddlPREV_US_VISIT_DTEMonth;ctl00_SiteContentPlaceHolder_FormView1_dtlPREV_US_VISIT_ctl01_ddlPREV_US_VISIT_DTEMonth;ctl00_SiteContentPlaceHolder_FormView1_dtlPREV_US_VISIT_ctl02_ddlPREV_US_VISIT_DTEMonth;ctl00_SiteContentPlaceHolder_FormView1_dtlPREV_US_VISIT_ctl03_ddlPREV_US_VISIT_DTEMonth;ctl00_SiteContentPlaceHolder_FormView1_dtlPREV_US_VISIT_ctl04_ddlPREV_US_VISIT_DTEMonth","unproven_mapping_label_fallback;unproven_mapping_raw_catalog_hint"
"previous_visit_length_of_stay","Previous U.S. Travel","aggregate-only","requires_direct_mapping_verification","text","True","has_been_in_us === yes","ctl00_SiteContentPlaceHolder_FormView1_dtlPREV_US_VISIT_ctl00_tbxPREV_US_VISIT_LOS;ctl00_SiteContentPlaceHolder_FormView1_dtlPREV_US_VISIT_ctl01_tbxPREV_US_VISIT_LOS;ctl00_SiteContentPlaceHolder_FormView1_dtlPREV_US_VISIT_ctl02_tbxPREV_US_VISIT_LOS;ctl00_SiteContentPlaceHolder_FormView1_dtlPREV_US_VISIT_ctl03_tbxPREV_US_VISIT_LOS;ctl00_SiteContentPlaceHolder_FormView1_dtlPREV_US_VISIT_ctl04_tbxPREV_US_VISIT_LOS","unproven_mapping_raw_catalog_hint"
"previous_visit_length_of_stay_unit","Previous U.S. Travel","aggregate-only","requires_direct_mapping_verification","select","True","has_been_in_us === yes","ctl00_SiteContentPlaceHolder_FormView1_dtlPREV_US_VISIT_ctl00_ddlPREV_US_VISIT_LOS_CD;ctl00_SiteContentPlaceHolder_FormView1_dtlPREV_US_VISIT_ctl01_ddlPREV_US_VISIT_LOS_CD;ctl00_SiteContentPlaceHolder_FormView1_dtlPREV_US_VISIT_ctl02_ddlPREV_US_VISIT_LOS_CD;ctl00_SiteContentPlaceHolder_FormView1_dtlPREV_US_VISIT_ctl03_ddlPREV_US_VISIT_LOS_CD;ctl00_SiteContentPlaceHolder_FormView1_dtlPREV_US_VISIT_ctl04_ddlPREV_US_VISIT_LOS_CD","unproven_mapping_raw_catalog_hint"
"has_us_drivers_license","Previous U.S. Travel","aggregate-only","requires_direct_mapping_verification","radio","True","has_been_in_us === yes","ctl00_SiteContentPlaceHolder_FormView1_rblPREV_US_DRIVER_LIC_IND_0;ctl00_SiteContentPlaceHolder_FormView1_rblPREV_US_DRIVER_LIC_IND_1","unproven_mapping_raw_catalog_hint"
"us_drivers_license_number","Previous U.S. Travel","aggregate-only","requires_direct_mapping_verification","text","True","has_us_drivers_license === yes","ctl00_SiteContentPlaceHolder_FormView1_dtlUS_DRIVER_LICENSE_ctl00_tbxUS_DRIVER_LICENSE;ctl00_SiteContentPlaceHolder_FormView1_dtlUS_DRIVER_LICENSE_ctl01_tbxUS_DRIVER_LICENSE;ctl00_SiteContentPlaceHolder_FormView1_dtlUS_DRIVER_LICENSE_ctl02_tbxUS_DRIVER_LICENSE;ctl00_SiteContentPlaceHolder_FormView1_dtlUS_DRIVER_LICENSE_ctl03_tbxUS_DRIVER_LICENSE;ctl00_SiteContentPlaceHolder_FormView1_dtlUS_DRIVER_LICENSE_ctl04_tbxUS_DRIVER_LICENSE;ctl00_SiteContentPlaceHolder_FormView1_dtlUS_DRIVER_LICENSE_ctl05_tbxUS_DRIVER_LICENSE;ctl00_SiteContentPlaceHolder_FormView1_dtlUS_DRIVER_LICENSE_ctl00_cbxUS_DRIVER_LICENSE_NA;ctl00_SiteContentPlaceHolder_FormView1_dtlUS_DRIVER_LICENSE_ctl01_cbxUS_DRIVER_LICENSE_NA;ctl00_SiteContentPlaceHolder_FormView1_dtlUS_DRIVER_LICENSE_ctl02_cbxUS_DRIVER_LICENSE_NA;ctl00_SiteContentPlaceHolder_FormView1_dtlUS_DRIVER_LICENSE_ctl03_cbxUS_DRIVER_LICENSE_NA;ctl00_SiteContentPlaceHolder_FormView1_dtlUS_DRIVER_LICENSE_ctl04_cbxUS_DRIVER_LICENSE_NA;ctl00_SiteContentPlaceHolder_FormView1_dtlUS_DRIVER_LICENSE_ctl05_cbxUS_DRIVER_LICENSE_NA","runner_primary_selector_did_not_resolve_to_raw_control_id"
"us_drivers_license_state","Previous U.S. Travel","exact","selector_and_dom_attributes_compared","select","True","has_us_drivers_license === yes","ctl00_SiteContentPlaceHolder_FormView1_dtlUS_DRIVER_LICENSE_ctl00_ddlUS_DRIVER_LICENSE_STATE;ctl00_SiteContentPlaceHolder_FormView1_dtlUS_DRIVER_LICENSE_ctl01_ddlUS_DRIVER_LICENSE_STATE;ctl00_SiteContentPlaceHolder_FormView1_dtlUS_DRIVER_LICENSE_ctl02_ddlUS_DRIVER_LICENSE_STATE;ctl00_SiteContentPlaceHolder_FormView1_dtlUS_DRIVER_LICENSE_ctl03_ddlUS_DRIVER_LICENSE_STATE;ctl00_SiteContentPlaceHolder_FormView1_dtlUS_DRIVER_LICENSE_ctl04_ddlUS_DRIVER_LICENSE_STATE;ctl00_SiteContentPlaceHolder_FormView1_dtlUS_DRIVER_LICENSE_ctl05_ddlUS_DRIVER_LICENSE_STATE",""
"has_us_visa","Previous U.S. Travel","exact","selector_and_dom_attributes_compared","radio","True",,"ctl00_SiteContentPlaceHolder_FormView1_rblPREV_VISA_IND_0;ctl00_SiteContentPlaceHolder_FormView1_rblPREV_VISA_IND_1",""
"last_visa_issue_day","Previous U.S. Travel","aggregate-only","requires_direct_mapping_verification","select","True","has_us_visa === yes","ctl00_SiteContentPlaceHolder_FormView1_ddlPREV_VISA_ISSUED_DTEDay","unproven_mapping_raw_catalog_hint"
"last_visa_issue_month","Previous U.S. Travel","aggregate-only","requires_direct_mapping_verification","select","True","has_us_visa === yes","ctl00_SiteContentPlaceHolder_FormView1_ddlPREV_VISA_ISSUED_DTEMonth","unproven_mapping_raw_catalog_hint"
"last_visa_issue_year","Previous U.S. Travel","aggregate-only","requires_direct_mapping_verification","text","True","has_us_visa === yes","ctl00_SiteContentPlaceHolder_FormView1_tbxPREV_VISA_ISSUED_DTEYear","unproven_mapping_raw_catalog_hint"
"visa_number","Previous U.S. Travel","exact","selector_and_dom_attributes_compared","text","True","has_us_visa === yes","ctl00_SiteContentPlaceHolder_FormView1_tbxPREV_VISA_FOIL_NUMBER;ctl00_SiteContentPlaceHolder_FormView1_cbxPREV_VISA_FOIL_NUMBER_NA",""
"visa_number_unknown","Previous U.S. Travel","aggregate-only","requires_direct_mapping_verification","checkbox","False","has_us_visa === yes","ctl00_SiteContentPlaceHolder_FormView1_tbxPREV_VISA_FOIL_NUMBER;ctl00_SiteContentPlaceHolder_FormView1_cbxPREV_VISA_FOIL_NUMBER_NA","runner_primary_selector_did_not_resolve_to_raw_control_id"
"applying_same_visa_type","Previous U.S. Travel","exact","selector_and_dom_attributes_compared","radio","True","has_us_visa === yes","ctl00_SiteContentPlaceHolder_FormView1_rblPREV_VISA_SAME_TYPE_IND_0;ctl00_SiteContentPlaceHolder_FormView1_rblPREV_VISA_SAME_TYPE_IND_1",""
"applying_same_country_of_issue_and_residence","Previous U.S. Travel","exact","selector_and_dom_attributes_compared","radio","True","has_us_visa === yes","ctl00_SiteContentPlaceHolder_FormView1_rblPREV_VISA_SAME_CNTRY_IND_0;ctl00_SiteContentPlaceHolder_FormView1_rblPREV_VISA_SAME_CNTRY_IND_1",""
"has_been_ten_printed","Previous U.S. Travel","aggregate-only","requires_direct_mapping_verification","radio","True","has_us_visa === yes","ctl00_SiteContentPlaceHolder_FormView1_rblPREV_VISA_TEN_PRINT_IND_0;ctl00_SiteContentPlaceHolder_FormView1_rblPREV_VISA_TEN_PRINT_IND_1","unproven_mapping_raw_catalog_hint"
"visa_lost_or_stolen","Previous U.S. Travel","exact","selector_and_dom_attributes_compared","radio","True","has_us_visa === yes","ctl00_SiteContentPlaceHolder_FormView1_rblPREV_VISA_LOST_IND_0;ctl00_SiteContentPlaceHolder_FormView1_rblPREV_VISA_LOST_IND_1",""
"year_visa_lost_or_stolen","Previous U.S. Travel","exact","selector_and_dom_attributes_compared","text","True","visa_lost_or_stolen === yes","ctl00_SiteContentPlaceHolder_FormView1_tbxPREV_VISA_LOST_YEAR",""
"visa_lost_or_stolen_explain","Previous U.S. Travel","aggregate-only","requires_direct_mapping_verification","textarea","True","visa_lost_or_stolen === yes","ctl00_SiteContentPlaceHolder_FormView1_tbxPREV_VISA_LOST_EXPL;ctl00_SiteContentPlaceHolder_FormView1_tbxPREV_VISA_CANCELLED_EXPL;ctl00_SiteContentPlaceHolder_FormView1_tbxPREV_VISA_REFUSED_EXPL;ctl00_SiteContentPlaceHolder_FormView1_tbxIV_PETITION_EXPL;ctl00_SiteContentPlaceHolder_FormView1_tbxVWP_DENIAL_EXPL","unproven_mapping_label_fallback;unproven_mapping_raw_catalog_hint"
"visa_cancelled_or_revoked","Previous U.S. Travel","exact","selector_and_dom_attributes_compared","radio","True","has_us_visa === yes","ctl00_SiteContentPlaceHolder_FormView1_rblPREV_VISA_CANCELLED_IND_0;ctl00_SiteContentPlaceHolder_FormView1_rblPREV_VISA_CANCELLED_IND_1",""
"visa_cancelled_or_revoked_explain","Previous U.S. Travel","aggregate-only","requires_direct_mapping_verification","textarea","True","visa_cancelled_or_revoked === yes","ctl00_SiteContentPlaceHolder_FormView1_tbxPREV_VISA_LOST_EXPL;ctl00_SiteContentPlaceHolder_FormView1_tbxPREV_VISA_CANCELLED_EXPL;ctl00_SiteContentPlaceHolder_FormView1_tbxPREV_VISA_REFUSED_EXPL;ctl00_SiteContentPlaceHolder_FormView1_tbxIV_PETITION_EXPL;ctl00_SiteContentPlaceHolder_FormView1_tbxVWP_DENIAL_EXPL","unproven_mapping_label_fallback;unproven_mapping_raw_catalog_hint"
"has_been_refused","Previous U.S. Travel","exact","selector_and_dom_attributes_compared","radio","True",,"ctl00_SiteContentPlaceHolder_FormView1_rblPREV_VISA_REFUSED_IND_0;ctl00_SiteContentPlaceHolder_FormView1_rblPREV_VISA_REFUSED_IND_1",""
"refusal_explain","Previous U.S. Travel","aggregate-only","requires_direct_mapping_verification","textarea","True","has_been_refused === yes","ctl00_SiteContentPlaceHolder_FormView1_tbxPREV_VISA_LOST_EXPL;ctl00_SiteContentPlaceHolder_FormView1_tbxPREV_VISA_CANCELLED_EXPL;ctl00_SiteContentPlaceHolder_FormView1_tbxPREV_VISA_REFUSED_EXPL;ctl00_SiteContentPlaceHolder_FormView1_tbxIV_PETITION_EXPL;ctl00_SiteContentPlaceHolder_FormView1_tbxVWP_DENIAL_EXPL","unproven_mapping_label_fallback;unproven_mapping_raw_catalog_hint"
"immigrant_petition_filed","Previous U.S. Travel","exact","selector_and_dom_attributes_compared","radio","True",,"ctl00_SiteContentPlaceHolder_FormView1_rblIV_PETITION_IND_0;ctl00_SiteContentPlaceHolder_FormView1_rblIV_PETITION_IND_1",""
"immigrant_petition_explain","Previous U.S. Travel","aggregate-only","requires_direct_mapping_verification","textarea","True","immigrant_petition_filed === yes","ctl00_SiteContentPlaceHolder_FormView1_tbxPREV_VISA_LOST_EXPL;ctl00_SiteContentPlaceHolder_FormView1_tbxPREV_VISA_CANCELLED_EXPL;ctl00_SiteContentPlaceHolder_FormView1_tbxPREV_VISA_REFUSED_EXPL;ctl00_SiteContentPlaceHolder_FormView1_tbxIV_PETITION_EXPL;ctl00_SiteContentPlaceHolder_FormView1_tbxVWP_DENIAL_EXPL","unproven_mapping_label_fallback;unproven_mapping_raw_catalog_hint"
"home_address_line1","Address and Phone","exact","selector_and_dom_attributes_compared","text","True",,"ctl00_SiteContentPlaceHolder_FormView1_tbxAPP_ADDR_LN1",""
"home_address_line2","Address and Phone","exact","selector_and_dom_attributes_compared","text","False",,"ctl00_SiteContentPlaceHolder_FormView1_tbxAPP_ADDR_LN2",""
"home_address_city","Address and Phone","exact","selector_and_dom_attributes_compared","text","True",,"ctl00_SiteContentPlaceHolder_FormView1_tbxAPP_ADDR_CITY",""
"home_address_state_province","Address and Phone","exact","selector_and_dom_attributes_compared","text","True",,"ctl00_SiteContentPlaceHolder_FormView1_tbxAPP_ADDR_STATE;ctl00_SiteContentPlaceHolder_FormView1_cbexAPP_ADDR_STATE_NA",""
"home_address_postal_code","Address and Phone","exact","selector_and_dom_attributes_compared","text","True",,"ctl00_SiteContentPlaceHolder_FormView1_tbxAPP_ADDR_POSTAL_CD;ctl00_SiteContentPlaceHolder_FormView1_cbexAPP_ADDR_POSTAL_CD_NA",""
"home_address_country","Address and Phone","exact","selector_and_dom_attributes_compared","select","True",,"ctl00_SiteContentPlaceHolder_FormView1_ddlCountry",""
"mailing_same_as_home","Address and Phone","exact","selector_and_dom_attributes_compared","radio","True",,"ctl00_SiteContentPlaceHolder_FormView1_rblMailingAddrSame_0;ctl00_SiteContentPlaceHolder_FormView1_rblMailingAddrSame_1",""
"mailing_address_line1","Address and Phone","aggregate-only","requires_direct_mapping_verification","text","True","mailing_same_as_home === no","ctl00_SiteContentPlaceHolder_FormView1_tbxMAILING_ADDR_LN1","unproven_mapping_raw_catalog_hint"
"mailing_address_line2","Address and Phone","aggregate-only","requires_direct_mapping_verification","text","False","mailing_same_as_home === no","ctl00_SiteContentPlaceHolder_FormView1_tbxMAILING_ADDR_LN2","unproven_mapping_raw_catalog_hint"
"mailing_address_city","Address and Phone","aggregate-only","requires_direct_mapping_verification","text","True","mailing_same_as_home === no","ctl00_SiteContentPlaceHolder_FormView1_tbxMAILING_ADDR_CITY","unproven_mapping_raw_catalog_hint"
"mailing_address_state","Address and Phone","aggregate-only","requires_direct_mapping_verification","text","True","mailing_same_as_home === no","ctl00_SiteContentPlaceHolder_FormView1_cbexMAILING_ADDR_STATE_NA;ctl00_SiteContentPlaceHolder_FormView1_tbxMAILING_ADDR_STATE","unproven_mapping_raw_catalog_hint"
"mailing_address_postal","Address and Phone","aggregate-only","requires_direct_mapping_verification","text","True","mailing_same_as_home === no","ctl00_SiteContentPlaceHolder_FormView1_cbexMAILING_ADDR_POSTAL_CD_NA;ctl00_SiteContentPlaceHolder_FormView1_tbxMAILING_ADDR_POSTAL_CD","unproven_mapping_raw_catalog_hint"
"mailing_address_country","Address and Phone","aggregate-only","requires_direct_mapping_verification","select","True","mailing_same_as_home === no","ctl00_SiteContentPlaceHolder_FormView1_ddlMailCountry","unproven_mapping_raw_catalog_hint"
"primary_phone","Address and Phone","exact","selector_and_dom_attributes_compared","text","True",,"ctl00_SiteContentPlaceHolder_FormView1_tbxAPP_HOME_TEL",""
"secondary_phone","Address and Phone","aggregate-only","requires_direct_mapping_verification","text","True",,"ctl00_SiteContentPlaceHolder_FormView1_tbxAPP_MOBILE_TEL;ctl00_SiteContentPlaceHolder_FormView1_cbexAPP_MOBILE_TEL_NA","runner_primary_selector_did_not_resolve_to_raw_control_id"
"work_phone","Address and Phone","exact","selector_and_dom_attributes_compared","text","True",,"ctl00_SiteContentPlaceHolder_FormView1_tbxAPP_BUS_TEL;ctl00_SiteContentPlaceHolder_FormView1_cbexAPP_BUS_TEL_NA",""
"has_other_phones","Address and Phone","exact","selector_and_dom_attributes_compared","radio","True",,"ctl00_SiteContentPlaceHolder_FormView1_rblAddPhone_0;ctl00_SiteContentPlaceHolder_FormView1_rblAddPhone_1",""
"additional_phone","Address and Phone","aggregate-only","requires_direct_mapping_verification","text","True","has_other_phones === yes","ctl00_SiteContentPlaceHolder_FormView1_dtlAddPhone_ctl00_tbxAddPhoneInfo;ctl00_SiteContentPlaceHolder_FormView1_dtlAddPhone_ctl01_tbxAddPhoneInfo","runner_primary_selector_did_not_resolve_to_raw_control_id;unproven_mapping_label_fallback"
"email_address","Address and Phone","exact","selector_and_dom_attributes_compared","text","True",,"ctl00_SiteContentPlaceHolder_FormView1_tbxAPP_EMAIL_ADDR",""
"has_other_emails","Address and Phone","exact","selector_and_dom_attributes_compared","radio","True",,"ctl00_SiteContentPlaceHolder_FormView1_rblAddEmail_0;ctl00_SiteContentPlaceHolder_FormView1_rblAddEmail_1",""
"additional_email","Address and Phone","aggregate-only","requires_direct_mapping_verification","text","True","has_other_emails === yes","ctl00_SiteContentPlaceHolder_FormView1_dtlAddEmail_ctl00_tbxAddEmailInfo;ctl00_SiteContentPlaceHolder_FormView1_dtlAddEmail_ctl01_tbxAddEmailInfo","runner_primary_selector_did_not_resolve_to_raw_control_id;unproven_mapping_label_fallback"
"social_media_platform","Address and Phone","exact","selector_and_dom_attributes_compared","select","True",,"ctl00_SiteContentPlaceHolder_FormView1_dtlSocial_ctl00_ddlSocialMedia;ctl00_SiteContentPlaceHolder_FormView1_dtlSocial_ctl01_ddlSocialMedia",""
"social_media_handle","Address and Phone","exact","selector_and_dom_attributes_compared","text","True","social_media_platform !== NONE && social_media_platform !== null","ctl00_SiteContentPlaceHolder_FormView1_dtlSocial_ctl00_tbxSocialMediaIdent;ctl00_SiteContentPlaceHolder_FormView1_dtlSocial_ctl01_tbxSocialMediaIdent",""
"has_other_social_media","Address and Phone","exact","selector_and_dom_attributes_compared","radio","True",,"ctl00_SiteContentPlaceHolder_FormView1_rblAddSocial_0;ctl00_SiteContentPlaceHolder_FormView1_rblAddSocial_1",""
"other_social_media_name","Address and Phone","aggregate-only","requires_direct_mapping_verification","text","True","has_other_social_media === yes","ctl00_SiteContentPlaceHolder_FormView1_dtlAddSocial_ctl00_tbxAddSocialPlat;ctl00_SiteContentPlaceHolder_FormView1_dtlAddSocial_ctl01_tbxAddSocialPlat","unproven_mapping_raw_catalog_hint"
"other_social_media_identifier","Address and Phone","aggregate-only","requires_direct_mapping_verification","text","True","has_other_social_media === yes","ctl00_SiteContentPlaceHolder_FormView1_dtlAddSocial_ctl00_tbxAddSocialHand;ctl00_SiteContentPlaceHolder_FormView1_dtlAddSocial_ctl01_tbxAddSocialHand","unproven_mapping_raw_catalog_hint"
"passport_document_type","Passport Information","exact","selector_and_dom_attributes_compared","select","True",,"ctl00_SiteContentPlaceHolder_FormView1_ddlPPT_TYPE",""
"passport_document_type_explain","Passport Information","aggregate-only","requires_direct_mapping_verification","text","True","passport_document_type === other","","runner_selector_did_not_resolve_to_raw_control_id;journal_finding_has_no_concrete_raw_control_id"
"passport_number","Passport Information","exact","selector_and_dom_attributes_compared","text","True",,"ctl00_SiteContentPlaceHolder_FormView1_tbxPPT_NUM",""
"passport_book_number","Passport Information","exact","selector_and_dom_attributes_compared","text","True",,"ctl00_SiteContentPlaceHolder_FormView1_tbxPPT_BOOK_NUM;ctl00_SiteContentPlaceHolder_FormView1_cbexPPT_BOOK_NUM_NA",""
"passport_issuing_country","Passport Information","exact","selector_and_dom_attributes_compared","select","True",,"ctl00_SiteContentPlaceHolder_FormView1_ddlPPT_ISSUED_CNTRY",""
"passport_issuance_city","Passport Information","exact","selector_and_dom_attributes_compared","text","True",,"ctl00_SiteContentPlaceHolder_FormView1_tbxPPT_ISSUED_IN_CITY",""
"passport_issuance_state","Passport Information","exact","selector_and_dom_attributes_compared","text","False",,"ctl00_SiteContentPlaceHolder_FormView1_tbxPPT_ISSUED_IN_STATE",""
"passport_issuance_country","Passport Information","exact","selector_and_dom_attributes_compared","select","True",,"ctl00_SiteContentPlaceHolder_FormView1_ddlPPT_ISSUED_IN_CNTRY",""
"passport_issuance_date","Passport Information","exact","selector_and_dom_attributes_compared","date","True",,"ctl00_SiteContentPlaceHolder_FormView1_ddlPPT_ISSUED_DTEDay;ctl00_SiteContentPlaceHolder_FormView1_ddlPPT_ISSUED_DTEMonth;ctl00_SiteContentPlaceHolder_FormView1_tbxPPT_ISSUEDYear",""
"passport_expiration_date","Passport Information","exact","selector_and_dom_attributes_compared","date","True",,"ctl00_SiteContentPlaceHolder_FormView1_ddlPPT_EXPIRE_DTEDay;ctl00_SiteContentPlaceHolder_FormView1_ddlPPT_EXPIRE_DTEMonth;ctl00_SiteContentPlaceHolder_FormView1_tbxPPT_EXPIREYear;ctl00_SiteContentPlaceHolder_FormView1_cbxPPT_EXPIRE_NA",""
"lost_passport","Passport Information","exact","selector_and_dom_attributes_compared","radio","True",,"ctl00_SiteContentPlaceHolder_FormView1_rblLOST_PPT_IND_0;ctl00_SiteContentPlaceHolder_FormView1_rblLOST_PPT_IND_1",""
"lost_passport_number","Passport Information","exact","selector_and_dom_attributes_compared","text","True","lost_passport === yes","ctl00_SiteContentPlaceHolder_FormView1_dtlLostPPT_ctl00_tbxLOST_PPT_NUM;ctl00_SiteContentPlaceHolder_FormView1_dtlLostPPT_ctl00_cbxLOST_PPT_NUM_UNKN_IND;ctl00_SiteContentPlaceHolder_FormView1_dtlLostPPT_ctl01_tbxLOST_PPT_NUM;ctl00_SiteContentPlaceHolder_FormView1_dtlLostPPT_ctl01_cbxLOST_PPT_NUM_UNKN_IND",""
"lost_passport_country","Passport Information","aggregate-only","requires_direct_mapping_verification","select","True","lost_passport === yes","ctl00_SiteContentPlaceHolder_FormView1_ddlPPT_ISSUED_CNTRY;ctl00_SiteContentPlaceHolder_FormView1_dtlLostPPT_ctl00_ddlLOST_PPT_NATL;ctl00_SiteContentPlaceHolder_FormView1_dtlLostPPT_ctl01_ddlLOST_PPT_NATL","runner_primary_selector_did_not_resolve_to_raw_control_id;unproven_mapping_label_fallback"
"lost_passport_explain","Passport Information","aggregate-only","requires_direct_mapping_verification","textarea","True","lost_passport === yes","ctl00_SiteContentPlaceHolder_FormView1_tbxPptOtherExpl;ctl00_SiteContentPlaceHolder_FormView1_dtlLostPPT_ctl00_tbxLOST_PPT_EXPL;ctl00_SiteContentPlaceHolder_FormView1_dtlLostPPT_ctl01_tbxLOST_PPT_EXPL","runner_primary_selector_did_not_resolve_to_raw_control_id;unproven_mapping_label_fallback"
"father_surname","Family Information: Relatives","exact","selector_and_dom_attributes_compared","text","True",,"ctl00_SiteContentPlaceHolder_FormView1_tbxFATHER_SURNAME;ctl00_SiteContentPlaceHolder_FormView1_cbxFATHER_SURNAME_UNK_IND",""
"father_given_names","Family Information: Relatives","exact","selector_and_dom_attributes_compared","text","True",,"ctl00_SiteContentPlaceHolder_FormView1_tbxFATHER_GIVEN_NAME;ctl00_SiteContentPlaceHolder_FormView1_cbxFATHER_GIVEN_NAME_UNK_IND",""
"father_date_of_birth","Family Information: Relatives","exact","selector_and_dom_attributes_compared","date","True","father_surname !== DO_NOT_KNOW || father_given_names !== DO_NOT_KNOW","ctl00_SiteContentPlaceHolder_FormView1_ddlFathersDOBDay;ctl00_SiteContentPlaceHolder_FormView1_ddlFathersDOBMonth;ctl00_SiteContentPlaceHolder_FormView1_tbxFathersDOBYear;ctl00_SiteContentPlaceHolder_FormView1_cbxFATHER_DOB_UNK_IND",""
"mother_surname","Family Information: Relatives","exact","selector_and_dom_attributes_compared","text","True",,"ctl00_SiteContentPlaceHolder_FormView1_tbxMOTHER_SURNAME;ctl00_SiteContentPlaceHolder_FormView1_cbxMOTHER_SURNAME_UNK_IND",""
"mother_given_names","Family Information: Relatives","exact","selector_and_dom_attributes_compared","text","True",,"ctl00_SiteContentPlaceHolder_FormView1_tbxMOTHER_GIVEN_NAME;ctl00_SiteContentPlaceHolder_FormView1_cbxMOTHER_GIVEN_NAME_UNK_IND",""
"mother_date_of_birth","Family Information: Relatives","exact","selector_and_dom_attributes_compared","date","True","mother_surname !== DO_NOT_KNOW || mother_given_names !== DO_NOT_KNOW","ctl00_SiteContentPlaceHolder_FormView1_ddlMothersDOBDay;ctl00_SiteContentPlaceHolder_FormView1_ddlMothersDOBMonth;ctl00_SiteContentPlaceHolder_FormView1_tbxMothersDOBYear;ctl00_SiteContentPlaceHolder_FormView1_cbxMOTHER_DOB_UNK_IND",""
"has_immediate_us_relatives","Family Information: Relatives","exact","selector_and_dom_attributes_compared","radio","True",,"ctl00_SiteContentPlaceHolder_FormView1_rblUS_IMMED_RELATIVE_IND_0;ctl00_SiteContentPlaceHolder_FormView1_rblUS_IMMED_RELATIVE_IND_1",""
"us_relative_surname","Family Information: Relatives","exact","selector_and_dom_attributes_compared","text","True","has_immediate_us_relatives === yes","ctl00_SiteContentPlaceHolder_FormView1_dlUSRelatives_ctl00_tbxUS_REL_SURNAME;ctl00_SiteContentPlaceHolder_FormView1_dlUSRelatives_ctl01_tbxUS_REL_SURNAME",""
"us_relative_given_names","Family Information: Relatives","exact","selector_and_dom_attributes_compared","text","True","has_immediate_us_relatives === yes","ctl00_SiteContentPlaceHolder_FormView1_dlUSRelatives_ctl00_tbxUS_REL_GIVEN_NAME;ctl00_SiteContentPlaceHolder_FormView1_dlUSRelatives_ctl01_tbxUS_REL_GIVEN_NAME",""
"us_relative_relationship","Family Information: Relatives","aggregate-only","requires_direct_mapping_verification","select","True","has_immediate_us_relatives === yes","ctl00_SiteContentPlaceHolder_FormView1_dlUSRelatives_ctl00_ddlUS_REL_TYPE;ctl00_SiteContentPlaceHolder_FormView1_dlUSRelatives_ctl01_ddlUS_REL_TYPE","runner_primary_selector_did_not_resolve_to_raw_control_id;unproven_mapping_label_fallback"
"us_relative_status","Family Information: Relatives","exact","selector_and_dom_attributes_compared","select","True","has_immediate_us_relatives === yes","ctl00_SiteContentPlaceHolder_FormView1_dlUSRelatives_ctl00_ddlUS_REL_STATUS;ctl00_SiteContentPlaceHolder_FormView1_dlUSRelatives_ctl01_ddlUS_REL_STATUS",""
"has_other_us_relatives","Family Information: Relatives","exact","selector_and_dom_attributes_compared","radio","True","has_immediate_us_relatives === no","ctl00_SiteContentPlaceHolder_FormView1_rblUS_OTHER_RELATIVE_IND_0;ctl00_SiteContentPlaceHolder_FormView1_rblUS_OTHER_RELATIVE_IND_1",""
"spouse_surname","Family Information: Spouse","exact","selector_and_dom_attributes_compared","text","True","marital_status === married || marital_status === legally_separated || marital_status === common_law","ctl00_SiteContentPlaceHolder_FormView1_tbxSpouseSurname",""
"spouse_given_names","Family Information: Spouse","exact","selector_and_dom_attributes_compared","text","True","marital_status === married || marital_status === legally_separated || marital_status === common_law","ctl00_SiteContentPlaceHolder_FormView1_tbxSpouseGivenName",""
"spouse_date_of_birth","Family Information: Spouse","aggregate-only","requires_direct_mapping_verification","date","True","marital_status === married || marital_status === legally_separated || marital_status === common_law","ctl00_SiteContentPlaceHolder_FormView1_ddlDOBDay;ctl00_SiteContentPlaceHolder_FormView1_ddlDOBMonth;ctl00_SiteContentPlaceHolder_FormView1_tbxDOBYear","unproven_mapping_raw_catalog_hint"
"spouse_nationality","Family Information: Spouse","aggregate-only","requires_direct_mapping_verification","select","True","marital_status === married || marital_status === legally_separated || marital_status === common_law","","runner_selector_did_not_resolve_to_raw_control_id;journal_finding_has_no_concrete_raw_control_id"
"spouse_city_of_birth","Family Information: Spouse","exact","selector_and_dom_attributes_compared","text","True","marital_status === married || marital_status === legally_separated || marital_status === common_law","ctl00_SiteContentPlaceHolder_FormView1_tbxSpousePOBCity;ctl00_SiteContentPlaceHolder_FormView1_cbexSPOUSE_POB_CITY_NA",""
"spouse_country_of_birth","Family Information: Spouse","aggregate-only","requires_direct_mapping_verification","select","True","marital_status === married || marital_status === legally_separated || marital_status === common_law","","runner_selector_did_not_resolve_to_raw_control_id;journal_finding_has_no_concrete_raw_control_id"
"spouse_address_type","Family Information: Spouse","exact","selector_and_dom_attributes_compared","select","True","marital_status === married || marital_status === legally_separated || marital_status === common_law","ctl00_SiteContentPlaceHolder_FormView1_ddlSpouseAddressType",""
"spouse_address_street1","Family Information: Spouse","exact","selector_and_dom_attributes_compared","text","True","spouse_address_type === other","ctl00_SiteContentPlaceHolder_FormView1_tbxSPOUSE_ADDR_LN1",""
"spouse_address_street2","Family Information: Spouse","exact","selector_and_dom_attributes_compared","text","False","spouse_address_type === other","ctl00_SiteContentPlaceHolder_FormView1_tbxSPOUSE_ADDR_LN2",""
"spouse_address_city","Family Information: Spouse","exact","selector_and_dom_attributes_compared","text","True","spouse_address_type === other","ctl00_SiteContentPlaceHolder_FormView1_tbxSPOUSE_ADDR_CITY",""
"spouse_address_state","Family Information: Spouse","exact","selector_and_dom_attributes_compared","text","True","spouse_address_type === other","ctl00_SiteContentPlaceHolder_FormView1_tbxSPOUSE_ADDR_STATE;ctl00_SiteContentPlaceHolder_FormView1_cbexSPOUSE_ADDR_STATE_NA",""
"spouse_address_zip","Family Information: Spouse","exact","selector_and_dom_attributes_compared","text","True","spouse_address_type === other","ctl00_SiteContentPlaceHolder_FormView1_tbxSPOUSE_ADDR_POSTAL_CD;ctl00_SiteContentPlaceHolder_FormView1_cbexSPOUSE_ADDR_POSTAL_CD_NA",""
"spouse_address_country","Family Information: Spouse","aggregate-only","requires_direct_mapping_verification","select","True","spouse_address_type === other","ctl00_SiteContentPlaceHolder_FormView1_ddlSPOUSE_ADDR_CNTRY","runner_primary_selector_did_not_resolve_to_raw_control_id;unproven_mapping_label_fallback"
"partner_surname","Family Information: Partner","aggregate-only","requires_direct_mapping_verification","text","True","marital_status === civil_union","ctl00_SiteContentPlaceHolder_FormView1_tbxSpouseSurname","runner_primary_selector_did_not_resolve_to_raw_control_id;unproven_mapping_label_fallback"
"partner_given_names","Family Information: Partner","aggregate-only","requires_direct_mapping_verification","text","True","marital_status === civil_union","ctl00_SiteContentPlaceHolder_FormView1_tbxSpouseGivenName","runner_primary_selector_did_not_resolve_to_raw_control_id;unproven_mapping_label_fallback"
"partner_date_of_birth","Family Information: Partner","aggregate-only","requires_direct_mapping_verification","date","True","marital_status === civil_union","","runner_selector_did_not_resolve_to_raw_control_id;journal_finding_has_no_concrete_raw_control_id"
"partner_nationality","Family Information: Partner","aggregate-only","requires_direct_mapping_verification","select","True","marital_status === civil_union","","runner_selector_did_not_resolve_to_raw_control_id;journal_finding_has_no_concrete_raw_control_id"
"partner_city_of_birth","Family Information: Partner","aggregate-only","requires_direct_mapping_verification","text","True","marital_status === civil_union","ctl00_SiteContentPlaceHolder_FormView1_cbexSPOUSE_POB_CITY_NA","runner_primary_selector_did_not_resolve_to_raw_control_id"
"partner_country_of_birth","Family Information: Partner","aggregate-only","requires_direct_mapping_verification","select","True","marital_status === civil_union","","runner_selector_did_not_resolve_to_raw_control_id;journal_finding_has_no_concrete_raw_control_id"
"partner_address_type","Family Information: Partner","aggregate-only","requires_direct_mapping_verification","select","True","marital_status === civil_union","ctl00_SiteContentPlaceHolder_FormView1_ddlSpouseAddressType","runner_primary_selector_did_not_resolve_to_raw_control_id;unproven_mapping_label_fallback"
"partner_address_street1","Family Information: Partner","aggregate-only","requires_direct_mapping_verification","text","True","partner_address_type === other","ctl00_SiteContentPlaceHolder_FormView1_tbxSPOUSE_ADDR_LN1;ctl00_SiteContentPlaceHolder_FormView1_tbxSPOUSE_ADDR_LN2","runner_primary_selector_did_not_resolve_to_raw_control_id;unproven_mapping_label_fallback"
"partner_address_street2","Family Information: Partner","aggregate-only","requires_direct_mapping_verification","text","False","partner_address_type === other","ctl00_SiteContentPlaceHolder_FormView1_tbxSPOUSE_ADDR_LN1;ctl00_SiteContentPlaceHolder_FormView1_tbxSPOUSE_ADDR_LN2","runner_primary_selector_did_not_resolve_to_raw_control_id;unproven_mapping_label_fallback"
"partner_address_city","Family Information: Partner","aggregate-only","requires_direct_mapping_verification","text","True","partner_address_type === other","ctl00_SiteContentPlaceHolder_FormView1_tbxSPOUSE_ADDR_CITY","unproven_mapping_label_fallback;unproven_mapping_raw_catalog_hint"
"partner_address_state","Family Information: Partner","aggregate-only","requires_direct_mapping_verification","text","True","partner_address_type === other","ctl00_SiteContentPlaceHolder_FormView1_tbxSPOUSE_ADDR_STATE;ctl00_SiteContentPlaceHolder_FormView1_cbexSPOUSE_ADDR_STATE_NA","runner_primary_selector_did_not_resolve_to_raw_control_id"
"partner_address_zip","Family Information: Partner","aggregate-only","requires_direct_mapping_verification","text","True","partner_address_type === other","ctl00_SiteContentPlaceHolder_FormView1_tbxSPOUSE_ADDR_POSTAL_CD;ctl00_SiteContentPlaceHolder_FormView1_cbexSPOUSE_ADDR_POSTAL_CD_NA","runner_primary_selector_did_not_resolve_to_raw_control_id"
"partner_address_country","Family Information: Partner","aggregate-only","requires_direct_mapping_verification","select","True","partner_address_type === other","ctl00_SiteContentPlaceHolder_FormView1_ddlSPOUSE_ADDR_CNTRY","runner_primary_selector_did_not_resolve_to_raw_control_id;unproven_mapping_label_fallback"
"deceased_spouse_surname","Family Information: Deceased Spouse","aggregate-only","requires_direct_mapping_verification","text","True","marital_status === widowed","ctl00_SiteContentPlaceHolder_FormView1_tbxSURNAME","unproven_mapping_raw_catalog_hint"
"deceased_spouse_given_names","Family Information: Deceased Spouse","aggregate-only","requires_direct_mapping_verification","text","True","marital_status === widowed","ctl00_SiteContentPlaceHolder_FormView1_tbxGIVEN_NAME","unproven_mapping_raw_catalog_hint"
"deceased_spouse_date_of_birth","Family Information: Deceased Spouse","aggregate-only","requires_direct_mapping_verification","date","True","marital_status === widowed","ctl00_SiteContentPlaceHolder_FormView1_ddlDOBDay;ctl00_SiteContentPlaceHolder_FormView1_ddlDOBMonth;ctl00_SiteContentPlaceHolder_FormView1_tbxDOBYear","unproven_mapping_raw_catalog_hint"
"deceased_spouse_nationality","Family Information: Deceased Spouse","aggregate-only","requires_direct_mapping_verification","select","True","marital_status === widowed","ctl00_SiteContentPlaceHolder_FormView1_ddlSpouseNatDropDownList","unproven_mapping_raw_catalog_hint"
"deceased_spouse_city_of_birth","Family Information: Deceased Spouse","aggregate-only","requires_direct_mapping_verification","text","True","marital_status === widowed","ctl00_SiteContentPlaceHolder_FormView1_cbxSPOUSE_POB_CITY_NA;ctl00_SiteContentPlaceHolder_FormView1_tbxSpousePOBCity","unproven_mapping_raw_catalog_hint"
"deceased_spouse_country_of_birth","Family Information: Deceased Spouse","aggregate-only","requires_direct_mapping_verification","select","True","marital_status === widowed","ctl00_SiteContentPlaceHolder_FormView1_ddlSpousePOBCountry","unproven_mapping_raw_catalog_hint"
"number_of_former_spouses","Family Information: Former Spouse","aggregate-only","requires_direct_mapping_verification","text","True","marital_status === divorced","ctl00_SiteContentPlaceHolder_FormView1_tbxNumberOfPrevSpouses","unproven_mapping_raw_catalog_hint"
"former_spouse_surname","Family Information: Former Spouse","aggregate-only","requires_direct_mapping_verification","text","True","marital_status === divorced","ctl00_SiteContentPlaceHolder_FormView1_DListSpouse_ctl00_tbxSURNAME;ctl00_SiteContentPlaceHolder_FormView1_DListSpouse_ctl01_tbxSURNAME","unproven_mapping_raw_catalog_hint"
"former_spouse_given_names","Family Information: Former Spouse","aggregate-only","requires_direct_mapping_verification","text","True","marital_status === divorced","ctl00_SiteContentPlaceHolder_FormView1_DListSpouse_ctl00_tbxGIVEN_NAME;ctl00_SiteContentPlaceHolder_FormView1_DListSpouse_ctl01_tbxGIVEN_NAME","unproven_mapping_raw_catalog_hint"
"former_spouse_date_of_birth","Family Information: Former Spouse","aggregate-only","requires_direct_mapping_verification","date","True","marital_status === divorced","ctl00_SiteContentPlaceHolder_FormView1_DListSpouse_ctl00_ddlDOBDay;ctl00_SiteContentPlaceHolder_FormView1_DListSpouse_ctl00_ddlDOBMonth;ctl00_SiteContentPlaceHolder_FormView1_DListSpouse_ctl00_tbxDOBYear;ctl00_SiteContentPlaceHolder_FormView1_DListSpouse_ctl01_ddlDOBDay;ctl00_SiteContentPlaceHolder_FormView1_DListSpouse_ctl01_ddlDOBMonth;ctl00_SiteContentPlaceHolder_FormView1_DListSpouse_ctl01_tbxDOBYear","unproven_mapping_raw_catalog_hint"
"former_spouse_nationality","Family Information: Former Spouse","aggregate-only","requires_direct_mapping_verification","select","True","marital_status === divorced","ctl00_SiteContentPlaceHolder_FormView1_DListSpouse_ctl00_ddlSpouseNatDropDownList;ctl00_SiteContentPlaceHolder_FormView1_DListSpouse_ctl01_ddlSpouseNatDropDownList","unproven_mapping_raw_catalog_hint"
"former_spouse_city_of_birth","Family Information: Former Spouse","aggregate-only","requires_direct_mapping_verification","text","True","marital_status === divorced","ctl00_SiteContentPlaceHolder_FormView1_DListSpouse_ctl00_cbxSPOUSE_POB_CITY_NA;ctl00_SiteContentPlaceHolder_FormView1_DListSpouse_ctl00_tbxSpousePOBCity;ctl00_SiteContentPlaceHolder_FormView1_DListSpouse_ctl01_tbxSpousePOBCity;ctl00_SiteContentPlaceHolder_FormView1_DListSpouse_ctl01_cbxSPOUSE_POB_CITY_NA","unproven_mapping_raw_catalog_hint"
"former_spouse_country_of_birth","Family Information: Former Spouse","aggregate-only","requires_direct_mapping_verification","select","True","marital_status === divorced","ctl00_SiteContentPlaceHolder_FormView1_DListSpouse_ctl00_ddlSpousePOBCountry;ctl00_SiteContentPlaceHolder_FormView1_DListSpouse_ctl01_ddlSpousePOBCountry","unproven_mapping_raw_catalog_hint"
"former_spouse_date_of_marriage","Family Information: Former Spouse","aggregate-only","requires_direct_mapping_verification","date","True","marital_status === divorced","ctl00_SiteContentPlaceHolder_FormView1_DListSpouse_ctl00_ddlDomDay;ctl00_SiteContentPlaceHolder_FormView1_DListSpouse_ctl00_ddlDomMonth;ctl00_SiteContentPlaceHolder_FormView1_DListSpouse_ctl00_txtDomYear;ctl00_SiteContentPlaceHolder_FormView1_DListSpouse_ctl01_ddlDomDay;ctl00_SiteContentPlaceHolder_FormView1_DListSpouse_ctl01_ddlDomMonth;ctl00_SiteContentPlaceHolder_FormView1_DListSpouse_ctl01_txtDomYear","unproven_mapping_raw_catalog_hint"
"former_spouse_date_marriage_ended","Family Information: Former Spouse","aggregate-only","requires_direct_mapping_verification","date","True","marital_status === divorced","ctl00_SiteContentPlaceHolder_FormView1_DListSpouse_ctl00_ddlDomEndDay;ctl00_SiteContentPlaceHolder_FormView1_DListSpouse_ctl00_ddlDomEndMonth;ctl00_SiteContentPlaceHolder_FormView1_DListSpouse_ctl00_txtDomEndYear;ctl00_SiteContentPlaceHolder_FormView1_DListSpouse_ctl01_ddlDomEndDay;ctl00_SiteContentPlaceHolder_FormView1_DListSpouse_ctl01_ddlDomEndMonth;ctl00_SiteContentPlaceHolder_FormView1_DListSpouse_ctl01_txtDomEndYear","unproven_mapping_raw_catalog_hint"
"former_spouse_how_marriage_ended","Family Information: Former Spouse","aggregate-only","requires_direct_mapping_verification","textarea","True","marital_status === divorced","ctl00_SiteContentPlaceHolder_FormView1_DListSpouse_ctl00_tbxHowMarriageEnded;ctl00_SiteContentPlaceHolder_FormView1_DListSpouse_ctl01_tbxHowMarriageEnded","unproven_mapping_raw_catalog_hint"
"former_spouse_country_marriage_terminated","Family Information: Former Spouse","aggregate-only","requires_direct_mapping_verification","select","True","marital_status === divorced","ctl00_SiteContentPlaceHolder_FormView1_DListSpouse_ctl00_ddlMarriageEnded_CNTRY;ctl00_SiteContentPlaceHolder_FormView1_DListSpouse_ctl01_ddlMarriageEnded_CNTRY","unproven_mapping_label_fallback;unproven_mapping_raw_catalog_hint"
"us_contact_surname","US Point of Contact","exact","selector_and_dom_attributes_compared","text","True","has_specific_plans !== no || intended_length_of_stay_unit !== H","ctl00_SiteContentPlaceHolder_FormView1_tbxUS_POC_SURNAME;ctl00_SiteContentPlaceHolder_FormView1_cbxUS_POC_NAME_NA",""
"us_contact_given_names","US Point of Contact","exact","selector_and_dom_attributes_compared","text","True","has_specific_plans !== no || intended_length_of_stay_unit !== H","ctl00_SiteContentPlaceHolder_FormView1_tbxUS_POC_GIVEN_NAME;ctl00_SiteContentPlaceHolder_FormView1_cbxUS_POC_NAME_NA",""
"us_contact_organization","US Point of Contact","exact","selector_and_dom_attributes_compared","text","True","has_specific_plans !== no || intended_length_of_stay_unit !== H","ctl00_SiteContentPlaceHolder_FormView1_tbxUS_POC_ORGANIZATION;ctl00_SiteContentPlaceHolder_FormView1_cbxUS_POC_ORG_NA_IND",""
"us_contact_relationship","US Point of Contact","exact","selector_and_dom_attributes_compared","select","True","has_specific_plans !== no || intended_length_of_stay_unit !== H","ctl00_SiteContentPlaceHolder_FormView1_ddlUS_POC_REL_TO_APP",""
"us_contact_address_street1","US Point of Contact","exact","selector_and_dom_attributes_compared","text","True","has_specific_plans !== no && us_contact_relationship !== _empty || intended_length_of_stay_unit !== H && us_contact_relationship !== _empty","ctl00_SiteContentPlaceHolder_FormView1_tbxUS_POC_ADDR_LN1",""
"us_contact_address_street2","US Point of Contact","exact","selector_and_dom_attributes_compared","text","False","has_specific_plans !== no && us_contact_relationship !== _empty || intended_length_of_stay_unit !== H && us_contact_relationship !== _empty","ctl00_SiteContentPlaceHolder_FormView1_tbxUS_POC_ADDR_LN2",""
"us_contact_city","US Point of Contact","exact","selector_and_dom_attributes_compared","text","True","has_specific_plans !== no && us_contact_relationship !== _empty || intended_length_of_stay_unit !== H && us_contact_relationship !== _empty","ctl00_SiteContentPlaceHolder_FormView1_tbxUS_POC_ADDR_CITY",""
"us_contact_state","US Point of Contact","exact","selector_and_dom_attributes_compared","select","True","has_specific_plans !== no && us_contact_relationship !== _empty || intended_length_of_stay_unit !== H && us_contact_relationship !== _empty","ctl00_SiteContentPlaceHolder_FormView1_ddlUS_POC_ADDR_STATE",""
"us_contact_zip","US Point of Contact","exact","selector_and_dom_attributes_compared","text","False","has_specific_plans !== no && us_contact_relationship !== _empty || intended_length_of_stay_unit !== H && us_contact_relationship !== _empty","ctl00_SiteContentPlaceHolder_FormView1_tbxUS_POC_ADDR_POSTAL_CD",""
"us_contact_phone","US Point of Contact","exact","selector_and_dom_attributes_compared","text","True","has_specific_plans !== no && us_contact_relationship !== _empty || intended_length_of_stay_unit !== H && us_contact_relationship !== _empty","ctl00_SiteContentPlaceHolder_FormView1_tbxUS_POC_HOME_TEL",""
"us_contact_email","US Point of Contact","exact","selector_and_dom_attributes_compared","text","True","has_specific_plans !== no && us_contact_relationship !== _empty || intended_length_of_stay_unit !== H && us_contact_relationship !== _empty","ctl00_SiteContentPlaceHolder_FormView1_tbxUS_POC_EMAIL_ADDR;ctl00_SiteContentPlaceHolder_FormView1_cbexUS_POC_EMAIL_ADDR_NA",""
"primary_occupation","Work/Education/Training: Present","exact","selector_and_dom_attributes_compared","select","True",,"ctl00_SiteContentPlaceHolder_FormView1_ddlPresentOccupation",""
"occupation_other_explain","Work/Education/Training: Present","aggregate-only","requires_direct_mapping_verification","text","True","primary_occupation === other","","runner_selector_did_not_resolve_to_raw_control_id;journal_finding_has_no_concrete_raw_control_id"
"not_employed_explain","Work/Education/Training: Present","aggregate-only","requires_direct_mapping_verification","textarea","True","primary_occupation === not_employed","ctl00_SiteContentPlaceHolder_FormView1_tbxExplainOtherPresentOccupation","runner_primary_selector_did_not_resolve_to_raw_control_id;unproven_mapping_label_fallback"
"employer_name","Work/Education/Training: Present","exact","selector_and_dom_attributes_compared","text","True","primary_occupation !== _empty && primary_occupation !== retired && primary_occupation !== homemaker && primary_occupation !== not_employed","ctl00_SiteContentPlaceHolder_FormView1_tbxEmpSchName",""
"employer_address_line1","Work/Education/Training: Present","exact","selector_and_dom_attributes_compared","text","True","primary_occupation !== _empty && primary_occupation !== retired && primary_occupation !== homemaker && primary_occupation !== not_employed","ctl00_SiteContentPlaceHolder_FormView1_tbxEmpSchAddr1",""
"employer_address_line2","Work/Education/Training: Present","exact","selector_and_dom_attributes_compared","text","False","primary_occupation !== _empty && primary_occupation !== retired && primary_occupation !== homemaker && primary_occupation !== not_employed","ctl00_SiteContentPlaceHolder_FormView1_tbxEmpSchAddr2",""
"employer_city","Work/Education/Training: Present","exact","selector_and_dom_attributes_compared","text","True","primary_occupation !== _empty && primary_occupation !== retired && primary_occupation !== homemaker && primary_occupation !== not_employed","ctl00_SiteContentPlaceHolder_FormView1_tbxEmpSchCity",""
"employer_state_province","Work/Education/Training: Present","exact","selector_and_dom_attributes_compared","text","True","primary_occupation !== _empty && primary_occupation !== retired && primary_occupation !== homemaker && primary_occupation !== not_employed","ctl00_SiteContentPlaceHolder_FormView1_tbxWORK_EDUC_ADDR_STATE;ctl00_SiteContentPlaceHolder_FormView1_cbxWORK_EDUC_ADDR_STATE_NA",""
"employer_postal_code","Work/Education/Training: Present","exact","selector_and_dom_attributes_compared","text","True","primary_occupation !== _empty && primary_occupation !== retired && primary_occupation !== homemaker && primary_occupation !== not_employed","ctl00_SiteContentPlaceHolder_FormView1_tbxWORK_EDUC_ADDR_POSTAL_CD;ctl00_SiteContentPlaceHolder_FormView1_cbxWORK_EDUC_ADDR_POSTAL_CD_NA",""
"employer_country","Work/Education/Training: Present","exact","selector_and_dom_attributes_compared","select","True","primary_occupation !== _empty && primary_occupation !== retired && primary_occupation !== homemaker && primary_occupation !== not_employed","ctl00_SiteContentPlaceHolder_FormView1_ddlEmpSchCountry",""
"employer_phone","Work/Education/Training: Present","exact","selector_and_dom_attributes_compared","text","True","primary_occupation !== _empty && primary_occupation !== retired && primary_occupation !== homemaker && primary_occupation !== not_employed","ctl00_SiteContentPlaceHolder_FormView1_tbxWORK_EDUC_TEL",""
"employment_start_date","Work/Education/Training: Present","exact","selector_and_dom_attributes_compared","date","True","primary_occupation !== _empty && primary_occupation !== retired && primary_occupation !== homemaker && primary_occupation !== not_employed","ctl00_SiteContentPlaceHolder_FormView1_ddlEmpDateFromDay;ctl00_SiteContentPlaceHolder_FormView1_ddlEmpDateFromMonth;ctl00_SiteContentPlaceHolder_FormView1_tbxEmpDateFromYear",""
"monthly_salary","Work/Education/Training: Present","exact","selector_and_dom_attributes_compared","text","True","primary_occupation !== _empty && primary_occupation !== retired && primary_occupation !== homemaker && primary_occupation !== not_employed","ctl00_SiteContentPlaceHolder_FormView1_tbxCURR_MONTHLY_SALARY;ctl00_SiteContentPlaceHolder_FormView1_cbxCURR_MONTHLY_SALARY_NA",""
"job_duties","Work/Education/Training: Present","exact","selector_and_dom_attributes_compared","textarea","True","primary_occupation !== _empty && primary_occupation !== retired && primary_occupation !== homemaker && primary_occupation !== not_employed","ctl00_SiteContentPlaceHolder_FormView1_tbxDescribeDuties",""
"has_previous_employer","Work/Education/Training: Previous","exact","selector_and_dom_attributes_compared","radio","True",,"ctl00_SiteContentPlaceHolder_FormView1_rblPreviouslyEmployed_0;ctl00_SiteContentPlaceHolder_FormView1_rblPreviouslyEmployed_1",""
"prev_employer_name","Work/Education/Training: Previous","exact","selector_and_dom_attributes_compared","text","True","has_previous_employer === yes","ctl00_SiteContentPlaceHolder_FormView1_dtlPrevEmpl_ctl00_tbEmployerName;ctl00_SiteContentPlaceHolder_FormView1_dtlPrevEmpl_ctl01_tbEmployerName",""
"prev_employer_address_street1","Work/Education/Training: Previous","aggregate-only","requires_direct_mapping_verification","text","True","has_previous_employer === yes","ctl00_SiteContentPlaceHolder_FormView1_dtlPrevEmpl_ctl00_tbEmployerStreetAddress1;ctl00_SiteContentPlaceHolder_FormView1_dtlPrevEmpl_ctl00_tbEmployerStreetAddress2;ctl00_SiteContentPlaceHolder_FormView1_dtlPrevEduc_ctl00_tbxSchoolAddr1;ctl00_SiteContentPlaceHolder_FormView1_dtlPrevEduc_ctl00_tbxSchoolAddr2;ctl00_SiteContentPlaceHolder_FormView1_dtlPrevEmpl_ctl01_tbEmployerStreetAddress1;ctl00_SiteContentPlaceHolder_FormView1_dtlPrevEmpl_ctl01_tbEmployerStreetAddress2;ctl00_SiteContentPlaceHolder_FormView1_dtlPrevEduc_ctl01_tbxSchoolAddr1;ctl00_SiteContentPlaceHolder_FormView1_dtlPrevEduc_ctl01_tbxSchoolAddr2","runner_primary_selector_did_not_resolve_to_raw_control_id;unproven_mapping_label_fallback"
"prev_employer_address_street2","Work/Education/Training: Previous","aggregate-only","requires_direct_mapping_verification","text","False","has_previous_employer === yes","ctl00_SiteContentPlaceHolder_FormView1_dtlPrevEmpl_ctl00_tbEmployerStreetAddress1;ctl00_SiteContentPlaceHolder_FormView1_dtlPrevEmpl_ctl00_tbEmployerStreetAddress2;ctl00_SiteContentPlaceHolder_FormView1_dtlPrevEduc_ctl00_tbxSchoolAddr1;ctl00_SiteContentPlaceHolder_FormView1_dtlPrevEduc_ctl00_tbxSchoolAddr2;ctl00_SiteContentPlaceHolder_FormView1_dtlPrevEmpl_ctl01_tbEmployerStreetAddress1;ctl00_SiteContentPlaceHolder_FormView1_dtlPrevEmpl_ctl01_tbEmployerStreetAddress2;ctl00_SiteContentPlaceHolder_FormView1_dtlPrevEduc_ctl01_tbxSchoolAddr1;ctl00_SiteContentPlaceHolder_FormView1_dtlPrevEduc_ctl01_tbxSchoolAddr2","runner_primary_selector_did_not_resolve_to_raw_control_id;unproven_mapping_label_fallback"
"prev_employer_city","Work/Education/Training: Previous","aggregate-only","requires_direct_mapping_verification","text","True","has_previous_employer === yes","ctl00_SiteContentPlaceHolder_FormView1_dtlPrevEmpl_ctl00_tbEmployerCity;ctl00_SiteContentPlaceHolder_FormView1_dtlPrevEduc_ctl00_tbxSchoolCity;ctl00_SiteContentPlaceHolder_FormView1_dtlPrevEmpl_ctl01_tbEmployerCity;ctl00_SiteContentPlaceHolder_FormView1_dtlPrevEduc_ctl01_tbxSchoolCity","runner_primary_selector_did_not_resolve_to_raw_control_id;unproven_mapping_label_fallback"
"prev_employer_state","Work/Education/Training: Previous","aggregate-only","requires_direct_mapping_verification","text","True","has_previous_employer === yes","ctl00_SiteContentPlaceHolder_FormView1_dtlPrevEmpl_ctl00_tbxPREV_EMPL_ADDR_STATE;ctl00_SiteContentPlaceHolder_FormView1_dtlPrevEduc_ctl00_tbxEDUC_INST_ADDR_STATE;ctl00_SiteContentPlaceHolder_FormView1_dtlPrevEmpl_ctl01_tbxPREV_EMPL_ADDR_STATE;ctl00_SiteContentPlaceHolder_FormView1_dtlPrevEduc_ctl01_tbxEDUC_INST_ADDR_STATE;ctl00_SiteContentPlaceHolder_FormView1_dtlPrevEmpl_ctl00_cbxPREV_EMPL_ADDR_STATE_NA;ctl00_SiteContentPlaceHolder_FormView1_dtlPrevEmpl_ctl01_cbxPREV_EMPL_ADDR_STATE_NA","runner_primary_selector_did_not_resolve_to_raw_control_id"
"prev_employer_postal","Work/Education/Training: Previous","aggregate-only","requires_direct_mapping_verification","text","True","has_previous_employer === yes","ctl00_SiteContentPlaceHolder_FormView1_dtlPrevEmpl_ctl00_tbxPREV_EMPL_ADDR_POSTAL_CD;ctl00_SiteContentPlaceHolder_FormView1_dtlPrevEduc_ctl00_tbxEDUC_INST_POSTAL_CD;ctl00_SiteContentPlaceHolder_FormView1_dtlPrevEmpl_ctl01_tbxPREV_EMPL_ADDR_POSTAL_CD;ctl00_SiteContentPlaceHolder_FormView1_dtlPrevEduc_ctl01_tbxEDUC_INST_POSTAL_CD;ctl00_SiteContentPlaceHolder_FormView1_dtlPrevEmpl_ctl00_cbxPREV_EMPL_ADDR_POSTAL_CD_NA;ctl00_SiteContentPlaceHolder_FormView1_dtlPrevEmpl_ctl01_cbxPREV_EMPL_ADDR_POSTAL_CD_NA","runner_primary_selector_did_not_resolve_to_raw_control_id"
"prev_employer_country","Work/Education/Training: Previous","aggregate-only","requires_direct_mapping_verification","select","True","has_previous_employer === yes","ctl00_SiteContentPlaceHolder_FormView1_dtlPrevEmpl_ctl00_DropDownList2;ctl00_SiteContentPlaceHolder_FormView1_dtlPrevEduc_ctl00_ddlSchoolCountry;ctl00_SiteContentPlaceHolder_FormView1_dtlPrevEmpl_ctl01_DropDownList2;ctl00_SiteContentPlaceHolder_FormView1_dtlPrevEduc_ctl01_ddlSchoolCountry","runner_primary_selector_did_not_resolve_to_raw_control_id;unproven_mapping_label_fallback"
"prev_employer_phone","Work/Education/Training: Previous","aggregate-only","requires_direct_mapping_verification","text","True","has_previous_employer === yes","ctl00_SiteContentPlaceHolder_FormView1_dtlPrevEmpl_ctl00_tbEmployerPhone;ctl00_SiteContentPlaceHolder_FormView1_dtlPrevEmpl_ctl01_tbEmployerPhone","runner_primary_selector_did_not_resolve_to_raw_control_id;unproven_mapping_label_fallback"
"prev_job_title","Work/Education/Training: Previous","aggregate-only","requires_direct_mapping_verification","text","True","has_previous_employer === yes","ctl00_SiteContentPlaceHolder_FormView1_dtlPrevEmpl_ctl00_tbJobTitle;ctl00_SiteContentPlaceHolder_FormView1_dtlPrevEmpl_ctl01_tbJobTitle","runner_primary_selector_did_not_resolve_to_raw_control_id;unproven_mapping_label_fallback"
"prev_supervisor_surname","Work/Education/Training: Previous","aggregate-only","requires_direct_mapping_verification","text","True","has_previous_employer === yes","ctl00_SiteContentPlaceHolder_FormView1_dtlPrevEmpl_ctl00_tbSupervisorSurname;ctl00_SiteContentPlaceHolder_FormView1_dtlPrevEmpl_ctl01_tbSupervisorSurname;ctl00_SiteContentPlaceHolder_FormView1_dtlPrevEmpl_ctl00_cbxSupervisorSurname_NA;ctl00_SiteContentPlaceHolder_FormView1_dtlPrevEmpl_ctl01_cbxSupervisorSurname_NA","runner_primary_selector_did_not_resolve_to_raw_control_id"
"prev_supervisor_given_names","Work/Education/Training: Previous","aggregate-only","requires_direct_mapping_verification","text","True","has_previous_employer === yes","ctl00_SiteContentPlaceHolder_FormView1_dtlPrevEmpl_ctl00_tbSupervisorGivenName;ctl00_SiteContentPlaceHolder_FormView1_dtlPrevEmpl_ctl01_tbSupervisorGivenName;ctl00_SiteContentPlaceHolder_FormView1_dtlPrevEmpl_ctl00_cbxSupervisorGivenName_NA;ctl00_SiteContentPlaceHolder_FormView1_dtlPrevEmpl_ctl01_cbxSupervisorGivenName_NA","runner_primary_selector_did_not_resolve_to_raw_control_id"
"prev_employment_start_date","Work/Education/Training: Previous","aggregate-only","requires_direct_mapping_verification","date","True","has_previous_employer === yes","","runner_selector_did_not_resolve_to_raw_control_id;journal_finding_has_no_concrete_raw_control_id"
"prev_employment_end_date","Work/Education/Training: Previous","aggregate-only","requires_direct_mapping_verification","date","True","has_previous_employer === yes","","runner_selector_did_not_resolve_to_raw_control_id;journal_finding_has_no_concrete_raw_control_id"
"prev_job_duties","Work/Education/Training: Previous","aggregate-only","requires_direct_mapping_verification","textarea","True","has_previous_employer === yes","ctl00_SiteContentPlaceHolder_FormView1_dtlPrevEmpl_ctl00_tbDescribeDuties;ctl00_SiteContentPlaceHolder_FormView1_dtlPrevEmpl_ctl01_tbDescribeDuties","runner_primary_selector_did_not_resolve_to_raw_control_id;unproven_mapping_label_fallback"
"has_attended_education","Work/Education/Training: Previous","exact","selector_and_dom_attributes_compared","radio","True",,"ctl00_SiteContentPlaceHolder_FormView1_rblOtherEduc_0;ctl00_SiteContentPlaceHolder_FormView1_rblOtherEduc_1",""
"education_institution_name","Work/Education/Training: Previous","exact","selector_and_dom_attributes_compared","text","True","has_attended_education === yes","ctl00_SiteContentPlaceHolder_FormView1_dtlPrevEduc_ctl00_tbxSchoolName;ctl00_SiteContentPlaceHolder_FormView1_dtlPrevEduc_ctl01_tbxSchoolName",""
"education_address_line1","Work/Education/Training: Previous","exact","selector_and_dom_attributes_compared","text","True","has_attended_education === yes","ctl00_SiteContentPlaceHolder_FormView1_dtlPrevEduc_ctl00_tbxSchoolAddr1;ctl00_SiteContentPlaceHolder_FormView1_dtlPrevEduc_ctl01_tbxSchoolAddr1",""
"education_address_line2","Work/Education/Training: Previous","exact","selector_and_dom_attributes_compared","text","False","has_attended_education === yes","ctl00_SiteContentPlaceHolder_FormView1_dtlPrevEduc_ctl00_tbxSchoolAddr2;ctl00_SiteContentPlaceHolder_FormView1_dtlPrevEduc_ctl01_tbxSchoolAddr2",""
"education_city","Work/Education/Training: Previous","exact","selector_and_dom_attributes_compared","text","True","has_attended_education === yes","ctl00_SiteContentPlaceHolder_FormView1_dtlPrevEduc_ctl00_tbxSchoolCity;ctl00_SiteContentPlaceHolder_FormView1_dtlPrevEduc_ctl01_tbxSchoolCity",""
"education_state_province","Work/Education/Training: Previous","exact","selector_and_dom_attributes_compared","text","True","has_attended_education === yes","ctl00_SiteContentPlaceHolder_FormView1_dtlPrevEduc_ctl00_tbxEDUC_INST_ADDR_STATE;ctl00_SiteContentPlaceHolder_FormView1_dtlPrevEduc_ctl01_tbxEDUC_INST_ADDR_STATE;ctl00_SiteContentPlaceHolder_FormView1_dtlPrevEduc_ctl00_cbxEDUC_INST_ADDR_STATE_NA;ctl00_SiteContentPlaceHolder_FormView1_dtlPrevEduc_ctl01_cbxEDUC_INST_ADDR_STATE_NA",""
"education_postal_code","Work/Education/Training: Previous","exact","selector_and_dom_attributes_compared","text","True","has_attended_education === yes","ctl00_SiteContentPlaceHolder_FormView1_dtlPrevEduc_ctl00_tbxEDUC_INST_POSTAL_CD;ctl00_SiteContentPlaceHolder_FormView1_dtlPrevEduc_ctl01_tbxEDUC_INST_POSTAL_CD;ctl00_SiteContentPlaceHolder_FormView1_dtlPrevEduc_ctl00_cbxEDUC_INST_POSTAL_CD_NA;ctl00_SiteContentPlaceHolder_FormView1_dtlPrevEduc_ctl01_cbxEDUC_INST_POSTAL_CD_NA",""
"education_country","Work/Education/Training: Previous","exact","selector_and_dom_attributes_compared","select","True","has_attended_education === yes","ctl00_SiteContentPlaceHolder_FormView1_dtlPrevEduc_ctl00_ddlSchoolCountry;ctl00_SiteContentPlaceHolder_FormView1_dtlPrevEduc_ctl01_ddlSchoolCountry",""
"education_course_of_study","Work/Education/Training: Previous","exact","selector_and_dom_attributes_compared","text","True","has_attended_education === yes","ctl00_SiteContentPlaceHolder_FormView1_dtlPrevEduc_ctl00_tbxSchoolCourseOfStudy;ctl00_SiteContentPlaceHolder_FormView1_dtlPrevEduc_ctl01_tbxSchoolCourseOfStudy",""
"education_start_date","Work/Education/Training: Previous","exact","selector_and_dom_attributes_compared","date","True","has_attended_education === yes","ctl00_SiteContentPlaceHolder_FormView1_dtlPrevEduc_ctl00_ddlSchoolFromDay;ctl00_SiteContentPlaceHolder_FormView1_dtlPrevEduc_ctl01_ddlSchoolFromDay;ctl00_SiteContentPlaceHolder_FormView1_dtlPrevEduc_ctl00_ddlSchoolFromMonth;ctl00_SiteContentPlaceHolder_FormView1_dtlPrevEduc_ctl01_ddlSchoolFromMonth;ctl00_SiteContentPlaceHolder_FormView1_dtlPrevEduc_ctl00_tbxSchoolFromYear;ctl00_SiteContentPlaceHolder_FormView1_dtlPrevEduc_ctl01_tbxSchoolFromYear",""
"education_end_date","Work/Education/Training: Previous","exact","selector_and_dom_attributes_compared","date","True","has_attended_education === yes","ctl00_SiteContentPlaceHolder_FormView1_dtlPrevEduc_ctl00_ddlSchoolToDay;ctl00_SiteContentPlaceHolder_FormView1_dtlPrevEduc_ctl01_ddlSchoolToDay;ctl00_SiteContentPlaceHolder_FormView1_dtlPrevEduc_ctl00_ddlSchoolToMonth;ctl00_SiteContentPlaceHolder_FormView1_dtlPrevEduc_ctl01_ddlSchoolToMonth;ctl00_SiteContentPlaceHolder_FormView1_dtlPrevEduc_ctl00_tbxSchoolToYear;ctl00_SiteContentPlaceHolder_FormView1_dtlPrevEduc_ctl01_tbxSchoolToYear",""
"has_clan_tribe","Work/Education/Training: Additional","exact","selector_and_dom_attributes_compared","radio","True",,"ctl00_SiteContentPlaceHolder_FormView1_rblCLAN_TRIBE_IND_0;ctl00_SiteContentPlaceHolder_FormView1_rblCLAN_TRIBE_IND_1",""
"clan_tribe_name","Work/Education/Training: Additional","exact","selector_and_dom_attributes_compared","text","True","has_clan_tribe === yes","ctl00_SiteContentPlaceHolder_FormView1_tbxCLAN_TRIBE_NAME",""
"language_name","Work/Education/Training: Additional","exact","selector_and_dom_attributes_compared","text","True",,"ctl00_SiteContentPlaceHolder_FormView1_dtlLANGUAGES_ctl00_tbxLANGUAGE_NAME;ctl00_SiteContentPlaceHolder_FormView1_dtlLANGUAGES_ctl01_tbxLANGUAGE_NAME;ctl00_SiteContentPlaceHolder_FormView1_dtlLANGUAGES_ctl02_tbxLANGUAGE_NAME;ctl00_SiteContentPlaceHolder_FormView1_dtlLANGUAGES_ctl03_tbxLANGUAGE_NAME;ctl00_SiteContentPlaceHolder_FormView1_dtlLANGUAGES_ctl04_tbxLANGUAGE_NAME;ctl00_SiteContentPlaceHolder_FormView1_dtlLANGUAGES_ctl05_tbxLANGUAGE_NAME;ctl00_SiteContentPlaceHolder_FormView1_dtlLANGUAGES_ctl06_tbxLANGUAGE_NAME;ctl00_SiteContentPlaceHolder_FormView1_dtlLANGUAGES_ctl07_tbxLANGUAGE_NAME;ctl00_SiteContentPlaceHolder_FormView1_dtlLANGUAGES_ctl08_tbxLANGUAGE_NAME;ctl00_SiteContentPlaceHolder_FormView1_dtlLANGUAGES_ctl09_tbxLANGUAGE_NAME;ctl00_SiteContentPlaceHolder_FormView1_dtlLANGUAGES_ctl10_tbxLANGUAGE_NAME;ctl00_SiteContentPlaceHolder_FormView1_dtlLANGUAGES_ctl11_tbxLANGUAGE_NAME;ctl00_SiteContentPlaceHolder_FormView1_dtlLANGUAGES_ctl12_tbxLANGUAGE_NAME;ctl00_SiteContentPlaceHolder_FormView1_dtlLANGUAGES_ctl13_tbxLANGUAGE_NAME;ctl00_SiteContentPlaceHolder_FormView1_dtlLANGUAGES_ctl14_tbxLANGUAGE_NAME;ctl00_SiteContentPlaceHolder_FormView1_dtlLANGUAGES_ctl15_tbxLANGUAGE_NAME;ctl00_SiteContentPlaceHolder_FormView1_dtlLANGUAGES_ctl16_tbxLANGUAGE_NAME;ctl00_SiteContentPlaceHolder_FormView1_dtlLANGUAGES_ctl17_tbxLANGUAGE_NAME;ctl00_SiteContentPlaceHolder_FormView1_dtlLANGUAGES_ctl18_tbxLANGUAGE_NAME;ctl00_SiteContentPlaceHolder_FormView1_dtlLANGUAGES_ctl19_tbxLANGUAGE_NAME;ctl00_SiteContentPlaceHolder_FormView1_dtlLANGUAGES_ctl20_tbxLANGUAGE_NAME;ctl00_SiteContentPlaceHolder_FormView1_dtlLANGUAGES_ctl21_tbxLANGUAGE_NAME;ctl00_SiteContentPlaceHolder_FormView1_dtlLANGUAGES_ctl22_tbxLANGUAGE_NAME;ctl00_SiteContentPlaceHolder_FormView1_dtlLANGUAGES_ctl23_tbxLANGUAGE_NAME;ctl00_SiteContentPlaceHolder_FormView1_dtlLANGUAGES_ctl24_tbxLANGUAGE_NAME;ctl00_SiteContentPlaceHolder_FormView1_dtlLANGUAGES_ctl25_tbxLANGUAGE_NAME;ctl00_SiteContentPlaceHolder_FormView1_dtlLANGUAGES_ctl26_tbxLANGUAGE_NAME;ctl00_SiteContentPlaceHolder_FormView1_dtlLANGUAGES_ctl27_tbxLANGUAGE_NAME;ctl00_SiteContentPlaceHolder_FormView1_dtlLANGUAGES_ctl28_tbxLANGUAGE_NAME;ctl00_SiteContentPlaceHolder_FormView1_dtlLANGUAGES_ctl29_tbxLANGUAGE_NAME;ctl00_SiteContentPlaceHolder_FormView1_dtlLANGUAGES_ctl30_tbxLANGUAGE_NAME;ctl00_SiteContentPlaceHolder_FormView1_dtlLANGUAGES_ctl31_tbxLANGUAGE_NAME;ctl00_SiteContentPlaceHolder_FormView1_dtlLANGUAGES_ctl32_tbxLANGUAGE_NAME;ctl00_SiteContentPlaceHolder_FormView1_dtlLANGUAGES_ctl33_tbxLANGUAGE_NAME;ctl00_SiteContentPlaceHolder_FormView1_dtlLANGUAGES_ctl34_tbxLANGUAGE_NAME;ctl00_SiteContentPlaceHolder_FormView1_dtlLANGUAGES_ctl35_tbxLANGUAGE_NAME;ctl00_SiteContentPlaceHolder_FormView1_dtlLANGUAGES_ctl36_tbxLANGUAGE_NAME;ctl00_SiteContentPlaceHolder_FormView1_dtlLANGUAGES_ctl37_tbxLANGUAGE_NAME;ctl00_SiteContentPlaceHolder_FormView1_dtlLANGUAGES_ctl38_tbxLANGUAGE_NAME;ctl00_SiteContentPlaceHolder_FormView1_dtlLANGUAGES_ctl39_tbxLANGUAGE_NAME;ctl00_SiteContentPlaceHolder_FormView1_dtlLANGUAGES_ctl40_tbxLANGUAGE_NAME;ctl00_SiteContentPlaceHolder_FormView1_dtlLANGUAGES_ctl41_tbxLANGUAGE_NAME;ctl00_SiteContentPlaceHolder_FormView1_dtlLANGUAGES_ctl42_tbxLANGUAGE_NAME;ctl00_SiteContentPlaceHolder_FormView1_dtlLANGUAGES_ctl43_tbxLANGUAGE_NAME;ctl00_SiteContentPlaceHolder_FormView1_dtlLANGUAGES_ctl44_tbxLANGUAGE_NAME;ctl00_SiteContentPlaceHolder_FormView1_dtlLANGUAGES_ctl45_tbxLANGUAGE_NAME;ctl00_SiteContentPlaceHolder_FormView1_dtlLANGUAGES_ctl46_tbxLANGUAGE_NAME;ctl00_SiteContentPlaceHolder_FormView1_dtlLANGUAGES_ctl47_tbxLANGUAGE_NAME;ctl00_SiteContentPlaceHolder_FormView1_dtlLANGUAGES_ctl48_tbxLANGUAGE_NAME;ctl00_SiteContentPlaceHolder_FormView1_dtlLANGUAGES_ctl49_tbxLANGUAGE_NAME;ctl00_SiteContentPlaceHolder_FormView1_dtlLANGUAGES_ctl50_tbxLANGUAGE_NAME",""
"has_traveled_last_five_years","Work/Education/Training: Additional","exact","selector_and_dom_attributes_compared","radio","True",,"ctl00_SiteContentPlaceHolder_FormView1_rblCOUNTRIES_VISITED_IND_0;ctl00_SiteContentPlaceHolder_FormView1_rblCOUNTRIES_VISITED_IND_1",""
"traveled_country","Work/Education/Training: Additional","exact","selector_and_dom_attributes_compared","select","True","has_traveled_last_five_years === yes","ctl00_SiteContentPlaceHolder_FormView1_dtlCountriesVisited_ctl00_ddlCOUNTRIES_VISITED;ctl00_SiteContentPlaceHolder_FormView1_dtlCountriesVisited_ctl01_ddlCOUNTRIES_VISITED;ctl00_SiteContentPlaceHolder_FormView1_dtlCountriesVisited_ctl02_ddlCOUNTRIES_VISITED;ctl00_SiteContentPlaceHolder_FormView1_dtlCountriesVisited_ctl03_ddlCOUNTRIES_VISITED;ctl00_SiteContentPlaceHolder_FormView1_dtlCountriesVisited_ctl04_ddlCOUNTRIES_VISITED;ctl00_SiteContentPlaceHolder_FormView1_dtlCountriesVisited_ctl05_ddlCOUNTRIES_VISITED;ctl00_SiteContentPlaceHolder_FormView1_dtlCountriesVisited_ctl06_ddlCOUNTRIES_VISITED;ctl00_SiteContentPlaceHolder_FormView1_dtlCountriesVisited_ctl07_ddlCOUNTRIES_VISITED;ctl00_SiteContentPlaceHolder_FormView1_dtlCountriesVisited_ctl08_ddlCOUNTRIES_VISITED;ctl00_SiteContentPlaceHolder_FormView1_dtlCountriesVisited_ctl09_ddlCOUNTRIES_VISITED;ctl00_SiteContentPlaceHolder_FormView1_dtlCountriesVisited_ctl10_ddlCOUNTRIES_VISITED;ctl00_SiteContentPlaceHolder_FormView1_dtlCountriesVisited_ctl11_ddlCOUNTRIES_VISITED;ctl00_SiteContentPlaceHolder_FormView1_dtlCountriesVisited_ctl12_ddlCOUNTRIES_VISITED;ctl00_SiteContentPlaceHolder_FormView1_dtlCountriesVisited_ctl13_ddlCOUNTRIES_VISITED;ctl00_SiteContentPlaceHolder_FormView1_dtlCountriesVisited_ctl14_ddlCOUNTRIES_VISITED;ctl00_SiteContentPlaceHolder_FormView1_dtlCountriesVisited_ctl15_ddlCOUNTRIES_VISITED;ctl00_SiteContentPlaceHolder_FormView1_dtlCountriesVisited_ctl16_ddlCOUNTRIES_VISITED;ctl00_SiteContentPlaceHolder_FormView1_dtlCountriesVisited_ctl17_ddlCOUNTRIES_VISITED;ctl00_SiteContentPlaceHolder_FormView1_dtlCountriesVisited_ctl18_ddlCOUNTRIES_VISITED;ctl00_SiteContentPlaceHolder_FormView1_dtlCountriesVisited_ctl19_ddlCOUNTRIES_VISITED;ctl00_SiteContentPlaceHolder_FormView1_dtlCountriesVisited_ctl20_ddlCOUNTRIES_VISITED",""
"has_belonged_to_organization","Work/Education/Training: Additional","exact","selector_and_dom_attributes_compared","radio","True",,"ctl00_SiteContentPlaceHolder_FormView1_rblORGANIZATION_IND_0;ctl00_SiteContentPlaceHolder_FormView1_rblORGANIZATION_IND_1",""
"organization_name","Work/Education/Training: Additional","exact","selector_and_dom_attributes_compared","text","True","has_belonged_to_organization === yes","ctl00_SiteContentPlaceHolder_FormView1_dtlORGANIZATIONS_ctl00_tbxORGANIZATION_NAME;ctl00_SiteContentPlaceHolder_FormView1_dtlORGANIZATIONS_ctl01_tbxORGANIZATION_NAME",""
"has_specialized_skills","Work/Education/Training: Additional","exact","selector_and_dom_attributes_compared","radio","True",,"ctl00_SiteContentPlaceHolder_FormView1_rblSPECIALIZED_SKILLS_IND_0;ctl00_SiteContentPlaceHolder_FormView1_rblSPECIALIZED_SKILLS_IND_1",""
"specialized_skills_explain","Work/Education/Training: Additional","exact","selector_and_dom_attributes_compared","textarea","True","has_specialized_skills === yes","ctl00_SiteContentPlaceHolder_FormView1_tbxSPECIALIZED_SKILLS_EXPL",""
"has_served_military","Work/Education/Training: Additional","exact","selector_and_dom_attributes_compared","radio","True",,"ctl00_SiteContentPlaceHolder_FormView1_rblMILITARY_SERVICE_IND_0;ctl00_SiteContentPlaceHolder_FormView1_rblMILITARY_SERVICE_IND_1",""
"military_country","Work/Education/Training: Additional","aggregate-only","requires_direct_mapping_verification","select","True","has_served_military === yes","ctl00_SiteContentPlaceHolder_FormView1_dtlCountriesVisited_ctl00_ddlCOUNTRIES_VISITED;ctl00_SiteContentPlaceHolder_FormView1_dtlMILITARY_SERVICE_ctl00_ddlMILITARY_SVC_CNTRY;ctl00_SiteContentPlaceHolder_FormView1_dtlCountriesVisited_ctl01_ddlCOUNTRIES_VISITED;ctl00_SiteContentPlaceHolder_FormView1_dtlMILITARY_SERVICE_ctl01_ddlMILITARY_SVC_CNTRY;ctl00_SiteContentPlaceHolder_FormView1_dtlCountriesVisited_ctl02_ddlCOUNTRIES_VISITED;ctl00_SiteContentPlaceHolder_FormView1_dtlCountriesVisited_ctl03_ddlCOUNTRIES_VISITED;ctl00_SiteContentPlaceHolder_FormView1_dtlCountriesVisited_ctl04_ddlCOUNTRIES_VISITED;ctl00_SiteContentPlaceHolder_FormView1_dtlCountriesVisited_ctl05_ddlCOUNTRIES_VISITED;ctl00_SiteContentPlaceHolder_FormView1_dtlCountriesVisited_ctl06_ddlCOUNTRIES_VISITED;ctl00_SiteContentPlaceHolder_FormView1_dtlCountriesVisited_ctl07_ddlCOUNTRIES_VISITED;ctl00_SiteContentPlaceHolder_FormView1_dtlCountriesVisited_ctl08_ddlCOUNTRIES_VISITED;ctl00_SiteContentPlaceHolder_FormView1_dtlCountriesVisited_ctl09_ddlCOUNTRIES_VISITED;ctl00_SiteContentPlaceHolder_FormView1_dtlCountriesVisited_ctl10_ddlCOUNTRIES_VISITED;ctl00_SiteContentPlaceHolder_FormView1_dtlCountriesVisited_ctl11_ddlCOUNTRIES_VISITED;ctl00_SiteContentPlaceHolder_FormView1_dtlCountriesVisited_ctl12_ddlCOUNTRIES_VISITED;ctl00_SiteContentPlaceHolder_FormView1_dtlCountriesVisited_ctl13_ddlCOUNTRIES_VISITED;ctl00_SiteContentPlaceHolder_FormView1_dtlCountriesVisited_ctl14_ddlCOUNTRIES_VISITED;ctl00_SiteContentPlaceHolder_FormView1_dtlCountriesVisited_ctl15_ddlCOUNTRIES_VISITED;ctl00_SiteContentPlaceHolder_FormView1_dtlCountriesVisited_ctl16_ddlCOUNTRIES_VISITED;ctl00_SiteContentPlaceHolder_FormView1_dtlCountriesVisited_ctl17_ddlCOUNTRIES_VISITED;ctl00_SiteContentPlaceHolder_FormView1_dtlCountriesVisited_ctl18_ddlCOUNTRIES_VISITED;ctl00_SiteContentPlaceHolder_FormView1_dtlCountriesVisited_ctl19_ddlCOUNTRIES_VISITED;ctl00_SiteContentPlaceHolder_FormView1_dtlCountriesVisited_ctl20_ddlCOUNTRIES_VISITED;ctl00_SiteContentPlaceHolder_FormView1_dtlMILITARY_SERVICE_ctl02_ddlMILITARY_SVC_CNTRY;ctl00_SiteContentPlaceHolder_FormView1_dtlMILITARY_SERVICE_ctl03_ddlMILITARY_SVC_CNTRY;ctl00_SiteContentPlaceHolder_FormView1_dtlMILITARY_SERVICE_ctl04_ddlMILITARY_SVC_CNTRY;ctl00_SiteContentPlaceHolder_FormView1_dtlMILITARY_SERVICE_ctl05_ddlMILITARY_SVC_CNTRY","runner_primary_selector_did_not_resolve_to_raw_control_id;unproven_mapping_label_fallback"
"military_branch","Work/Education/Training: Additional","aggregate-only","requires_direct_mapping_verification","text","True","has_served_military === yes","ctl00_SiteContentPlaceHolder_FormView1_dtlMILITARY_SERVICE_ctl00_tbxMILITARY_SVC_BRANCH;ctl00_SiteContentPlaceHolder_FormView1_dtlMILITARY_SERVICE_ctl01_tbxMILITARY_SVC_BRANCH;ctl00_SiteContentPlaceHolder_FormView1_dtlMILITARY_SERVICE_ctl02_tbxMILITARY_SVC_BRANCH;ctl00_SiteContentPlaceHolder_FormView1_dtlMILITARY_SERVICE_ctl03_tbxMILITARY_SVC_BRANCH;ctl00_SiteContentPlaceHolder_FormView1_dtlMILITARY_SERVICE_ctl04_tbxMILITARY_SVC_BRANCH;ctl00_SiteContentPlaceHolder_FormView1_dtlMILITARY_SERVICE_ctl05_tbxMILITARY_SVC_BRANCH","runner_primary_selector_did_not_resolve_to_raw_control_id;unproven_mapping_label_fallback"
"military_rank","Work/Education/Training: Additional","aggregate-only","requires_direct_mapping_verification","text","True","has_served_military === yes","ctl00_SiteContentPlaceHolder_FormView1_dtlMILITARY_SERVICE_ctl00_tbxMILITARY_SVC_RANK;ctl00_SiteContentPlaceHolder_FormView1_dtlMILITARY_SERVICE_ctl01_tbxMILITARY_SVC_RANK;ctl00_SiteContentPlaceHolder_FormView1_dtlMILITARY_SERVICE_ctl02_tbxMILITARY_SVC_RANK;ctl00_SiteContentPlaceHolder_FormView1_dtlMILITARY_SERVICE_ctl03_tbxMILITARY_SVC_RANK;ctl00_SiteContentPlaceHolder_FormView1_dtlMILITARY_SERVICE_ctl04_tbxMILITARY_SVC_RANK;ctl00_SiteContentPlaceHolder_FormView1_dtlMILITARY_SERVICE_ctl05_tbxMILITARY_SVC_RANK","runner_primary_selector_did_not_resolve_to_raw_control_id;unproven_mapping_label_fallback"
"military_specialty","Work/Education/Training: Additional","aggregate-only","requires_direct_mapping_verification","text","True","has_served_military === yes","ctl00_SiteContentPlaceHolder_FormView1_dtlMILITARY_SERVICE_ctl00_tbxMILITARY_SVC_SPECIALTY;ctl00_SiteContentPlaceHolder_FormView1_dtlMILITARY_SERVICE_ctl01_tbxMILITARY_SVC_SPECIALTY;ctl00_SiteContentPlaceHolder_FormView1_dtlMILITARY_SERVICE_ctl02_tbxMILITARY_SVC_SPECIALTY;ctl00_SiteContentPlaceHolder_FormView1_dtlMILITARY_SERVICE_ctl03_tbxMILITARY_SVC_SPECIALTY;ctl00_SiteContentPlaceHolder_FormView1_dtlMILITARY_SERVICE_ctl04_tbxMILITARY_SVC_SPECIALTY;ctl00_SiteContentPlaceHolder_FormView1_dtlMILITARY_SERVICE_ctl05_tbxMILITARY_SVC_SPECIALTY","runner_primary_selector_did_not_resolve_to_raw_control_id;unproven_mapping_label_fallback"
"military_date_from","Work/Education/Training: Additional","exact","selector_and_dom_attributes_compared","date","True","has_served_military === yes","ctl00_SiteContentPlaceHolder_FormView1_dtlMILITARY_SERVICE_ctl00_ddlMILITARY_SVC_FROMDay;ctl00_SiteContentPlaceHolder_FormView1_dtlMILITARY_SERVICE_ctl01_ddlMILITARY_SVC_FROMDay;ctl00_SiteContentPlaceHolder_FormView1_dtlMILITARY_SERVICE_ctl02_ddlMILITARY_SVC_FROMDay;ctl00_SiteContentPlaceHolder_FormView1_dtlMILITARY_SERVICE_ctl03_ddlMILITARY_SVC_FROMDay;ctl00_SiteContentPlaceHolder_FormView1_dtlMILITARY_SERVICE_ctl04_ddlMILITARY_SVC_FROMDay;ctl00_SiteContentPlaceHolder_FormView1_dtlMILITARY_SERVICE_ctl05_ddlMILITARY_SVC_FROMDay;ctl00_SiteContentPlaceHolder_FormView1_dtlMILITARY_SERVICE_ctl00_ddlMILITARY_SVC_FROMMonth;ctl00_SiteContentPlaceHolder_FormView1_dtlMILITARY_SERVICE_ctl01_ddlMILITARY_SVC_FROMMonth;ctl00_SiteContentPlaceHolder_FormView1_dtlMILITARY_SERVICE_ctl02_ddlMILITARY_SVC_FROMMonth;ctl00_SiteContentPlaceHolder_FormView1_dtlMILITARY_SERVICE_ctl03_ddlMILITARY_SVC_FROMMonth;ctl00_SiteContentPlaceHolder_FormView1_dtlMILITARY_SERVICE_ctl04_ddlMILITARY_SVC_FROMMonth;ctl00_SiteContentPlaceHolder_FormView1_dtlMILITARY_SERVICE_ctl05_ddlMILITARY_SVC_FROMMonth;ctl00_SiteContentPlaceHolder_FormView1_dtlMILITARY_SERVICE_ctl00_tbxMILITARY_SVC_FROMYear;ctl00_SiteContentPlaceHolder_FormView1_dtlMILITARY_SERVICE_ctl01_tbxMILITARY_SVC_FROMYear;ctl00_SiteContentPlaceHolder_FormView1_dtlMILITARY_SERVICE_ctl02_tbxMILITARY_SVC_FROMYear;ctl00_SiteContentPlaceHolder_FormView1_dtlMILITARY_SERVICE_ctl03_tbxMILITARY_SVC_FROMYear;ctl00_SiteContentPlaceHolder_FormView1_dtlMILITARY_SERVICE_ctl04_tbxMILITARY_SVC_FROMYear;ctl00_SiteContentPlaceHolder_FormView1_dtlMILITARY_SERVICE_ctl05_tbxMILITARY_SVC_FROMYear",""
"military_date_to","Work/Education/Training: Additional","exact","selector_and_dom_attributes_compared","date","True","has_served_military === yes","ctl00_SiteContentPlaceHolder_FormView1_dtlMILITARY_SERVICE_ctl00_ddlMILITARY_SVC_TODay;ctl00_SiteContentPlaceHolder_FormView1_dtlMILITARY_SERVICE_ctl01_ddlMILITARY_SVC_TODay;ctl00_SiteContentPlaceHolder_FormView1_dtlMILITARY_SERVICE_ctl02_ddlMILITARY_SVC_TODay;ctl00_SiteContentPlaceHolder_FormView1_dtlMILITARY_SERVICE_ctl03_ddlMILITARY_SVC_TODay;ctl00_SiteContentPlaceHolder_FormView1_dtlMILITARY_SERVICE_ctl04_ddlMILITARY_SVC_TODay;ctl00_SiteContentPlaceHolder_FormView1_dtlMILITARY_SERVICE_ctl05_ddlMILITARY_SVC_TODay;ctl00_SiteContentPlaceHolder_FormView1_dtlMILITARY_SERVICE_ctl00_ddlMILITARY_SVC_TOMonth;ctl00_SiteContentPlaceHolder_FormView1_dtlMILITARY_SERVICE_ctl01_ddlMILITARY_SVC_TOMonth;ctl00_SiteContentPlaceHolder_FormView1_dtlMILITARY_SERVICE_ctl02_ddlMILITARY_SVC_TOMonth;ctl00_SiteContentPlaceHolder_FormView1_dtlMILITARY_SERVICE_ctl03_ddlMILITARY_SVC_TOMonth;ctl00_SiteContentPlaceHolder_FormView1_dtlMILITARY_SERVICE_ctl04_ddlMILITARY_SVC_TOMonth;ctl00_SiteContentPlaceHolder_FormView1_dtlMILITARY_SERVICE_ctl05_ddlMILITARY_SVC_TOMonth;ctl00_SiteContentPlaceHolder_FormView1_dtlMILITARY_SERVICE_ctl00_tbxMILITARY_SVC_TOYear;ctl00_SiteContentPlaceHolder_FormView1_dtlMILITARY_SERVICE_ctl01_tbxMILITARY_SVC_TOYear;ctl00_SiteContentPlaceHolder_FormView1_dtlMILITARY_SERVICE_ctl02_tbxMILITARY_SVC_TOYear;ctl00_SiteContentPlaceHolder_FormView1_dtlMILITARY_SERVICE_ctl03_tbxMILITARY_SVC_TOYear;ctl00_SiteContentPlaceHolder_FormView1_dtlMILITARY_SERVICE_ctl04_tbxMILITARY_SVC_TOYear;ctl00_SiteContentPlaceHolder_FormView1_dtlMILITARY_SERVICE_ctl05_tbxMILITARY_SVC_TOYear",""
"has_served_paramilitary","Work/Education/Training: Additional","exact","selector_and_dom_attributes_compared","radio","True",,"ctl00_SiteContentPlaceHolder_FormView1_rblINSURGENT_ORG_IND_0;ctl00_SiteContentPlaceHolder_FormView1_rblINSURGENT_ORG_IND_1",""
"paramilitary_explain","Work/Education/Training: Additional","aggregate-only","requires_direct_mapping_verification","textarea","True","has_served_paramilitary === yes","ctl00_SiteContentPlaceHolder_FormView1_tbxSPECIALIZED_SKILLS_EXPL;ctl00_SiteContentPlaceHolder_FormView1_tbxINSURGENT_ORG_EXPL","runner_primary_selector_did_not_resolve_to_raw_control_id;unproven_mapping_label_fallback"
"vwp_denial","Previous U.S. Travel","exact","selector_and_dom_attributes_compared","radio","True",,"ctl00_SiteContentPlaceHolder_FormView1_rblVWP_DENIAL_IND_0;ctl00_SiteContentPlaceHolder_FormView1_rblVWP_DENIAL_IND_1",""
"vwp_denial_explain","Previous U.S. Travel","exact","selector_and_dom_attributes_compared","textarea","True","vwp_denial === yes","ctl00_SiteContentPlaceHolder_FormView1_tbxVWP_DENIAL_EXPL",""
"father_in_us","Family Information: Relatives","exact","selector_and_dom_attributes_compared","radio","True","father_surname !== DO_NOT_KNOW || father_given_names !== DO_NOT_KNOW","ctl00_SiteContentPlaceHolder_FormView1_rblFATHER_LIVE_IN_US_IND_0;ctl00_SiteContentPlaceHolder_FormView1_rblFATHER_LIVE_IN_US_IND_1",""
"mother_in_us","Family Information: Relatives","exact","selector_and_dom_attributes_compared","radio","True","mother_surname !== DO_NOT_KNOW || mother_given_names !== DO_NOT_KNOW","ctl00_SiteContentPlaceHolder_FormView1_rblMOTHER_LIVE_IN_US_IND_0;ctl00_SiteContentPlaceHolder_FormView1_rblMOTHER_LIVE_IN_US_IND_1",""
"has_communicable_disease","Security and Background: Part 1","exact","selector_and_dom_attributes_compared","radio","True",,"ctl00_SiteContentPlaceHolder_FormView1_rblDisease_0;ctl00_SiteContentPlaceHolder_FormView1_rblDisease_1",""
"has_communicable_disease_explain","Security and Background: Part 1","aggregate-only","requires_direct_mapping_verification","textarea","True","has_communicable_disease === yes","ctl00_SiteContentPlaceHolder_FormView1_tbxDisease;ctl00_SiteContentPlaceHolder_FormView1_tbxDisorder;ctl00_SiteContentPlaceHolder_FormView1_tbxDruguser","runner_primary_selector_did_not_resolve_to_raw_control_id;unproven_mapping_label_fallback"
"has_physical_mental_disorder","Security and Background: Part 1","exact","selector_and_dom_attributes_compared","radio","True",,"ctl00_SiteContentPlaceHolder_FormView1_rblDisorder_0;ctl00_SiteContentPlaceHolder_FormView1_rblDisorder_1",""
"has_physical_mental_disorder_explain","Security and Background: Part 1","aggregate-only","requires_direct_mapping_verification","textarea","True","has_physical_mental_disorder === yes","ctl00_SiteContentPlaceHolder_FormView1_tbxDisease;ctl00_SiteContentPlaceHolder_FormView1_tbxDisorder;ctl00_SiteContentPlaceHolder_FormView1_tbxDruguser","runner_primary_selector_did_not_resolve_to_raw_control_id;unproven_mapping_label_fallback"
"is_drug_abuser","Security and Background: Part 1","exact","selector_and_dom_attributes_compared","radio","True",,"ctl00_SiteContentPlaceHolder_FormView1_rblDruguser_0;ctl00_SiteContentPlaceHolder_FormView1_rblDruguser_1",""
"is_drug_abuser_explain","Security and Background: Part 1","aggregate-only","requires_direct_mapping_verification","textarea","True","is_drug_abuser === yes","ctl00_SiteContentPlaceHolder_FormView1_tbxDisease;ctl00_SiteContentPlaceHolder_FormView1_tbxDisorder;ctl00_SiteContentPlaceHolder_FormView1_tbxDruguser","runner_primary_selector_did_not_resolve_to_raw_control_id;unproven_mapping_label_fallback"
"has_arrest_conviction","Security and Background: Part 2","exact","selector_and_dom_attributes_compared","radio","True",,"ctl00_SiteContentPlaceHolder_FormView1_rblArrested_0;ctl00_SiteContentPlaceHolder_FormView1_rblArrested_1",""
"has_arrest_conviction_explain","Security and Background: Part 2","aggregate-only","requires_direct_mapping_verification","textarea","True","has_arrest_conviction === yes","ctl00_SiteContentPlaceHolder_FormView1_tbxArrested;ctl00_SiteContentPlaceHolder_FormView1_tbxControlledSubstances;ctl00_SiteContentPlaceHolder_FormView1_tbxProstitution;ctl00_SiteContentPlaceHolder_FormView1_tbxMoneyLaundering;ctl00_SiteContentPlaceHolder_FormView1_tbxHumanTrafficking;ctl00_SiteContentPlaceHolder_FormView1_tbxAssistedSevereTrafficking;ctl00_SiteContentPlaceHolder_FormView1_tbxHumanTraffickingRelated","runner_primary_selector_did_not_resolve_to_raw_control_id;unproven_mapping_label_fallback"
"has_violated_controlled_substance","Security and Background: Part 2","exact","selector_and_dom_attributes_compared","radio","True",,"ctl00_SiteContentPlaceHolder_FormView1_rblControlledSubstances_0;ctl00_SiteContentPlaceHolder_FormView1_rblControlledSubstances_1",""
"has_violated_controlled_substance_explain","Security and Background: Part 2","aggregate-only","requires_direct_mapping_verification","textarea","True","has_violated_controlled_substance === yes","ctl00_SiteContentPlaceHolder_FormView1_tbxArrested;ctl00_SiteContentPlaceHolder_FormView1_tbxControlledSubstances;ctl00_SiteContentPlaceHolder_FormView1_tbxProstitution;ctl00_SiteContentPlaceHolder_FormView1_tbxMoneyLaundering;ctl00_SiteContentPlaceHolder_FormView1_tbxHumanTrafficking;ctl00_SiteContentPlaceHolder_FormView1_tbxAssistedSevereTrafficking;ctl00_SiteContentPlaceHolder_FormView1_tbxHumanTraffickingRelated","runner_primary_selector_did_not_resolve_to_raw_control_id;unproven_mapping_label_fallback"
"has_prostitution","Security and Background: Part 2","exact","selector_and_dom_attributes_compared","radio","True",,"ctl00_SiteContentPlaceHolder_FormView1_rblProstitution_0;ctl00_SiteContentPlaceHolder_FormView1_rblProstitution_1",""
"has_prostitution_explain","Security and Background: Part 2","aggregate-only","requires_direct_mapping_verification","textarea","True","has_prostitution === yes","ctl00_SiteContentPlaceHolder_FormView1_tbxArrested;ctl00_SiteContentPlaceHolder_FormView1_tbxControlledSubstances;ctl00_SiteContentPlaceHolder_FormView1_tbxProstitution;ctl00_SiteContentPlaceHolder_FormView1_tbxMoneyLaundering;ctl00_SiteContentPlaceHolder_FormView1_tbxHumanTrafficking;ctl00_SiteContentPlaceHolder_FormView1_tbxAssistedSevereTrafficking;ctl00_SiteContentPlaceHolder_FormView1_tbxHumanTraffickingRelated","runner_primary_selector_did_not_resolve_to_raw_control_id;unproven_mapping_label_fallback"
"has_money_laundering","Security and Background: Part 2","exact","selector_and_dom_attributes_compared","radio","True",,"ctl00_SiteContentPlaceHolder_FormView1_rblMoneyLaundering_0;ctl00_SiteContentPlaceHolder_FormView1_rblMoneyLaundering_1",""
"has_money_laundering_explain","Security and Background: Part 2","aggregate-only","requires_direct_mapping_verification","textarea","True","has_money_laundering === yes","ctl00_SiteContentPlaceHolder_FormView1_tbxArrested;ctl00_SiteContentPlaceHolder_FormView1_tbxControlledSubstances;ctl00_SiteContentPlaceHolder_FormView1_tbxProstitution;ctl00_SiteContentPlaceHolder_FormView1_tbxMoneyLaundering;ctl00_SiteContentPlaceHolder_FormView1_tbxHumanTrafficking;ctl00_SiteContentPlaceHolder_FormView1_tbxAssistedSevereTrafficking;ctl00_SiteContentPlaceHolder_FormView1_tbxHumanTraffickingRelated","runner_primary_selector_did_not_resolve_to_raw_control_id;unproven_mapping_label_fallback"
"has_human_trafficking","Security and Background: Part 2","exact","selector_and_dom_attributes_compared","radio","True",,"ctl00_SiteContentPlaceHolder_FormView1_rblHumanTrafficking_0;ctl00_SiteContentPlaceHolder_FormView1_rblHumanTrafficking_1;ctl00_SiteContentPlaceHolder_FormView1_rblHumanTraffickingRelated_0;ctl00_SiteContentPlaceHolder_FormView1_rblHumanTraffickingRelated_1",""
"has_human_trafficking_explain","Security and Background: Part 2","aggregate-only","requires_direct_mapping_verification","textarea","True","has_human_trafficking === yes","ctl00_SiteContentPlaceHolder_FormView1_tbxArrested;ctl00_SiteContentPlaceHolder_FormView1_tbxControlledSubstances;ctl00_SiteContentPlaceHolder_FormView1_tbxProstitution;ctl00_SiteContentPlaceHolder_FormView1_tbxMoneyLaundering;ctl00_SiteContentPlaceHolder_FormView1_tbxHumanTrafficking;ctl00_SiteContentPlaceHolder_FormView1_tbxAssistedSevereTrafficking;ctl00_SiteContentPlaceHolder_FormView1_tbxHumanTraffickingRelated","runner_primary_selector_did_not_resolve_to_raw_control_id;unproven_mapping_label_fallback"
"has_aided_human_trafficking","Security and Background: Part 2","exact","selector_and_dom_attributes_compared","radio","True",,"ctl00_SiteContentPlaceHolder_FormView1_rblAssistedSevereTrafficking_0;ctl00_SiteContentPlaceHolder_FormView1_rblAssistedSevereTrafficking_1",""
"has_aided_human_trafficking_explain","Security and Background: Part 2","aggregate-only","requires_direct_mapping_verification","textarea","True","has_aided_human_trafficking === yes","ctl00_SiteContentPlaceHolder_FormView1_tbxArrested;ctl00_SiteContentPlaceHolder_FormView1_tbxControlledSubstances;ctl00_SiteContentPlaceHolder_FormView1_tbxProstitution;ctl00_SiteContentPlaceHolder_FormView1_tbxMoneyLaundering;ctl00_SiteContentPlaceHolder_FormView1_tbxHumanTrafficking;ctl00_SiteContentPlaceHolder_FormView1_tbxAssistedSevereTrafficking;ctl00_SiteContentPlaceHolder_FormView1_tbxHumanTraffickingRelated","runner_primary_selector_did_not_resolve_to_raw_control_id;unproven_mapping_label_fallback"
"has_trafficking_beneficiary","Security and Background: Part 2","exact","selector_and_dom_attributes_compared","radio","True",,"ctl00_SiteContentPlaceHolder_FormView1_rblHumanTraffickingRelated_0;ctl00_SiteContentPlaceHolder_FormView1_rblHumanTraffickingRelated_1",""
"has_trafficking_beneficiary_explain","Security and Background: Part 2","aggregate-only","requires_direct_mapping_verification","textarea","True","has_trafficking_beneficiary === yes","ctl00_SiteContentPlaceHolder_FormView1_tbxArrested;ctl00_SiteContentPlaceHolder_FormView1_tbxControlledSubstances;ctl00_SiteContentPlaceHolder_FormView1_tbxProstitution;ctl00_SiteContentPlaceHolder_FormView1_tbxMoneyLaundering;ctl00_SiteContentPlaceHolder_FormView1_tbxHumanTrafficking;ctl00_SiteContentPlaceHolder_FormView1_tbxAssistedSevereTrafficking;ctl00_SiteContentPlaceHolder_FormView1_tbxHumanTraffickingRelated","runner_primary_selector_did_not_resolve_to_raw_control_id;unproven_mapping_label_fallback"
"intend_illegal_activity","Security and Background: Part 3","exact","selector_and_dom_attributes_compared","radio","True",,"ctl00_SiteContentPlaceHolder_FormView1_rblIllegalActivity_0;ctl00_SiteContentPlaceHolder_FormView1_rblIllegalActivity_1",""
"intend_illegal_activity_explain","Security and Background: Part 3","aggregate-only","requires_direct_mapping_verification","textarea","True","intend_illegal_activity === yes","ctl00_SiteContentPlaceHolder_FormView1_tbxIllegalActivity;ctl00_SiteContentPlaceHolder_FormView1_tbxTerroristActivity;ctl00_SiteContentPlaceHolder_FormView1_tbxTerroristSupport;ctl00_SiteContentPlaceHolder_FormView1_tbxTerroristOrg;ctl00_SiteContentPlaceHolder_FormView1_tbxTerroristRel;ctl00_SiteContentPlaceHolder_FormView1_tbxGenocide;ctl00_SiteContentPlaceHolder_FormView1_tbxTorture;ctl00_SiteContentPlaceHolder_FormView1_tbxExViolence;ctl00_SiteContentPlaceHolder_FormView1_tbxChildSoldier;ctl00_SiteContentPlaceHolder_FormView1_tbxReligiousFreedom;ctl00_SiteContentPlaceHolder_FormView1_tbxPopulationControls;ctl00_SiteContentPlaceHolder_FormView1_tbxTransplant","runner_primary_selector_did_not_resolve_to_raw_control_id;unproven_mapping_label_fallback"
"intend_terrorist_activity","Security and Background: Part 3","exact","selector_and_dom_attributes_compared","radio","True",,"ctl00_SiteContentPlaceHolder_FormView1_rblTerroristActivity_0;ctl00_SiteContentPlaceHolder_FormView1_rblTerroristActivity_1",""
"intend_terrorist_activity_explain","Security and Background: Part 3","aggregate-only","requires_direct_mapping_verification","textarea","True","intend_terrorist_activity === yes","ctl00_SiteContentPlaceHolder_FormView1_tbxIllegalActivity;ctl00_SiteContentPlaceHolder_FormView1_tbxTerroristActivity;ctl00_SiteContentPlaceHolder_FormView1_tbxTerroristSupport;ctl00_SiteContentPlaceHolder_FormView1_tbxTerroristOrg;ctl00_SiteContentPlaceHolder_FormView1_tbxTerroristRel;ctl00_SiteContentPlaceHolder_FormView1_tbxGenocide;ctl00_SiteContentPlaceHolder_FormView1_tbxTorture;ctl00_SiteContentPlaceHolder_FormView1_tbxExViolence;ctl00_SiteContentPlaceHolder_FormView1_tbxChildSoldier;ctl00_SiteContentPlaceHolder_FormView1_tbxReligiousFreedom;ctl00_SiteContentPlaceHolder_FormView1_tbxPopulationControls;ctl00_SiteContentPlaceHolder_FormView1_tbxTransplant","runner_primary_selector_did_not_resolve_to_raw_control_id;unproven_mapping_label_fallback"
"has_provided_terrorist_support","Security and Background: Part 3","exact","selector_and_dom_attributes_compared","radio","True",,"ctl00_SiteContentPlaceHolder_FormView1_rblTerroristSupport_0;ctl00_SiteContentPlaceHolder_FormView1_rblTerroristSupport_1",""
"has_provided_terrorist_support_explain","Security and Background: Part 3","aggregate-only","requires_direct_mapping_verification","textarea","True","has_provided_terrorist_support === yes","ctl00_SiteContentPlaceHolder_FormView1_tbxIllegalActivity;ctl00_SiteContentPlaceHolder_FormView1_tbxTerroristActivity;ctl00_SiteContentPlaceHolder_FormView1_tbxTerroristSupport;ctl00_SiteContentPlaceHolder_FormView1_tbxTerroristOrg;ctl00_SiteContentPlaceHolder_FormView1_tbxTerroristRel;ctl00_SiteContentPlaceHolder_FormView1_tbxGenocide;ctl00_SiteContentPlaceHolder_FormView1_tbxTorture;ctl00_SiteContentPlaceHolder_FormView1_tbxExViolence;ctl00_SiteContentPlaceHolder_FormView1_tbxChildSoldier;ctl00_SiteContentPlaceHolder_FormView1_tbxReligiousFreedom;ctl00_SiteContentPlaceHolder_FormView1_tbxPopulationControls;ctl00_SiteContentPlaceHolder_FormView1_tbxTransplant","runner_primary_selector_did_not_resolve_to_raw_control_id;unproven_mapping_label_fallback"
"is_terrorist_member","Security and Background: Part 3","exact","selector_and_dom_attributes_compared","radio","True",,"ctl00_SiteContentPlaceHolder_FormView1_rblTerroristOrg_0;ctl00_SiteContentPlaceHolder_FormView1_rblTerroristOrg_1",""
"is_terrorist_member_explain","Security and Background: Part 3","aggregate-only","requires_direct_mapping_verification","textarea","True","is_terrorist_member === yes","ctl00_SiteContentPlaceHolder_FormView1_tbxIllegalActivity;ctl00_SiteContentPlaceHolder_FormView1_tbxTerroristActivity;ctl00_SiteContentPlaceHolder_FormView1_tbxTerroristSupport;ctl00_SiteContentPlaceHolder_FormView1_tbxTerroristOrg;ctl00_SiteContentPlaceHolder_FormView1_tbxTerroristRel;ctl00_SiteContentPlaceHolder_FormView1_tbxGenocide;ctl00_SiteContentPlaceHolder_FormView1_tbxTorture;ctl00_SiteContentPlaceHolder_FormView1_tbxExViolence;ctl00_SiteContentPlaceHolder_FormView1_tbxChildSoldier;ctl00_SiteContentPlaceHolder_FormView1_tbxReligiousFreedom;ctl00_SiteContentPlaceHolder_FormView1_tbxPopulationControls;ctl00_SiteContentPlaceHolder_FormView1_tbxTransplant","runner_primary_selector_did_not_resolve_to_raw_control_id;unproven_mapping_label_fallback"
"is_terrorist_family","Security and Background: Part 3","exact","selector_and_dom_attributes_compared","radio","True",,"ctl00_SiteContentPlaceHolder_FormView1_rblTerroristRel_0;ctl00_SiteContentPlaceHolder_FormView1_rblTerroristRel_1",""
"is_terrorist_family_explain","Security and Background: Part 3","aggregate-only","requires_direct_mapping_verification","textarea","True","is_terrorist_family === yes","ctl00_SiteContentPlaceHolder_FormView1_tbxIllegalActivity;ctl00_SiteContentPlaceHolder_FormView1_tbxTerroristActivity;ctl00_SiteContentPlaceHolder_FormView1_tbxTerroristSupport;ctl00_SiteContentPlaceHolder_FormView1_tbxTerroristOrg;ctl00_SiteContentPlaceHolder_FormView1_tbxTerroristRel;ctl00_SiteContentPlaceHolder_FormView1_tbxGenocide;ctl00_SiteContentPlaceHolder_FormView1_tbxTorture;ctl00_SiteContentPlaceHolder_FormView1_tbxExViolence;ctl00_SiteContentPlaceHolder_FormView1_tbxChildSoldier;ctl00_SiteContentPlaceHolder_FormView1_tbxReligiousFreedom;ctl00_SiteContentPlaceHolder_FormView1_tbxPopulationControls;ctl00_SiteContentPlaceHolder_FormView1_tbxTransplant","runner_primary_selector_did_not_resolve_to_raw_control_id;unproven_mapping_label_fallback"
"has_genocide","Security and Background: Part 3","exact","selector_and_dom_attributes_compared","radio","True",,"ctl00_SiteContentPlaceHolder_FormView1_rblGenocide_0;ctl00_SiteContentPlaceHolder_FormView1_rblGenocide_1",""
"has_genocide_explain","Security and Background: Part 3","aggregate-only","requires_direct_mapping_verification","textarea","True","has_genocide === yes","ctl00_SiteContentPlaceHolder_FormView1_tbxIllegalActivity;ctl00_SiteContentPlaceHolder_FormView1_tbxTerroristActivity;ctl00_SiteContentPlaceHolder_FormView1_tbxTerroristSupport;ctl00_SiteContentPlaceHolder_FormView1_tbxTerroristOrg;ctl00_SiteContentPlaceHolder_FormView1_tbxTerroristRel;ctl00_SiteContentPlaceHolder_FormView1_tbxGenocide;ctl00_SiteContentPlaceHolder_FormView1_tbxTorture;ctl00_SiteContentPlaceHolder_FormView1_tbxExViolence;ctl00_SiteContentPlaceHolder_FormView1_tbxChildSoldier;ctl00_SiteContentPlaceHolder_FormView1_tbxReligiousFreedom;ctl00_SiteContentPlaceHolder_FormView1_tbxPopulationControls;ctl00_SiteContentPlaceHolder_FormView1_tbxTransplant","runner_primary_selector_did_not_resolve_to_raw_control_id;unproven_mapping_label_fallback"
"has_torture","Security and Background: Part 3","exact","selector_and_dom_attributes_compared","radio","True",,"ctl00_SiteContentPlaceHolder_FormView1_rblTorture_0;ctl00_SiteContentPlaceHolder_FormView1_rblTorture_1",""
"has_torture_explain","Security and Background: Part 3","aggregate-only","requires_direct_mapping_verification","textarea","True","has_torture === yes","ctl00_SiteContentPlaceHolder_FormView1_tbxIllegalActivity;ctl00_SiteContentPlaceHolder_FormView1_tbxTerroristActivity;ctl00_SiteContentPlaceHolder_FormView1_tbxTerroristSupport;ctl00_SiteContentPlaceHolder_FormView1_tbxTerroristOrg;ctl00_SiteContentPlaceHolder_FormView1_tbxTerroristRel;ctl00_SiteContentPlaceHolder_FormView1_tbxGenocide;ctl00_SiteContentPlaceHolder_FormView1_tbxTorture;ctl00_SiteContentPlaceHolder_FormView1_tbxExViolence;ctl00_SiteContentPlaceHolder_FormView1_tbxChildSoldier;ctl00_SiteContentPlaceHolder_FormView1_tbxReligiousFreedom;ctl00_SiteContentPlaceHolder_FormView1_tbxPopulationControls;ctl00_SiteContentPlaceHolder_FormView1_tbxTransplant","runner_primary_selector_did_not_resolve_to_raw_control_id;unproven_mapping_label_fallback"
"has_extrajudicial_killings","Security and Background: Part 3","exact","selector_and_dom_attributes_compared","radio","True",,"ctl00_SiteContentPlaceHolder_FormView1_rblExViolence_0;ctl00_SiteContentPlaceHolder_FormView1_rblExViolence_1",""
"has_extrajudicial_killings_explain","Security and Background: Part 3","aggregate-only","requires_direct_mapping_verification","textarea","True","has_extrajudicial_killings === yes","ctl00_SiteContentPlaceHolder_FormView1_tbxIllegalActivity;ctl00_SiteContentPlaceHolder_FormView1_tbxTerroristActivity;ctl00_SiteContentPlaceHolder_FormView1_tbxTerroristSupport;ctl00_SiteContentPlaceHolder_FormView1_tbxTerroristOrg;ctl00_SiteContentPlaceHolder_FormView1_tbxTerroristRel;ctl00_SiteContentPlaceHolder_FormView1_tbxGenocide;ctl00_SiteContentPlaceHolder_FormView1_tbxTorture;ctl00_SiteContentPlaceHolder_FormView1_tbxExViolence;ctl00_SiteContentPlaceHolder_FormView1_tbxChildSoldier;ctl00_SiteContentPlaceHolder_FormView1_tbxReligiousFreedom;ctl00_SiteContentPlaceHolder_FormView1_tbxPopulationControls;ctl00_SiteContentPlaceHolder_FormView1_tbxTransplant","runner_primary_selector_did_not_resolve_to_raw_control_id;unproven_mapping_label_fallback"
"has_child_soldier","Security and Background: Part 3","exact","selector_and_dom_attributes_compared","radio","True",,"ctl00_SiteContentPlaceHolder_FormView1_rblChildSoldier_0;ctl00_SiteContentPlaceHolder_FormView1_rblChildSoldier_1",""
"has_child_soldier_explain","Security and Background: Part 3","aggregate-only","requires_direct_mapping_verification","textarea","True","has_child_soldier === yes","ctl00_SiteContentPlaceHolder_FormView1_tbxIllegalActivity;ctl00_SiteContentPlaceHolder_FormView1_tbxTerroristActivity;ctl00_SiteContentPlaceHolder_FormView1_tbxTerroristSupport;ctl00_SiteContentPlaceHolder_FormView1_tbxTerroristOrg;ctl00_SiteContentPlaceHolder_FormView1_tbxTerroristRel;ctl00_SiteContentPlaceHolder_FormView1_tbxGenocide;ctl00_SiteContentPlaceHolder_FormView1_tbxTorture;ctl00_SiteContentPlaceHolder_FormView1_tbxExViolence;ctl00_SiteContentPlaceHolder_FormView1_tbxChildSoldier;ctl00_SiteContentPlaceHolder_FormView1_tbxReligiousFreedom;ctl00_SiteContentPlaceHolder_FormView1_tbxPopulationControls;ctl00_SiteContentPlaceHolder_FormView1_tbxTransplant","runner_primary_selector_did_not_resolve_to_raw_control_id;unproven_mapping_label_fallback"
"has_religious_freedom_violation","Security and Background: Part 3","exact","selector_and_dom_attributes_compared","radio","True",,"ctl00_SiteContentPlaceHolder_FormView1_rblReligiousFreedom_0;ctl00_SiteContentPlaceHolder_FormView1_rblReligiousFreedom_1",""
"has_religious_freedom_violation_explain","Security and Background: Part 3","aggregate-only","requires_direct_mapping_verification","textarea","True","has_religious_freedom_violation === yes","ctl00_SiteContentPlaceHolder_FormView1_tbxIllegalActivity;ctl00_SiteContentPlaceHolder_FormView1_tbxTerroristActivity;ctl00_SiteContentPlaceHolder_FormView1_tbxTerroristSupport;ctl00_SiteContentPlaceHolder_FormView1_tbxTerroristOrg;ctl00_SiteContentPlaceHolder_FormView1_tbxTerroristRel;ctl00_SiteContentPlaceHolder_FormView1_tbxGenocide;ctl00_SiteContentPlaceHolder_FormView1_tbxTorture;ctl00_SiteContentPlaceHolder_FormView1_tbxExViolence;ctl00_SiteContentPlaceHolder_FormView1_tbxChildSoldier;ctl00_SiteContentPlaceHolder_FormView1_tbxReligiousFreedom;ctl00_SiteContentPlaceHolder_FormView1_tbxPopulationControls;ctl00_SiteContentPlaceHolder_FormView1_tbxTransplant","runner_primary_selector_did_not_resolve_to_raw_control_id;unproven_mapping_label_fallback"
"has_population_control","Security and Background: Part 3","exact","selector_and_dom_attributes_compared","radio","True",,"ctl00_SiteContentPlaceHolder_FormView1_rblPopulationControls_0;ctl00_SiteContentPlaceHolder_FormView1_rblPopulationControls_1",""
"has_population_control_explain","Security and Background: Part 3","aggregate-only","requires_direct_mapping_verification","textarea","True","has_population_control === yes","ctl00_SiteContentPlaceHolder_FormView1_tbxIllegalActivity;ctl00_SiteContentPlaceHolder_FormView1_tbxTerroristActivity;ctl00_SiteContentPlaceHolder_FormView1_tbxTerroristSupport;ctl00_SiteContentPlaceHolder_FormView1_tbxTerroristOrg;ctl00_SiteContentPlaceHolder_FormView1_tbxTerroristRel;ctl00_SiteContentPlaceHolder_FormView1_tbxGenocide;ctl00_SiteContentPlaceHolder_FormView1_tbxTorture;ctl00_SiteContentPlaceHolder_FormView1_tbxExViolence;ctl00_SiteContentPlaceHolder_FormView1_tbxChildSoldier;ctl00_SiteContentPlaceHolder_FormView1_tbxReligiousFreedom;ctl00_SiteContentPlaceHolder_FormView1_tbxPopulationControls;ctl00_SiteContentPlaceHolder_FormView1_tbxTransplant","runner_primary_selector_did_not_resolve_to_raw_control_id;unproven_mapping_label_fallback"
"has_coercive_transplant","Security and Background: Part 3","exact","selector_and_dom_attributes_compared","radio","True",,"ctl00_SiteContentPlaceHolder_FormView1_rblTransplant_0;ctl00_SiteContentPlaceHolder_FormView1_rblTransplant_1",""
"has_coercive_transplant_explain","Security and Background: Part 3","aggregate-only","requires_direct_mapping_verification","textarea","True","has_coercive_transplant === yes","ctl00_SiteContentPlaceHolder_FormView1_tbxIllegalActivity;ctl00_SiteContentPlaceHolder_FormView1_tbxTerroristActivity;ctl00_SiteContentPlaceHolder_FormView1_tbxTerroristSupport;ctl00_SiteContentPlaceHolder_FormView1_tbxTerroristOrg;ctl00_SiteContentPlaceHolder_FormView1_tbxTerroristRel;ctl00_SiteContentPlaceHolder_FormView1_tbxGenocide;ctl00_SiteContentPlaceHolder_FormView1_tbxTorture;ctl00_SiteContentPlaceHolder_FormView1_tbxExViolence;ctl00_SiteContentPlaceHolder_FormView1_tbxChildSoldier;ctl00_SiteContentPlaceHolder_FormView1_tbxReligiousFreedom;ctl00_SiteContentPlaceHolder_FormView1_tbxPopulationControls;ctl00_SiteContentPlaceHolder_FormView1_tbxTransplant","runner_primary_selector_did_not_resolve_to_raw_control_id;unproven_mapping_label_fallback"
"has_immigration_fraud","Security and Background: Part 4","exact","selector_and_dom_attributes_compared","radio","True",,"ctl00_SiteContentPlaceHolder_FormView1_rblImmigrationFraud_0;ctl00_SiteContentPlaceHolder_FormView1_rblImmigrationFraud_1",""
"has_immigration_fraud_explain","Security and Background: Part 4","aggregate-only","requires_direct_mapping_verification","textarea","True","has_immigration_fraud === yes","ctl00_SiteContentPlaceHolder_FormView1_tbxImmigrationFraud;ctl00_SiteContentPlaceHolder_FormView1_tbxDeport_EXPL","runner_primary_selector_did_not_resolve_to_raw_control_id;unproven_mapping_label_fallback"
"has_removal_order","Security and Background: Part 4","exact","selector_and_dom_attributes_compared","radio","True",,"ctl00_SiteContentPlaceHolder_FormView1_rblDeport_0;ctl00_SiteContentPlaceHolder_FormView1_rblDeport_1",""
"has_removal_order_explain","Security and Background: Part 4","aggregate-only","requires_direct_mapping_verification","textarea","True","has_removal_order === yes","ctl00_SiteContentPlaceHolder_FormView1_tbxImmigrationFraud;ctl00_SiteContentPlaceHolder_FormView1_tbxDeport_EXPL","runner_primary_selector_did_not_resolve_to_raw_control_id;unproven_mapping_label_fallback"
"has_withheld_child_custody","Security and Background: Part 5","exact","selector_and_dom_attributes_compared","radio","True",,"ctl00_SiteContentPlaceHolder_FormView1_rblChildCustody_0;ctl00_SiteContentPlaceHolder_FormView1_rblChildCustody_1",""
"has_withheld_child_custody_explain","Security and Background: Part 5","aggregate-only","requires_direct_mapping_verification","textarea","True","has_withheld_child_custody === yes","ctl00_SiteContentPlaceHolder_FormView1_tbxChildCustody;ctl00_SiteContentPlaceHolder_FormView1_tbxVotingViolation;ctl00_SiteContentPlaceHolder_FormView1_tbxRenounceExp","runner_primary_selector_did_not_resolve_to_raw_control_id;unproven_mapping_label_fallback"
"has_voted_illegally","Security and Background: Part 5","exact","selector_and_dom_attributes_compared","radio","True",,"ctl00_SiteContentPlaceHolder_FormView1_rblVotingViolation_0;ctl00_SiteContentPlaceHolder_FormView1_rblVotingViolation_1",""
"has_voted_illegally_explain","Security and Background: Part 5","aggregate-only","requires_direct_mapping_verification","textarea","True","has_voted_illegally === yes","ctl00_SiteContentPlaceHolder_FormView1_tbxChildCustody;ctl00_SiteContentPlaceHolder_FormView1_tbxVotingViolation;ctl00_SiteContentPlaceHolder_FormView1_tbxRenounceExp","runner_primary_selector_did_not_resolve_to_raw_control_id;unproven_mapping_label_fallback"
"has_renounced_citizenship","Security and Background: Part 5","exact","selector_and_dom_attributes_compared","radio","True",,"ctl00_SiteContentPlaceHolder_FormView1_rblRenounceExp_0;ctl00_SiteContentPlaceHolder_FormView1_rblRenounceExp_1",""
"has_renounced_citizenship_explain","Security and Background: Part 5","aggregate-only","requires_direct_mapping_verification","textarea","True","has_renounced_citizenship === yes","ctl00_SiteContentPlaceHolder_FormView1_tbxChildCustody;ctl00_SiteContentPlaceHolder_FormView1_tbxVotingViolation;ctl00_SiteContentPlaceHolder_FormView1_tbxRenounceExp","runner_primary_selector_did_not_resolve_to_raw_control_id;unproven_mapping_label_fallback"
"ds160_preparer_assistance","Sign and Submit","exact","selector_and_dom_attributes_compared","radio","True",,"ctl00_SiteContentPlaceHolder_FormView3_rblPREP_IND_0;ctl00_SiteContentPlaceHolder_FormView3_rblPREP_IND_1",""
"ds160_preparer_surname","Sign and Submit","exact","selector_and_dom_attributes_compared","text","True","ds160_preparer_assistance === yes","ctl00_SiteContentPlaceHolder_FormView3_tbxPREP_SURNAME;ctl00_SiteContentPlaceHolder_FormView3_cbxPREP_NAME_NA",""
"ds160_preparer_given_names","Sign and Submit","exact","selector_and_dom_attributes_compared","text","True","ds160_preparer_assistance === yes","ctl00_SiteContentPlaceHolder_FormView3_tbxPREP_GIVEN_NAME;ctl00_SiteContentPlaceHolder_FormView3_cbxPREP_NAME_NA",""
"ds160_preparer_organization_name","Sign and Submit","exact","selector_and_dom_attributes_compared","text","True","ds160_preparer_assistance === yes","ctl00_SiteContentPlaceHolder_FormView3_tbxPREP_ORGANIZATION;ctl00_SiteContentPlaceHolder_FormView3_cbxPREP_ORG_NA",""
"ds160_preparer_street1","Sign and Submit","exact","selector_and_dom_attributes_compared","text","True","ds160_preparer_assistance === yes","ctl00_SiteContentPlaceHolder_FormView3_tbxPREP_ADDR_LN1",""
"ds160_preparer_street2","Sign and Submit","exact","selector_and_dom_attributes_compared","text","False","ds160_preparer_assistance === yes","ctl00_SiteContentPlaceHolder_FormView3_tbxPREP_ADDR_LN2",""
"ds160_preparer_city","Sign and Submit","exact","selector_and_dom_attributes_compared","text","True","ds160_preparer_assistance === yes","ctl00_SiteContentPlaceHolder_FormView3_tbxPREP_ADDR_CITY",""
"ds160_preparer_state_province","Sign and Submit","exact","selector_and_dom_attributes_compared","text","True","ds160_preparer_assistance === yes","ctl00_SiteContentPlaceHolder_FormView3_tbxPREP_ADDR_STATE;ctl00_SiteContentPlaceHolder_FormView3_cbxPREP_ADDR_STATE_NA",""
"ds160_preparer_postal_code","Sign and Submit","exact","selector_and_dom_attributes_compared","text","True","ds160_preparer_assistance === yes","ctl00_SiteContentPlaceHolder_FormView3_tbxPREP_ADDR_POSTAL_CD;ctl00_SiteContentPlaceHolder_FormView3_cbxPREP_ADDR_POSTAL_CD_NA",""
"ds160_preparer_country","Sign and Submit","exact","selector_and_dom_attributes_compared","select","True","ds160_preparer_assistance === yes","ctl00_SiteContentPlaceHolder_FormView3_ddlCountry",""
"ds160_preparer_relationship","Sign and Submit","exact","selector_and_dom_attributes_compared","text","True","ds160_preparer_assistance === yes","ctl00_SiteContentPlaceHolder_FormView3_tbxPREP_REL_TO_APP",""
